[0.114s] DEBUG:colcon:Command line arguments: ['/usr/bin/colcon', 'build', '--symlink-install']
[0.114s] DEBUG:colcon:Parsed command line arguments: Namespace(log_base=None, log_level=None, verb_name='build', build_base='build', install_base='install', merge_install=False, symlink_install=True, test_result_base=None, continue_on_error=False, executor='parallel', parallel_workers=8, event_handlers=None, ignore_user_meta=False, metas=['./colcon.meta'], base_paths=['.'], packages_ignore=None, packages_ignore_regex=None, paths=None, packages_up_to=None, packages_up_to_regex=None, packages_above=None, packages_above_and_dependencies=None, packages_above_depth=None, packages_select_by_dep=None, packages_skip_by_dep=None, packages_skip_up_to=None, packages_select_build_failed=False, packages_skip_build_finished=False, packages_select_test_failures=False, packages_skip_test_passed=False, packages_select=None, packages_skip=None, packages_select_regex=None, packages_skip_regex=None, packages_start=None, packages_end=None, allow_overriding=[], cmake_args=None, cmake_target=None, cmake_target_skip_unavailable=False, cmake_clean_cache=False, cmake_clean_first=False, cmake_force_configure=False, ament_cmake_args=None, catkin_cmake_args=None, catkin_skip_building_tests=False, mixin_files=None, mixin=None, verb_parser=<colcon_mixin.mixin.mixin_argument.MixinArgumentDecorator object at 0x7f4289d9e300>, verb_extension=<colcon_core.verb.build.BuildVerb object at 0x7f4289ebe750>, main=<bound method BuildVerb.main of <colcon_core.verb.build.BuildVerb object at 0x7f4289ebe750>>, mixin_verb=('build',))
[0.154s] Level 1:colcon.colcon_core.package_discovery:discover_packages(colcon_meta) check parameters
[0.154s] Level 1:colcon.colcon_core.package_discovery:discover_packages(recursive) check parameters
[0.154s] Level 1:colcon.colcon_core.package_discovery:discover_packages(ignore) check parameters
[0.154s] Level 1:colcon.colcon_core.package_discovery:discover_packages(path) check parameters
[0.154s] Level 1:colcon.colcon_core.package_discovery:discover_packages(colcon_meta) discover
[0.155s] Level 1:colcon.colcon_core.package_discovery:discover_packages(recursive) discover
[0.155s] INFO:colcon.colcon_core.package_discovery:Crawling recursively for packages in '/home/vincent-pc/ros2_jazzy'
[0.155s] Level 1:colcon.colcon_core.package_identification:_identify(.) by extensions ['ignore', 'ignore_ament_install']
[0.155s] Level 1:colcon.colcon_core.package_identification:_identify(.) by extension 'ignore'
[0.155s] Level 1:colcon.colcon_core.package_identification:_identify(.) by extension 'ignore_ament_install'
[0.155s] Level 1:colcon.colcon_core.package_identification:_identify(.) by extensions ['colcon_pkg']
[0.155s] Level 1:colcon.colcon_core.package_identification:_identify(.) by extension 'colcon_pkg'
[0.155s] Level 1:colcon.colcon_core.package_identification:_identify(.) by extensions ['colcon_meta']
[0.155s] Level 1:colcon.colcon_core.package_identification:_identify(.) by extension 'colcon_meta'
[0.155s] Level 1:colcon.colcon_core.package_identification:_identify(.) by extensions ['ros']
[0.155s] Level 1:colcon.colcon_core.package_identification:_identify(.) by extension 'ros'
[0.181s] Level 1:colcon.colcon_core.package_identification:_identify(.) by extensions ['cmake', 'python']
[0.182s] Level 1:colcon.colcon_core.package_identification:_identify(.) by extension 'cmake'
[0.182s] Level 1:colcon.colcon_core.package_identification:_identify(.) by extension 'python'
[0.182s] Level 1:colcon.colcon_core.package_identification:_identify(.) by extensions ['python_setup_py']
[0.182s] Level 1:colcon.colcon_core.package_identification:_identify(.) by extension 'python_setup_py'
[0.182s] Level 1:colcon.colcon_core.package_identification:_identify(build) by extensions ['ignore', 'ignore_ament_install']
[0.182s] Level 1:colcon.colcon_core.package_identification:_identify(build) by extension 'ignore'
[0.182s] Level 1:colcon.colcon_core.package_identification:_identify(build) ignored
[0.182s] Level 1:colcon.colcon_core.package_identification:_identify(install) by extensions ['ignore', 'ignore_ament_install']
[0.182s] Level 1:colcon.colcon_core.package_identification:_identify(install) by extension 'ignore'
[0.182s] Level 1:colcon.colcon_core.package_identification:_identify(install) ignored
[0.182s] Level 1:colcon.colcon_core.package_identification:_identify(log) by extensions ['ignore', 'ignore_ament_install']
[0.183s] Level 1:colcon.colcon_core.package_identification:_identify(log) by extension 'ignore'
[0.183s] Level 1:colcon.colcon_core.package_identification:_identify(log) ignored
[0.183s] Level 1:colcon.colcon_core.package_identification:_identify(py_controllers) by extensions ['ignore', 'ignore_ament_install']
[0.183s] Level 1:colcon.colcon_core.package_identification:_identify(py_controllers) by extension 'ignore'
[0.183s] Level 1:colcon.colcon_core.package_identification:_identify(py_controllers) by extension 'ignore_ament_install'
[0.183s] Level 1:colcon.colcon_core.package_identification:_identify(py_controllers) by extensions ['colcon_pkg']
[0.183s] Level 1:colcon.colcon_core.package_identification:_identify(py_controllers) by extension 'colcon_pkg'
[0.183s] Level 1:colcon.colcon_core.package_identification:_identify(py_controllers) by extensions ['colcon_meta']
[0.183s] Level 1:colcon.colcon_core.package_identification:_identify(py_controllers) by extension 'colcon_meta'
[0.183s] Level 1:colcon.colcon_core.package_identification:_identify(py_controllers) by extensions ['ros']
[0.183s] Level 1:colcon.colcon_core.package_identification:_identify(py_controllers) by extension 'ros'
[0.183s] Level 1:colcon.colcon_core.package_identification:_identify(py_controllers) by extensions ['cmake', 'python']
[0.183s] Level 1:colcon.colcon_core.package_identification:_identify(py_controllers) by extension 'cmake'
[0.183s] Level 1:colcon.colcon_core.package_identification:_identify(py_controllers) by extension 'python'
[0.183s] Level 1:colcon.colcon_core.package_identification:_identify(py_controllers) by extensions ['python_setup_py']
[0.183s] Level 1:colcon.colcon_core.package_identification:_identify(py_controllers) by extension 'python_setup_py'
[0.183s] Level 1:colcon.colcon_core.package_identification:_identify(shapes) by extensions ['ignore', 'ignore_ament_install']
[0.183s] Level 1:colcon.colcon_core.package_identification:_identify(shapes) by extension 'ignore'
[0.184s] Level 1:colcon.colcon_core.package_identification:_identify(shapes) by extension 'ignore_ament_install'
[0.184s] Level 1:colcon.colcon_core.package_identification:_identify(shapes) by extensions ['colcon_pkg']
[0.184s] Level 1:colcon.colcon_core.package_identification:_identify(shapes) by extension 'colcon_pkg'
[0.184s] Level 1:colcon.colcon_core.package_identification:_identify(shapes) by extensions ['colcon_meta']
[0.184s] Level 1:colcon.colcon_core.package_identification:_identify(shapes) by extension 'colcon_meta'
[0.184s] Level 1:colcon.colcon_core.package_identification:_identify(shapes) by extensions ['ros']
[0.184s] Level 1:colcon.colcon_core.package_identification:_identify(shapes) by extension 'ros'
[0.184s] Level 1:colcon.colcon_core.package_identification:_identify(shapes) by extensions ['cmake', 'python']
[0.184s] Level 1:colcon.colcon_core.package_identification:_identify(shapes) by extension 'cmake'
[0.184s] Level 1:colcon.colcon_core.package_identification:_identify(shapes) by extension 'python'
[0.184s] Level 1:colcon.colcon_core.package_identification:_identify(shapes) by extensions ['python_setup_py']
[0.184s] Level 1:colcon.colcon_core.package_identification:_identify(shapes) by extension 'python_setup_py'
[0.184s] Level 1:colcon.colcon_core.package_identification:_identify(shapes/meshes) by extensions ['ignore', 'ignore_ament_install']
[0.184s] Level 1:colcon.colcon_core.package_identification:_identify(shapes/meshes) by extension 'ignore'
[0.184s] Level 1:colcon.colcon_core.package_identification:_identify(shapes/meshes) by extension 'ignore_ament_install'
[0.184s] Level 1:colcon.colcon_core.package_identification:_identify(shapes/meshes) by extensions ['colcon_pkg']
[0.184s] Level 1:colcon.colcon_core.package_identification:_identify(shapes/meshes) by extension 'colcon_pkg'
[0.184s] Level 1:colcon.colcon_core.package_identification:_identify(shapes/meshes) by extensions ['colcon_meta']
[0.184s] Level 1:colcon.colcon_core.package_identification:_identify(shapes/meshes) by extension 'colcon_meta'
[0.184s] Level 1:colcon.colcon_core.package_identification:_identify(shapes/meshes) by extensions ['ros']
[0.184s] Level 1:colcon.colcon_core.package_identification:_identify(shapes/meshes) by extension 'ros'
[0.185s] Level 1:colcon.colcon_core.package_identification:_identify(shapes/meshes) by extensions ['cmake', 'python']
[0.185s] Level 1:colcon.colcon_core.package_identification:_identify(shapes/meshes) by extension 'cmake'
[0.185s] Level 1:colcon.colcon_core.package_identification:_identify(shapes/meshes) by extension 'python'
[0.185s] Level 1:colcon.colcon_core.package_identification:_identify(shapes/meshes) by extensions ['python_setup_py']
[0.185s] Level 1:colcon.colcon_core.package_identification:_identify(shapes/meshes) by extension 'python_setup_py'
[0.185s] Level 1:colcon.colcon_core.package_identification:_identify(src) by extensions ['ignore', 'ignore_ament_install']
[0.185s] Level 1:colcon.colcon_core.package_identification:_identify(src) by extension 'ignore'
[0.185s] Level 1:colcon.colcon_core.package_identification:_identify(src) by extension 'ignore_ament_install'
[0.185s] Level 1:colcon.colcon_core.package_identification:_identify(src) by extensions ['colcon_pkg']
[0.185s] Level 1:colcon.colcon_core.package_identification:_identify(src) by extension 'colcon_pkg'
[0.185s] Level 1:colcon.colcon_core.package_identification:_identify(src) by extensions ['colcon_meta']
[0.185s] Level 1:colcon.colcon_core.package_identification:_identify(src) by extension 'colcon_meta'
[0.185s] Level 1:colcon.colcon_core.package_identification:_identify(src) by extensions ['ros']
[0.185s] Level 1:colcon.colcon_core.package_identification:_identify(src) by extension 'ros'
[0.185s] Level 1:colcon.colcon_core.package_identification:_identify(src) by extensions ['cmake', 'python']
[0.185s] Level 1:colcon.colcon_core.package_identification:_identify(src) by extension 'cmake'
[0.185s] Level 1:colcon.colcon_core.package_identification:_identify(src) by extension 'python'
[0.185s] Level 1:colcon.colcon_core.package_identification:_identify(src) by extensions ['python_setup_py']
[0.185s] Level 1:colcon.colcon_core.package_identification:_identify(src) by extension 'python_setup_py'
[0.185s] Level 1:colcon.colcon_core.package_identification:_identify(src/actions_cpp) by extensions ['ignore', 'ignore_ament_install']
[0.185s] Level 1:colcon.colcon_core.package_identification:_identify(src/actions_cpp) by extension 'ignore'
[0.185s] Level 1:colcon.colcon_core.package_identification:_identify(src/actions_cpp) by extension 'ignore_ament_install'
[0.186s] Level 1:colcon.colcon_core.package_identification:_identify(src/actions_cpp) by extensions ['colcon_pkg']
[0.186s] Level 1:colcon.colcon_core.package_identification:_identify(src/actions_cpp) by extension 'colcon_pkg'
[0.186s] Level 1:colcon.colcon_core.package_identification:_identify(src/actions_cpp) by extensions ['colcon_meta']
[0.186s] Level 1:colcon.colcon_core.package_identification:_identify(src/actions_cpp) by extension 'colcon_meta'
[0.186s] Level 1:colcon.colcon_core.package_identification:_identify(src/actions_cpp) by extensions ['ros']
[0.186s] Level 1:colcon.colcon_core.package_identification:_identify(src/actions_cpp) by extension 'ros'
[0.189s] DEBUG:colcon.colcon_core.package_identification:Package 'src/actions_cpp' with type 'ros.ament_cmake' and name 'actions_cpp'
[0.189s] Level 1:colcon.colcon_core.package_identification:_identify(src/actions_py) by extensions ['ignore', 'ignore_ament_install']
[0.189s] Level 1:colcon.colcon_core.package_identification:_identify(src/actions_py) by extension 'ignore'
[0.189s] Level 1:colcon.colcon_core.package_identification:_identify(src/actions_py) by extension 'ignore_ament_install'
[0.189s] Level 1:colcon.colcon_core.package_identification:_identify(src/actions_py) by extensions ['colcon_pkg']
[0.189s] Level 1:colcon.colcon_core.package_identification:_identify(src/actions_py) by extension 'colcon_pkg'
[0.189s] Level 1:colcon.colcon_core.package_identification:_identify(src/actions_py) by extensions ['colcon_meta']
[0.189s] Level 1:colcon.colcon_core.package_identification:_identify(src/actions_py) by extension 'colcon_meta'
[0.189s] Level 1:colcon.colcon_core.package_identification:_identify(src/actions_py) by extensions ['ros']
[0.189s] Level 1:colcon.colcon_core.package_identification:_identify(src/actions_py) by extension 'ros'
[0.190s] DEBUG:colcon.colcon_core.package_identification:Package 'src/actions_py' with type 'ros.ament_python' and name 'actions_py'
[0.191s] Level 1:colcon.colcon_core.package_identification:_identify(src/build) by extensions ['ignore', 'ignore_ament_install']
[0.191s] Level 1:colcon.colcon_core.package_identification:_identify(src/build) by extension 'ignore'
[0.191s] Level 1:colcon.colcon_core.package_identification:_identify(src/build) ignored
[0.191s] Level 1:colcon.colcon_core.package_identification:_identify(src/executors_cpp) by extensions ['ignore', 'ignore_ament_install']
[0.191s] Level 1:colcon.colcon_core.package_identification:_identify(src/executors_cpp) by extension 'ignore'
[0.191s] Level 1:colcon.colcon_core.package_identification:_identify(src/executors_cpp) by extension 'ignore_ament_install'
[0.191s] Level 1:colcon.colcon_core.package_identification:_identify(src/executors_cpp) by extensions ['colcon_pkg']
[0.191s] Level 1:colcon.colcon_core.package_identification:_identify(src/executors_cpp) by extension 'colcon_pkg'
[0.192s] Level 1:colcon.colcon_core.package_identification:_identify(src/executors_cpp) by extensions ['colcon_meta']
[0.192s] Level 1:colcon.colcon_core.package_identification:_identify(src/executors_cpp) by extension 'colcon_meta'
[0.192s] Level 1:colcon.colcon_core.package_identification:_identify(src/executors_cpp) by extensions ['ros']
[0.192s] Level 1:colcon.colcon_core.package_identification:_identify(src/executors_cpp) by extension 'ros'
[0.193s] DEBUG:colcon.colcon_core.package_identification:Package 'src/executors_cpp' with type 'ros.ament_cmake' and name 'executors_cpp'
[0.193s] Level 1:colcon.colcon_core.package_identification:_identify(src/executors_py) by extensions ['ignore', 'ignore_ament_install']
[0.193s] Level 1:colcon.colcon_core.package_identification:_identify(src/executors_py) by extension 'ignore'
[0.193s] Level 1:colcon.colcon_core.package_identification:_identify(src/executors_py) by extension 'ignore_ament_install'
[0.193s] Level 1:colcon.colcon_core.package_identification:_identify(src/executors_py) by extensions ['colcon_pkg']
[0.193s] Level 1:colcon.colcon_core.package_identification:_identify(src/executors_py) by extension 'colcon_pkg'
[0.193s] Level 1:colcon.colcon_core.package_identification:_identify(src/executors_py) by extensions ['colcon_meta']
[0.193s] Level 1:colcon.colcon_core.package_identification:_identify(src/executors_py) by extension 'colcon_meta'
[0.193s] Level 1:colcon.colcon_core.package_identification:_identify(src/executors_py) by extensions ['ros']
[0.193s] Level 1:colcon.colcon_core.package_identification:_identify(src/executors_py) by extension 'ros'
[0.194s] DEBUG:colcon.colcon_core.package_identification:Package 'src/executors_py' with type 'ros.ament_python' and name 'executors_py'
[0.194s] Level 1:colcon.colcon_core.package_identification:_identify(src/install) by extensions ['ignore', 'ignore_ament_install']
[0.194s] Level 1:colcon.colcon_core.package_identification:_identify(src/install) by extension 'ignore'
[0.194s] Level 1:colcon.colcon_core.package_identification:_identify(src/install) ignored
[0.195s] Level 1:colcon.colcon_core.package_identification:_identify(src/lifecycle_cpp) by extensions ['ignore', 'ignore_ament_install']
[0.195s] Level 1:colcon.colcon_core.package_identification:_identify(src/lifecycle_cpp) by extension 'ignore'
[0.195s] Level 1:colcon.colcon_core.package_identification:_identify(src/lifecycle_cpp) by extension 'ignore_ament_install'
[0.195s] Level 1:colcon.colcon_core.package_identification:_identify(src/lifecycle_cpp) by extensions ['colcon_pkg']
[0.195s] Level 1:colcon.colcon_core.package_identification:_identify(src/lifecycle_cpp) by extension 'colcon_pkg'
[0.195s] Level 1:colcon.colcon_core.package_identification:_identify(src/lifecycle_cpp) by extensions ['colcon_meta']
[0.195s] Level 1:colcon.colcon_core.package_identification:_identify(src/lifecycle_cpp) by extension 'colcon_meta'
[0.195s] Level 1:colcon.colcon_core.package_identification:_identify(src/lifecycle_cpp) by extensions ['ros']
[0.195s] Level 1:colcon.colcon_core.package_identification:_identify(src/lifecycle_cpp) by extension 'ros'
[0.195s] DEBUG:colcon.colcon_core.package_identification:Package 'src/lifecycle_cpp' with type 'ros.ament_cmake' and name 'lifecycle_cpp'
[0.196s] Level 1:colcon.colcon_core.package_identification:_identify(src/lifecycle_py) by extensions ['ignore', 'ignore_ament_install']
[0.196s] Level 1:colcon.colcon_core.package_identification:_identify(src/lifecycle_py) by extension 'ignore'
[0.196s] Level 1:colcon.colcon_core.package_identification:_identify(src/lifecycle_py) by extension 'ignore_ament_install'
[0.196s] Level 1:colcon.colcon_core.package_identification:_identify(src/lifecycle_py) by extensions ['colcon_pkg']
[0.196s] Level 1:colcon.colcon_core.package_identification:_identify(src/lifecycle_py) by extension 'colcon_pkg'
[0.196s] Level 1:colcon.colcon_core.package_identification:_identify(src/lifecycle_py) by extensions ['colcon_meta']
[0.196s] Level 1:colcon.colcon_core.package_identification:_identify(src/lifecycle_py) by extension 'colcon_meta'
[0.196s] Level 1:colcon.colcon_core.package_identification:_identify(src/lifecycle_py) by extensions ['ros']
[0.196s] Level 1:colcon.colcon_core.package_identification:_identify(src/lifecycle_py) by extension 'ros'
[0.196s] DEBUG:colcon.colcon_core.package_identification:Package 'src/lifecycle_py' with type 'ros.ament_python' and name 'lifecycle_py'
[0.197s] Level 1:colcon.colcon_core.package_identification:_identify(src/log) by extensions ['ignore', 'ignore_ament_install']
[0.197s] Level 1:colcon.colcon_core.package_identification:_identify(src/log) by extension 'ignore'
[0.197s] Level 1:colcon.colcon_core.package_identification:_identify(src/log) ignored
[0.197s] Level 1:colcon.colcon_core.package_identification:_identify(src/my_robot_bringup) by extensions ['ignore', 'ignore_ament_install']
[0.197s] Level 1:colcon.colcon_core.package_identification:_identify(src/my_robot_bringup) by extension 'ignore'
[0.197s] Level 1:colcon.colcon_core.package_identification:_identify(src/my_robot_bringup) by extension 'ignore_ament_install'
[0.197s] Level 1:colcon.colcon_core.package_identification:_identify(src/my_robot_bringup) by extensions ['colcon_pkg']
[0.197s] Level 1:colcon.colcon_core.package_identification:_identify(src/my_robot_bringup) by extension 'colcon_pkg'
[0.197s] Level 1:colcon.colcon_core.package_identification:_identify(src/my_robot_bringup) by extensions ['colcon_meta']
[0.197s] Level 1:colcon.colcon_core.package_identification:_identify(src/my_robot_bringup) by extension 'colcon_meta'
[0.197s] Level 1:colcon.colcon_core.package_identification:_identify(src/my_robot_bringup) by extensions ['ros']
[0.197s] Level 1:colcon.colcon_core.package_identification:_identify(src/my_robot_bringup) by extension 'ros'
[0.197s] DEBUG:colcon.colcon_core.package_identification:Package 'src/my_robot_bringup' with type 'ros.ament_cmake' and name 'my_robot_bringup'
[0.198s] Level 1:colcon.colcon_core.package_identification:_identify(src/my_robot_cpp) by extensions ['ignore', 'ignore_ament_install']
[0.198s] Level 1:colcon.colcon_core.package_identification:_identify(src/my_robot_cpp) by extension 'ignore'
[0.198s] Level 1:colcon.colcon_core.package_identification:_identify(src/my_robot_cpp) by extension 'ignore_ament_install'
[0.198s] Level 1:colcon.colcon_core.package_identification:_identify(src/my_robot_cpp) by extensions ['colcon_pkg']
[0.198s] Level 1:colcon.colcon_core.package_identification:_identify(src/my_robot_cpp) by extension 'colcon_pkg'
[0.198s] Level 1:colcon.colcon_core.package_identification:_identify(src/my_robot_cpp) by extensions ['colcon_meta']
[0.198s] Level 1:colcon.colcon_core.package_identification:_identify(src/my_robot_cpp) by extension 'colcon_meta'
[0.198s] Level 1:colcon.colcon_core.package_identification:_identify(src/my_robot_cpp) by extensions ['ros']
[0.198s] Level 1:colcon.colcon_core.package_identification:_identify(src/my_robot_cpp) by extension 'ros'
[0.198s] DEBUG:colcon.colcon_core.package_identification:Package 'src/my_robot_cpp' with type 'ros.ament_cmake' and name 'my_robot_cpp'
[0.198s] Level 1:colcon.colcon_core.package_identification:_identify(src/my_robot_description) by extensions ['ignore', 'ignore_ament_install']
[0.199s] Level 1:colcon.colcon_core.package_identification:_identify(src/my_robot_description) by extension 'ignore'
[0.199s] Level 1:colcon.colcon_core.package_identification:_identify(src/my_robot_description) by extension 'ignore_ament_install'
[0.199s] Level 1:colcon.colcon_core.package_identification:_identify(src/my_robot_description) by extensions ['colcon_pkg']
[0.199s] Level 1:colcon.colcon_core.package_identification:_identify(src/my_robot_description) by extension 'colcon_pkg'
[0.199s] Level 1:colcon.colcon_core.package_identification:_identify(src/my_robot_description) by extensions ['colcon_meta']
[0.199s] Level 1:colcon.colcon_core.package_identification:_identify(src/my_robot_description) by extension 'colcon_meta'
[0.199s] Level 1:colcon.colcon_core.package_identification:_identify(src/my_robot_description) by extensions ['ros']
[0.199s] Level 1:colcon.colcon_core.package_identification:_identify(src/my_robot_description) by extension 'ros'
[0.199s] DEBUG:colcon.colcon_core.package_identification:Package 'src/my_robot_description' with type 'ros.ament_cmake' and name 'my_robot_description'
[0.199s] Level 1:colcon.colcon_core.package_identification:_identify(src/my_robot_interfaces) by extensions ['ignore', 'ignore_ament_install']
[0.199s] Level 1:colcon.colcon_core.package_identification:_identify(src/my_robot_interfaces) by extension 'ignore'
[0.199s] Level 1:colcon.colcon_core.package_identification:_identify(src/my_robot_interfaces) by extension 'ignore_ament_install'
[0.199s] Level 1:colcon.colcon_core.package_identification:_identify(src/my_robot_interfaces) by extensions ['colcon_pkg']
[0.200s] Level 1:colcon.colcon_core.package_identification:_identify(src/my_robot_interfaces) by extension 'colcon_pkg'
[0.200s] Level 1:colcon.colcon_core.package_identification:_identify(src/my_robot_interfaces) by extensions ['colcon_meta']
[0.200s] Level 1:colcon.colcon_core.package_identification:_identify(src/my_robot_interfaces) by extension 'colcon_meta'
[0.200s] Level 1:colcon.colcon_core.package_identification:_identify(src/my_robot_interfaces) by extensions ['ros']
[0.200s] Level 1:colcon.colcon_core.package_identification:_identify(src/my_robot_interfaces) by extension 'ros'
[0.200s] DEBUG:colcon.colcon_core.package_identification:Package 'src/my_robot_interfaces' with type 'ros.ament_cmake' and name 'my_robot_interfaces'
[0.200s] Level 1:colcon.colcon_core.package_identification:_identify(src/my_robot_python) by extensions ['ignore', 'ignore_ament_install']
[0.200s] Level 1:colcon.colcon_core.package_identification:_identify(src/my_robot_python) by extension 'ignore'
[0.200s] Level 1:colcon.colcon_core.package_identification:_identify(src/my_robot_python) by extension 'ignore_ament_install'
[0.201s] Level 1:colcon.colcon_core.package_identification:_identify(src/my_robot_python) by extensions ['colcon_pkg']
[0.201s] Level 1:colcon.colcon_core.package_identification:_identify(src/my_robot_python) by extension 'colcon_pkg'
[0.201s] Level 1:colcon.colcon_core.package_identification:_identify(src/my_robot_python) by extensions ['colcon_meta']
[0.201s] Level 1:colcon.colcon_core.package_identification:_identify(src/my_robot_python) by extension 'colcon_meta'
[0.201s] Level 1:colcon.colcon_core.package_identification:_identify(src/my_robot_python) by extensions ['ros']
[0.201s] Level 1:colcon.colcon_core.package_identification:_identify(src/my_robot_python) by extension 'ros'
[0.201s] DEBUG:colcon.colcon_core.package_identification:Package 'src/my_robot_python' with type 'ros.ament_python' and name 'my_robot_python'
[0.201s] Level 1:colcon.colcon_core.package_identification:_identify(src/robot_cpp) by extensions ['ignore', 'ignore_ament_install']
[0.201s] Level 1:colcon.colcon_core.package_identification:_identify(src/robot_cpp) by extension 'ignore'
[0.201s] Level 1:colcon.colcon_core.package_identification:_identify(src/robot_cpp) by extension 'ignore_ament_install'
[0.201s] Level 1:colcon.colcon_core.package_identification:_identify(src/robot_cpp) by extensions ['colcon_pkg']
[0.201s] Level 1:colcon.colcon_core.package_identification:_identify(src/robot_cpp) by extension 'colcon_pkg'
[0.202s] Level 1:colcon.colcon_core.package_identification:_identify(src/robot_cpp) by extensions ['colcon_meta']
[0.202s] Level 1:colcon.colcon_core.package_identification:_identify(src/robot_cpp) by extension 'colcon_meta'
[0.202s] Level 1:colcon.colcon_core.package_identification:_identify(src/robot_cpp) by extensions ['ros']
[0.202s] Level 1:colcon.colcon_core.package_identification:_identify(src/robot_cpp) by extension 'ros'
[0.202s] DEBUG:colcon.colcon_core.package_identification:Package 'src/robot_cpp' with type 'ros.ament_cmake' and name 'robot_cpp'
[0.202s] Level 1:colcon.colcon_core.package_identification:_identify(src/robot_py) by extensions ['ignore', 'ignore_ament_install']
[0.202s] Level 1:colcon.colcon_core.package_identification:_identify(src/robot_py) by extension 'ignore'
[0.202s] Level 1:colcon.colcon_core.package_identification:_identify(src/robot_py) by extension 'ignore_ament_install'
[0.202s] Level 1:colcon.colcon_core.package_identification:_identify(src/robot_py) by extensions ['colcon_pkg']
[0.203s] Level 1:colcon.colcon_core.package_identification:_identify(src/robot_py) by extension 'colcon_pkg'
[0.203s] Level 1:colcon.colcon_core.package_identification:_identify(src/robot_py) by extensions ['colcon_meta']
[0.203s] Level 1:colcon.colcon_core.package_identification:_identify(src/robot_py) by extension 'colcon_meta'
[0.203s] Level 1:colcon.colcon_core.package_identification:_identify(src/robot_py) by extensions ['ros']
[0.203s] Level 1:colcon.colcon_core.package_identification:_identify(src/robot_py) by extension 'ros'
[0.204s] DEBUG:colcon.colcon_core.package_identification:Package 'src/robot_py' with type 'ros.ament_python' and name 'robot_py'
[0.204s] Level 1:colcon.colcon_core.package_discovery:discover_packages(recursive) using defaults
[0.204s] Level 1:colcon.colcon_core.package_discovery:discover_packages(ignore) discover
[0.204s] Level 1:colcon.colcon_core.package_discovery:discover_packages(ignore) using defaults
[0.204s] Level 1:colcon.colcon_core.package_discovery:discover_packages(path) discover
[0.204s] Level 1:colcon.colcon_core.package_discovery:discover_packages(path) using defaults
[0.227s] Level 1:colcon.colcon_core.package_discovery:discover_packages(prefix_path) check parameters
[0.227s] Level 1:colcon.colcon_core.package_discovery:discover_packages(prefix_path) discover
[0.229s] DEBUG:colcon.colcon_installed_package_information.package_discovery:Found 13 installed packages in /home/vincent-pc/ros2_jazzy/install
[0.231s] DEBUG:colcon.colcon_installed_package_information.package_discovery:Found 317 installed packages in /opt/ros/jazzy
[0.231s] Level 1:colcon.colcon_core.package_discovery:discover_packages(prefix_path) using defaults
[0.276s] Level 5:colcon.colcon_core.verb:set package 'my_robot_description' build argument 'cmake_args' from command line to 'None'
[0.277s] Level 5:colcon.colcon_core.verb:set package 'my_robot_description' build argument 'cmake_target' from command line to 'None'
[0.277s] Level 5:colcon.colcon_core.verb:set package 'my_robot_description' build argument 'cmake_target_skip_unavailable' from command line to 'False'
[0.277s] Level 5:colcon.colcon_core.verb:set package 'my_robot_description' build argument 'cmake_clean_cache' from command line to 'False'
[0.277s] Level 5:colcon.colcon_core.verb:set package 'my_robot_description' build argument 'cmake_clean_first' from command line to 'False'
[0.277s] Level 5:colcon.colcon_core.verb:set package 'my_robot_description' build argument 'cmake_force_configure' from command line to 'False'
[0.277s] Level 5:colcon.colcon_core.verb:set package 'my_robot_description' build argument 'ament_cmake_args' from command line to 'None'
[0.277s] Level 5:colcon.colcon_core.verb:set package 'my_robot_description' build argument 'catkin_cmake_args' from command line to 'None'
[0.277s] Level 5:colcon.colcon_core.verb:set package 'my_robot_description' build argument 'catkin_skip_building_tests' from command line to 'False'
[0.277s] DEBUG:colcon.colcon_core.verb:Building package 'my_robot_description' with the following arguments: {'ament_cmake_args': None, 'build_base': '/home/vincent-pc/ros2_jazzy/build/my_robot_description', 'catkin_cmake_args': None, 'catkin_skip_building_tests': False, 'cmake_args': None, 'cmake_clean_cache': False, 'cmake_clean_first': False, 'cmake_force_configure': False, 'cmake_target': None, 'cmake_target_skip_unavailable': False, 'install_base': '/home/vincent-pc/ros2_jazzy/install/my_robot_description', 'merge_install': False, 'path': '/home/vincent-pc/ros2_jazzy/src/my_robot_description', 'symlink_install': True, 'test_result_base': None}
[0.277s] Level 5:colcon.colcon_core.verb:set package 'my_robot_interfaces' build argument 'cmake_args' from command line to 'None'
[0.277s] Level 5:colcon.colcon_core.verb:set package 'my_robot_interfaces' build argument 'cmake_target' from command line to 'None'
[0.277s] Level 5:colcon.colcon_core.verb:set package 'my_robot_interfaces' build argument 'cmake_target_skip_unavailable' from command line to 'False'
[0.277s] Level 5:colcon.colcon_core.verb:set package 'my_robot_interfaces' build argument 'cmake_clean_cache' from command line to 'False'
[0.277s] Level 5:colcon.colcon_core.verb:set package 'my_robot_interfaces' build argument 'cmake_clean_first' from command line to 'False'
[0.277s] Level 5:colcon.colcon_core.verb:set package 'my_robot_interfaces' build argument 'cmake_force_configure' from command line to 'False'
[0.277s] Level 5:colcon.colcon_core.verb:set package 'my_robot_interfaces' build argument 'ament_cmake_args' from command line to 'None'
[0.277s] Level 5:colcon.colcon_core.verb:set package 'my_robot_interfaces' build argument 'catkin_cmake_args' from command line to 'None'
[0.277s] Level 5:colcon.colcon_core.verb:set package 'my_robot_interfaces' build argument 'catkin_skip_building_tests' from command line to 'False'
[0.277s] DEBUG:colcon.colcon_core.verb:Building package 'my_robot_interfaces' with the following arguments: {'ament_cmake_args': None, 'build_base': '/home/vincent-pc/ros2_jazzy/build/my_robot_interfaces', 'catkin_cmake_args': None, 'catkin_skip_building_tests': False, 'cmake_args': None, 'cmake_clean_cache': False, 'cmake_clean_first': False, 'cmake_force_configure': False, 'cmake_target': None, 'cmake_target_skip_unavailable': False, 'install_base': '/home/vincent-pc/ros2_jazzy/install/my_robot_interfaces', 'merge_install': False, 'path': '/home/vincent-pc/ros2_jazzy/src/my_robot_interfaces', 'symlink_install': True, 'test_result_base': None}
[0.278s] Level 5:colcon.colcon_core.verb:set package 'my_robot_python' build argument 'cmake_args' from command line to 'None'
[0.278s] Level 5:colcon.colcon_core.verb:set package 'my_robot_python' build argument 'cmake_target' from command line to 'None'
[0.278s] Level 5:colcon.colcon_core.verb:set package 'my_robot_python' build argument 'cmake_target_skip_unavailable' from command line to 'False'
[0.278s] Level 5:colcon.colcon_core.verb:set package 'my_robot_python' build argument 'cmake_clean_cache' from command line to 'False'
[0.278s] Level 5:colcon.colcon_core.verb:set package 'my_robot_python' build argument 'cmake_clean_first' from command line to 'False'
[0.278s] Level 5:colcon.colcon_core.verb:set package 'my_robot_python' build argument 'cmake_force_configure' from command line to 'False'
[0.278s] Level 5:colcon.colcon_core.verb:set package 'my_robot_python' build argument 'ament_cmake_args' from command line to 'None'
[0.278s] Level 5:colcon.colcon_core.verb:set package 'my_robot_python' build argument 'catkin_cmake_args' from command line to 'None'
[0.278s] Level 5:colcon.colcon_core.verb:set package 'my_robot_python' build argument 'catkin_skip_building_tests' from command line to 'False'
[0.278s] DEBUG:colcon.colcon_core.verb:Building package 'my_robot_python' with the following arguments: {'ament_cmake_args': None, 'build_base': '/home/vincent-pc/ros2_jazzy/build/my_robot_python', 'catkin_cmake_args': None, 'catkin_skip_building_tests': False, 'cmake_args': None, 'cmake_clean_cache': False, 'cmake_clean_first': False, 'cmake_force_configure': False, 'cmake_target': None, 'cmake_target_skip_unavailable': False, 'install_base': '/home/vincent-pc/ros2_jazzy/install/my_robot_python', 'merge_install': False, 'path': '/home/vincent-pc/ros2_jazzy/src/my_robot_python', 'symlink_install': True, 'test_result_base': None}
[0.278s] Level 5:colcon.colcon_core.verb:set package 'robot_py' build argument 'cmake_args' from command line to 'None'
[0.278s] Level 5:colcon.colcon_core.verb:set package 'robot_py' build argument 'cmake_target' from command line to 'None'
[0.278s] Level 5:colcon.colcon_core.verb:set package 'robot_py' build argument 'cmake_target_skip_unavailable' from command line to 'False'
[0.278s] Level 5:colcon.colcon_core.verb:set package 'robot_py' build argument 'cmake_clean_cache' from command line to 'False'
[0.278s] Level 5:colcon.colcon_core.verb:set package 'robot_py' build argument 'cmake_clean_first' from command line to 'False'
[0.278s] Level 5:colcon.colcon_core.verb:set package 'robot_py' build argument 'cmake_force_configure' from command line to 'False'
[0.278s] Level 5:colcon.colcon_core.verb:set package 'robot_py' build argument 'ament_cmake_args' from command line to 'None'
[0.278s] Level 5:colcon.colcon_core.verb:set package 'robot_py' build argument 'catkin_cmake_args' from command line to 'None'
[0.278s] Level 5:colcon.colcon_core.verb:set package 'robot_py' build argument 'catkin_skip_building_tests' from command line to 'False'
[0.278s] DEBUG:colcon.colcon_core.verb:Building package 'robot_py' with the following arguments: {'ament_cmake_args': None, 'build_base': '/home/vincent-pc/ros2_jazzy/build/robot_py', 'catkin_cmake_args': None, 'catkin_skip_building_tests': False, 'cmake_args': None, 'cmake_clean_cache': False, 'cmake_clean_first': False, 'cmake_force_configure': False, 'cmake_target': None, 'cmake_target_skip_unavailable': False, 'install_base': '/home/vincent-pc/ros2_jazzy/install/robot_py', 'merge_install': False, 'path': '/home/vincent-pc/ros2_jazzy/src/robot_py', 'symlink_install': True, 'test_result_base': None}
[0.279s] Level 5:colcon.colcon_core.verb:set package 'actions_cpp' build argument 'cmake_args' from command line to 'None'
[0.279s] Level 5:colcon.colcon_core.verb:set package 'actions_cpp' build argument 'cmake_target' from command line to 'None'
[0.279s] Level 5:colcon.colcon_core.verb:set package 'actions_cpp' build argument 'cmake_target_skip_unavailable' from command line to 'False'
[0.279s] Level 5:colcon.colcon_core.verb:set package 'actions_cpp' build argument 'cmake_clean_cache' from command line to 'False'
[0.279s] Level 5:colcon.colcon_core.verb:set package 'actions_cpp' build argument 'cmake_clean_first' from command line to 'False'
[0.279s] Level 5:colcon.colcon_core.verb:set package 'actions_cpp' build argument 'cmake_force_configure' from command line to 'False'
[0.279s] Level 5:colcon.colcon_core.verb:set package 'actions_cpp' build argument 'ament_cmake_args' from command line to 'None'
[0.279s] Level 5:colcon.colcon_core.verb:set package 'actions_cpp' build argument 'catkin_cmake_args' from command line to 'None'
[0.279s] Level 5:colcon.colcon_core.verb:set package 'actions_cpp' build argument 'catkin_skip_building_tests' from command line to 'False'
[0.279s] DEBUG:colcon.colcon_core.verb:Building package 'actions_cpp' with the following arguments: {'ament_cmake_args': None, 'build_base': '/home/vincent-pc/ros2_jazzy/build/actions_cpp', 'catkin_cmake_args': None, 'catkin_skip_building_tests': False, 'cmake_args': None, 'cmake_clean_cache': False, 'cmake_clean_first': False, 'cmake_force_configure': False, 'cmake_target': None, 'cmake_target_skip_unavailable': False, 'install_base': '/home/vincent-pc/ros2_jazzy/install/actions_cpp', 'merge_install': False, 'path': '/home/vincent-pc/ros2_jazzy/src/actions_cpp', 'symlink_install': True, 'test_result_base': None}
[0.279s] Level 5:colcon.colcon_core.verb:set package 'actions_py' build argument 'cmake_args' from command line to 'None'
[0.279s] Level 5:colcon.colcon_core.verb:set package 'actions_py' build argument 'cmake_target' from command line to 'None'
[0.279s] Level 5:colcon.colcon_core.verb:set package 'actions_py' build argument 'cmake_target_skip_unavailable' from command line to 'False'
[0.279s] Level 5:colcon.colcon_core.verb:set package 'actions_py' build argument 'cmake_clean_cache' from command line to 'False'
[0.279s] Level 5:colcon.colcon_core.verb:set package 'actions_py' build argument 'cmake_clean_first' from command line to 'False'
[0.279s] Level 5:colcon.colcon_core.verb:set package 'actions_py' build argument 'cmake_force_configure' from command line to 'False'
[0.279s] Level 5:colcon.colcon_core.verb:set package 'actions_py' build argument 'ament_cmake_args' from command line to 'None'
[0.279s] Level 5:colcon.colcon_core.verb:set package 'actions_py' build argument 'catkin_cmake_args' from command line to 'None'
[0.279s] Level 5:colcon.colcon_core.verb:set package 'actions_py' build argument 'catkin_skip_building_tests' from command line to 'False'
[0.279s] DEBUG:colcon.colcon_core.verb:Building package 'actions_py' with the following arguments: {'ament_cmake_args': None, 'build_base': '/home/vincent-pc/ros2_jazzy/build/actions_py', 'catkin_cmake_args': None, 'catkin_skip_building_tests': False, 'cmake_args': None, 'cmake_clean_cache': False, 'cmake_clean_first': False, 'cmake_force_configure': False, 'cmake_target': None, 'cmake_target_skip_unavailable': False, 'install_base': '/home/vincent-pc/ros2_jazzy/install/actions_py', 'merge_install': False, 'path': '/home/vincent-pc/ros2_jazzy/src/actions_py', 'symlink_install': True, 'test_result_base': None}
[0.279s] Level 5:colcon.colcon_core.verb:set package 'executors_cpp' build argument 'cmake_args' from command line to 'None'
[0.279s] Level 5:colcon.colcon_core.verb:set package 'executors_cpp' build argument 'cmake_target' from command line to 'None'
[0.279s] Level 5:colcon.colcon_core.verb:set package 'executors_cpp' build argument 'cmake_target_skip_unavailable' from command line to 'False'
[0.279s] Level 5:colcon.colcon_core.verb:set package 'executors_cpp' build argument 'cmake_clean_cache' from command line to 'False'
[0.279s] Level 5:colcon.colcon_core.verb:set package 'executors_cpp' build argument 'cmake_clean_first' from command line to 'False'
[0.279s] Level 5:colcon.colcon_core.verb:set package 'executors_cpp' build argument 'cmake_force_configure' from command line to 'False'
[0.279s] Level 5:colcon.colcon_core.verb:set package 'executors_cpp' build argument 'ament_cmake_args' from command line to 'None'
[0.280s] Level 5:colcon.colcon_core.verb:set package 'executors_cpp' build argument 'catkin_cmake_args' from command line to 'None'
[0.280s] Level 5:colcon.colcon_core.verb:set package 'executors_cpp' build argument 'catkin_skip_building_tests' from command line to 'False'
[0.280s] DEBUG:colcon.colcon_core.verb:Building package 'executors_cpp' with the following arguments: {'ament_cmake_args': None, 'build_base': '/home/vincent-pc/ros2_jazzy/build/executors_cpp', 'catkin_cmake_args': None, 'catkin_skip_building_tests': False, 'cmake_args': None, 'cmake_clean_cache': False, 'cmake_clean_first': False, 'cmake_force_configure': False, 'cmake_target': None, 'cmake_target_skip_unavailable': False, 'install_base': '/home/vincent-pc/ros2_jazzy/install/executors_cpp', 'merge_install': False, 'path': '/home/vincent-pc/ros2_jazzy/src/executors_cpp', 'symlink_install': True, 'test_result_base': None}
[0.280s] Level 5:colcon.colcon_core.verb:set package 'executors_py' build argument 'cmake_args' from command line to 'None'
[0.280s] Level 5:colcon.colcon_core.verb:set package 'executors_py' build argument 'cmake_target' from command line to 'None'
[0.280s] Level 5:colcon.colcon_core.verb:set package 'executors_py' build argument 'cmake_target_skip_unavailable' from command line to 'False'
[0.280s] Level 5:colcon.colcon_core.verb:set package 'executors_py' build argument 'cmake_clean_cache' from command line to 'False'
[0.280s] Level 5:colcon.colcon_core.verb:set package 'executors_py' build argument 'cmake_clean_first' from command line to 'False'
[0.280s] Level 5:colcon.colcon_core.verb:set package 'executors_py' build argument 'cmake_force_configure' from command line to 'False'
[0.280s] Level 5:colcon.colcon_core.verb:set package 'executors_py' build argument 'ament_cmake_args' from command line to 'None'
[0.280s] Level 5:colcon.colcon_core.verb:set package 'executors_py' build argument 'catkin_cmake_args' from command line to 'None'
[0.280s] Level 5:colcon.colcon_core.verb:set package 'executors_py' build argument 'catkin_skip_building_tests' from command line to 'False'
[0.280s] DEBUG:colcon.colcon_core.verb:Building package 'executors_py' with the following arguments: {'ament_cmake_args': None, 'build_base': '/home/vincent-pc/ros2_jazzy/build/executors_py', 'catkin_cmake_args': None, 'catkin_skip_building_tests': False, 'cmake_args': None, 'cmake_clean_cache': False, 'cmake_clean_first': False, 'cmake_force_configure': False, 'cmake_target': None, 'cmake_target_skip_unavailable': False, 'install_base': '/home/vincent-pc/ros2_jazzy/install/executors_py', 'merge_install': False, 'path': '/home/vincent-pc/ros2_jazzy/src/executors_py', 'symlink_install': True, 'test_result_base': None}
[0.280s] Level 5:colcon.colcon_core.verb:set package 'lifecycle_cpp' build argument 'cmake_args' from command line to 'None'
[0.280s] Level 5:colcon.colcon_core.verb:set package 'lifecycle_cpp' build argument 'cmake_target' from command line to 'None'
[0.280s] Level 5:colcon.colcon_core.verb:set package 'lifecycle_cpp' build argument 'cmake_target_skip_unavailable' from command line to 'False'
[0.280s] Level 5:colcon.colcon_core.verb:set package 'lifecycle_cpp' build argument 'cmake_clean_cache' from command line to 'False'
[0.280s] Level 5:colcon.colcon_core.verb:set package 'lifecycle_cpp' build argument 'cmake_clean_first' from command line to 'False'
[0.280s] Level 5:colcon.colcon_core.verb:set package 'lifecycle_cpp' build argument 'cmake_force_configure' from command line to 'False'
[0.280s] Level 5:colcon.colcon_core.verb:set package 'lifecycle_cpp' build argument 'ament_cmake_args' from command line to 'None'
[0.280s] Level 5:colcon.colcon_core.verb:set package 'lifecycle_cpp' build argument 'catkin_cmake_args' from command line to 'None'
[0.280s] Level 5:colcon.colcon_core.verb:set package 'lifecycle_cpp' build argument 'catkin_skip_building_tests' from command line to 'False'
[0.280s] DEBUG:colcon.colcon_core.verb:Building package 'lifecycle_cpp' with the following arguments: {'ament_cmake_args': None, 'build_base': '/home/vincent-pc/ros2_jazzy/build/lifecycle_cpp', 'catkin_cmake_args': None, 'catkin_skip_building_tests': False, 'cmake_args': None, 'cmake_clean_cache': False, 'cmake_clean_first': False, 'cmake_force_configure': False, 'cmake_target': None, 'cmake_target_skip_unavailable': False, 'install_base': '/home/vincent-pc/ros2_jazzy/install/lifecycle_cpp', 'merge_install': False, 'path': '/home/vincent-pc/ros2_jazzy/src/lifecycle_cpp', 'symlink_install': True, 'test_result_base': None}
[0.280s] Level 5:colcon.colcon_core.verb:set package 'lifecycle_py' build argument 'cmake_args' from command line to 'None'
[0.281s] Level 5:colcon.colcon_core.verb:set package 'lifecycle_py' build argument 'cmake_target' from command line to 'None'
[0.281s] Level 5:colcon.colcon_core.verb:set package 'lifecycle_py' build argument 'cmake_target_skip_unavailable' from command line to 'False'
[0.281s] Level 5:colcon.colcon_core.verb:set package 'lifecycle_py' build argument 'cmake_clean_cache' from command line to 'False'
[0.281s] Level 5:colcon.colcon_core.verb:set package 'lifecycle_py' build argument 'cmake_clean_first' from command line to 'False'
[0.281s] Level 5:colcon.colcon_core.verb:set package 'lifecycle_py' build argument 'cmake_force_configure' from command line to 'False'
[0.281s] Level 5:colcon.colcon_core.verb:set package 'lifecycle_py' build argument 'ament_cmake_args' from command line to 'None'
[0.281s] Level 5:colcon.colcon_core.verb:set package 'lifecycle_py' build argument 'catkin_cmake_args' from command line to 'None'
[0.281s] Level 5:colcon.colcon_core.verb:set package 'lifecycle_py' build argument 'catkin_skip_building_tests' from command line to 'False'
[0.281s] DEBUG:colcon.colcon_core.verb:Building package 'lifecycle_py' with the following arguments: {'ament_cmake_args': None, 'build_base': '/home/vincent-pc/ros2_jazzy/build/lifecycle_py', 'catkin_cmake_args': None, 'catkin_skip_building_tests': False, 'cmake_args': None, 'cmake_clean_cache': False, 'cmake_clean_first': False, 'cmake_force_configure': False, 'cmake_target': None, 'cmake_target_skip_unavailable': False, 'install_base': '/home/vincent-pc/ros2_jazzy/install/lifecycle_py', 'merge_install': False, 'path': '/home/vincent-pc/ros2_jazzy/src/lifecycle_py', 'symlink_install': True, 'test_result_base': None}
[0.281s] Level 5:colcon.colcon_core.verb:set package 'my_robot_cpp' build argument 'cmake_args' from command line to 'None'
[0.281s] Level 5:colcon.colcon_core.verb:set package 'my_robot_cpp' build argument 'cmake_target' from command line to 'None'
[0.281s] Level 5:colcon.colcon_core.verb:set package 'my_robot_cpp' build argument 'cmake_target_skip_unavailable' from command line to 'False'
[0.281s] Level 5:colcon.colcon_core.verb:set package 'my_robot_cpp' build argument 'cmake_clean_cache' from command line to 'False'
[0.281s] Level 5:colcon.colcon_core.verb:set package 'my_robot_cpp' build argument 'cmake_clean_first' from command line to 'False'
[0.281s] Level 5:colcon.colcon_core.verb:set package 'my_robot_cpp' build argument 'cmake_force_configure' from command line to 'False'
[0.281s] Level 5:colcon.colcon_core.verb:set package 'my_robot_cpp' build argument 'ament_cmake_args' from command line to 'None'
[0.281s] Level 5:colcon.colcon_core.verb:set package 'my_robot_cpp' build argument 'catkin_cmake_args' from command line to 'None'
[0.281s] Level 5:colcon.colcon_core.verb:set package 'my_robot_cpp' build argument 'catkin_skip_building_tests' from command line to 'False'
[0.281s] DEBUG:colcon.colcon_core.verb:Building package 'my_robot_cpp' with the following arguments: {'ament_cmake_args': None, 'build_base': '/home/vincent-pc/ros2_jazzy/build/my_robot_cpp', 'catkin_cmake_args': None, 'catkin_skip_building_tests': False, 'cmake_args': None, 'cmake_clean_cache': False, 'cmake_clean_first': False, 'cmake_force_configure': False, 'cmake_target': None, 'cmake_target_skip_unavailable': False, 'install_base': '/home/vincent-pc/ros2_jazzy/install/my_robot_cpp', 'merge_install': False, 'path': '/home/vincent-pc/ros2_jazzy/src/my_robot_cpp', 'symlink_install': True, 'test_result_base': None}
[0.281s] Level 5:colcon.colcon_core.verb:set package 'robot_cpp' build argument 'cmake_args' from command line to 'None'
[0.281s] Level 5:colcon.colcon_core.verb:set package 'robot_cpp' build argument 'cmake_target' from command line to 'None'
[0.281s] Level 5:colcon.colcon_core.verb:set package 'robot_cpp' build argument 'cmake_target_skip_unavailable' from command line to 'False'
[0.281s] Level 5:colcon.colcon_core.verb:set package 'robot_cpp' build argument 'cmake_clean_cache' from command line to 'False'
[0.281s] Level 5:colcon.colcon_core.verb:set package 'robot_cpp' build argument 'cmake_clean_first' from command line to 'False'
[0.281s] Level 5:colcon.colcon_core.verb:set package 'robot_cpp' build argument 'cmake_force_configure' from command line to 'False'
[0.281s] Level 5:colcon.colcon_core.verb:set package 'robot_cpp' build argument 'ament_cmake_args' from command line to 'None'
[0.281s] Level 5:colcon.colcon_core.verb:set package 'robot_cpp' build argument 'catkin_cmake_args' from command line to 'None'
[0.281s] Level 5:colcon.colcon_core.verb:set package 'robot_cpp' build argument 'catkin_skip_building_tests' from command line to 'False'
[0.281s] DEBUG:colcon.colcon_core.verb:Building package 'robot_cpp' with the following arguments: {'ament_cmake_args': None, 'build_base': '/home/vincent-pc/ros2_jazzy/build/robot_cpp', 'catkin_cmake_args': None, 'catkin_skip_building_tests': False, 'cmake_args': None, 'cmake_clean_cache': False, 'cmake_clean_first': False, 'cmake_force_configure': False, 'cmake_target': None, 'cmake_target_skip_unavailable': False, 'install_base': '/home/vincent-pc/ros2_jazzy/install/robot_cpp', 'merge_install': False, 'path': '/home/vincent-pc/ros2_jazzy/src/robot_cpp', 'symlink_install': True, 'test_result_base': None}
[0.282s] Level 5:colcon.colcon_core.verb:set package 'my_robot_bringup' build argument 'cmake_args' from command line to 'None'
[0.282s] Level 5:colcon.colcon_core.verb:set package 'my_robot_bringup' build argument 'cmake_target' from command line to 'None'
[0.282s] Level 5:colcon.colcon_core.verb:set package 'my_robot_bringup' build argument 'cmake_target_skip_unavailable' from command line to 'False'
[0.282s] Level 5:colcon.colcon_core.verb:set package 'my_robot_bringup' build argument 'cmake_clean_cache' from command line to 'False'
[0.282s] Level 5:colcon.colcon_core.verb:set package 'my_robot_bringup' build argument 'cmake_clean_first' from command line to 'False'
[0.282s] Level 5:colcon.colcon_core.verb:set package 'my_robot_bringup' build argument 'cmake_force_configure' from command line to 'False'
[0.282s] Level 5:colcon.colcon_core.verb:set package 'my_robot_bringup' build argument 'ament_cmake_args' from command line to 'None'
[0.282s] Level 5:colcon.colcon_core.verb:set package 'my_robot_bringup' build argument 'catkin_cmake_args' from command line to 'None'
[0.282s] Level 5:colcon.colcon_core.verb:set package 'my_robot_bringup' build argument 'catkin_skip_building_tests' from command line to 'False'
[0.282s] DEBUG:colcon.colcon_core.verb:Building package 'my_robot_bringup' with the following arguments: {'ament_cmake_args': None, 'build_base': '/home/vincent-pc/ros2_jazzy/build/my_robot_bringup', 'catkin_cmake_args': None, 'catkin_skip_building_tests': False, 'cmake_args': None, 'cmake_clean_cache': False, 'cmake_clean_first': False, 'cmake_force_configure': False, 'cmake_target': None, 'cmake_target_skip_unavailable': False, 'install_base': '/home/vincent-pc/ros2_jazzy/install/my_robot_bringup', 'merge_install': False, 'path': '/home/vincent-pc/ros2_jazzy/src/my_robot_bringup', 'symlink_install': True, 'test_result_base': None}
[0.282s] INFO:colcon.colcon_core.executor:Executing jobs using 'parallel' executor
[0.283s] DEBUG:colcon.colcon_parallel_executor.executor.parallel:run_until_complete
[0.283s] INFO:colcon.colcon_ros.task.ament_cmake.build:Building ROS package in '/home/vincent-pc/ros2_jazzy/src/my_robot_interfaces' with build type 'ament_cmake'
[0.283s] INFO:colcon.colcon_cmake.task.cmake.build:Building CMake package in '/home/vincent-pc/ros2_jazzy/src/my_robot_interfaces'
[0.286s] INFO:colcon.colcon_core.plugin_system:Skipping extension 'colcon_core.shell.bat': Not used on non-Windows systems
[0.286s] INFO:colcon.colcon_core.shell:Skip shell extension 'powershell' for command environment: Not usable outside of PowerShell
[0.286s] DEBUG:colcon.colcon_core.shell:Skip shell extension 'dsv' for command environment
[0.292s] INFO:colcon.colcon_ros.task.ament_cmake.build:Building ROS package in '/home/vincent-pc/ros2_jazzy/src/my_robot_description' with build type 'ament_cmake'
[0.293s] INFO:colcon.colcon_cmake.task.cmake.build:Building CMake package in '/home/vincent-pc/ros2_jazzy/src/my_robot_description'
[0.293s] INFO:colcon.colcon_core.shell:Skip shell extension 'powershell' for command environment: Not usable outside of PowerShell
[0.293s] DEBUG:colcon.colcon_core.shell:Skip shell extension 'dsv' for command environment
[0.297s] INFO:colcon.colcon_ros.task.ament_python.build:Building ROS package in '/home/vincent-pc/ros2_jazzy/src/my_robot_python' with build type 'ament_python'
[0.297s] Level 1:colcon.colcon_core.shell:create_environment_hook('my_robot_python', 'ament_prefix_path')
[0.297s] INFO:colcon.colcon_core.shell:Creating environment hook '/home/vincent-pc/ros2_jazzy/install/my_robot_python/share/my_robot_python/hook/ament_prefix_path.ps1'
[0.298s] INFO:colcon.colcon_core.shell:Creating environment descriptor '/home/vincent-pc/ros2_jazzy/install/my_robot_python/share/my_robot_python/hook/ament_prefix_path.dsv'
[0.299s] INFO:colcon.colcon_core.shell:Creating environment hook '/home/vincent-pc/ros2_jazzy/install/my_robot_python/share/my_robot_python/hook/ament_prefix_path.sh'
[0.299s] INFO:colcon.colcon_core.shell:Skip shell extension 'powershell' for command environment: Not usable outside of PowerShell
[0.299s] DEBUG:colcon.colcon_core.shell:Skip shell extension 'dsv' for command environment
[0.303s] INFO:colcon.colcon_ros.task.ament_python.build:Building ROS package in '/home/vincent-pc/ros2_jazzy/src/robot_py' with build type 'ament_python'
[0.303s] Level 1:colcon.colcon_core.shell:create_environment_hook('robot_py', 'ament_prefix_path')
[0.303s] INFO:colcon.colcon_core.shell:Creating environment hook '/home/vincent-pc/ros2_jazzy/install/robot_py/share/robot_py/hook/ament_prefix_path.ps1'
[0.305s] INFO:colcon.colcon_core.shell:Creating environment descriptor '/home/vincent-pc/ros2_jazzy/install/robot_py/share/robot_py/hook/ament_prefix_path.dsv'
[0.305s] INFO:colcon.colcon_core.shell:Creating environment hook '/home/vincent-pc/ros2_jazzy/install/robot_py/share/robot_py/hook/ament_prefix_path.sh'
[0.306s] INFO:colcon.colcon_core.shell:Skip shell extension 'powershell' for command environment: Not usable outside of PowerShell
[0.306s] DEBUG:colcon.colcon_core.shell:Skip shell extension 'dsv' for command environment
[0.314s] DEBUG:colcon.colcon_core.event_handler.log_command:Invoking command in '/home/vincent-pc/ros2_jazzy/build/my_robot_interfaces': CMAKE_PREFIX_PATH=${CMAKE_PREFIX_PATH}:/home/vincent-pc/ros2_jazzy/install/robot_py:/home/vincent-pc/ros2_jazzy/install/my_robot_python:/home/vincent-pc/ros2_jazzy/install/lifecycle_py:/home/vincent-pc/ros2_jazzy/install/executors_py:/home/vincent-pc/ros2_jazzy/install/actions_py:/opt/ros/jazzy DEBUGINFOD_URLS=https://debuginfod.ubuntu.com /usr/bin/cmake --build /home/vincent-pc/ros2_jazzy/build/my_robot_interfaces -- -j8 -l8
[0.317s] DEBUG:colcon.colcon_core.event_handler.log_command:Invoking command in '/home/vincent-pc/ros2_jazzy/build/my_robot_description': CMAKE_PREFIX_PATH=${CMAKE_PREFIX_PATH}:/home/vincent-pc/ros2_jazzy/install/robot_py:/home/vincent-pc/ros2_jazzy/install/my_robot_python:/home/vincent-pc/ros2_jazzy/install/lifecycle_py:/home/vincent-pc/ros2_jazzy/install/executors_py:/home/vincent-pc/ros2_jazzy/install/actions_py:/opt/ros/jazzy DEBUGINFOD_URLS=https://debuginfod.ubuntu.com /usr/bin/cmake --build /home/vincent-pc/ros2_jazzy/build/my_robot_description -- -j8 -l8
[0.622s] INFO:colcon.colcon_core.task.python.build:Building Python package in '/home/vincent-pc/ros2_jazzy/src/my_robot_python'
[0.622s] INFO:colcon.colcon_core.shell:Skip shell extension 'powershell' for command environment: Not usable outside of PowerShell
[0.622s] DEBUG:colcon.colcon_core.shell:Skip shell extension 'dsv' for command environment
[0.631s] DEBUG:colcon.colcon_core.event_handler.log_command:Invoked command in '/home/vincent-pc/ros2_jazzy/build/my_robot_description' returned '0': CMAKE_PREFIX_PATH=${CMAKE_PREFIX_PATH}:/home/vincent-pc/ros2_jazzy/install/robot_py:/home/vincent-pc/ros2_jazzy/install/my_robot_python:/home/vincent-pc/ros2_jazzy/install/lifecycle_py:/home/vincent-pc/ros2_jazzy/install/executors_py:/home/vincent-pc/ros2_jazzy/install/actions_py:/opt/ros/jazzy DEBUGINFOD_URLS=https://debuginfod.ubuntu.com /usr/bin/cmake --build /home/vincent-pc/ros2_jazzy/build/my_robot_description -- -j8 -l8
[0.641s] DEBUG:colcon.colcon_core.event_handler.log_command:Invoking command in '/home/vincent-pc/ros2_jazzy/build/my_robot_description': CMAKE_PREFIX_PATH=${CMAKE_PREFIX_PATH}:/home/vincent-pc/ros2_jazzy/install/robot_py:/home/vincent-pc/ros2_jazzy/install/my_robot_python:/home/vincent-pc/ros2_jazzy/install/lifecycle_py:/home/vincent-pc/ros2_jazzy/install/executors_py:/home/vincent-pc/ros2_jazzy/install/actions_py:/opt/ros/jazzy DEBUGINFOD_URLS=https://debuginfod.ubuntu.com /usr/bin/cmake --install /home/vincent-pc/ros2_jazzy/build/my_robot_description
[0.975s] INFO:colcon.colcon_core.task.python.build:Building Python package in '/home/vincent-pc/ros2_jazzy/src/robot_py'
[0.976s] INFO:colcon.colcon_core.shell:Skip shell extension 'powershell' for command environment: Not usable outside of PowerShell
[0.976s] DEBUG:colcon.colcon_core.shell:Skip shell extension 'dsv' for command environment
[0.995s] Level 1:colcon.colcon_core.environment:create_environment_scripts_only(my_robot_description)
[1.004s] DEBUG:colcon.colcon_core.event_handler.log_command:Invoked command in '/home/vincent-pc/ros2_jazzy/build/my_robot_description' returned '0': CMAKE_PREFIX_PATH=${CMAKE_PREFIX_PATH}:/home/vincent-pc/ros2_jazzy/install/robot_py:/home/vincent-pc/ros2_jazzy/install/my_robot_python:/home/vincent-pc/ros2_jazzy/install/lifecycle_py:/home/vincent-pc/ros2_jazzy/install/executors_py:/home/vincent-pc/ros2_jazzy/install/actions_py:/opt/ros/jazzy DEBUGINFOD_URLS=https://debuginfod.ubuntu.com /usr/bin/cmake --install /home/vincent-pc/ros2_jazzy/build/my_robot_description
[1.005s] Level 1:colcon.colcon_core.environment:checking '/home/vincent-pc/ros2_jazzy/install/my_robot_description' for CMake module files
[1.006s] Level 1:colcon.colcon_core.environment:checking '/home/vincent-pc/ros2_jazzy/install/my_robot_description' for CMake config files
[1.006s] Level 1:colcon.colcon_core.shell:create_environment_hook('my_robot_description', 'cmake_prefix_path')
[1.006s] INFO:colcon.colcon_core.shell:Creating environment hook '/home/vincent-pc/ros2_jazzy/install/my_robot_description/share/my_robot_description/hook/cmake_prefix_path.ps1'
[1.007s] INFO:colcon.colcon_core.shell:Creating environment descriptor '/home/vincent-pc/ros2_jazzy/install/my_robot_description/share/my_robot_description/hook/cmake_prefix_path.dsv'
[1.008s] INFO:colcon.colcon_core.shell:Creating environment hook '/home/vincent-pc/ros2_jazzy/install/my_robot_description/share/my_robot_description/hook/cmake_prefix_path.sh'
[1.009s] Level 1:colcon.colcon_core.environment:checking '/home/vincent-pc/ros2_jazzy/install/my_robot_description/bin'
[1.009s] Level 1:colcon.colcon_core.environment:checking '/home/vincent-pc/ros2_jazzy/install/my_robot_description/lib/pkgconfig/my_robot_description.pc'
[1.009s] Level 1:colcon.colcon_core.environment:checking '/home/vincent-pc/ros2_jazzy/install/my_robot_description/lib/python3.12/site-packages'
[1.010s] Level 1:colcon.colcon_core.environment:checking '/home/vincent-pc/ros2_jazzy/install/my_robot_description/bin'
[1.010s] INFO:colcon.colcon_core.shell:Creating package script '/home/vincent-pc/ros2_jazzy/install/my_robot_description/share/my_robot_description/package.ps1'
[1.011s] INFO:colcon.colcon_core.shell:Creating package descriptor '/home/vincent-pc/ros2_jazzy/install/my_robot_description/share/my_robot_description/package.dsv'
[1.013s] INFO:colcon.colcon_core.shell:Creating package script '/home/vincent-pc/ros2_jazzy/install/my_robot_description/share/my_robot_description/package.sh'
[1.015s] INFO:colcon.colcon_core.shell:Creating package script '/home/vincent-pc/ros2_jazzy/install/my_robot_description/share/my_robot_description/package.bash'
[1.016s] INFO:colcon.colcon_core.shell:Creating package script '/home/vincent-pc/ros2_jazzy/install/my_robot_description/share/my_robot_description/package.zsh'
[1.018s] Level 1:colcon.colcon_core.environment:create_file_with_runtime_dependencies(/home/vincent-pc/ros2_jazzy/install/my_robot_description/share/colcon-core/packages/my_robot_description)
[1.019s] Level 1:colcon.colcon_core.environment:create_environment_scripts_only(my_robot_description)
[1.020s] Level 1:colcon.colcon_core.environment:checking '/home/vincent-pc/ros2_jazzy/install/my_robot_description' for CMake module files
[1.020s] Level 1:colcon.colcon_core.environment:checking '/home/vincent-pc/ros2_jazzy/install/my_robot_description' for CMake config files
[1.021s] Level 1:colcon.colcon_core.shell:create_environment_hook('my_robot_description', 'cmake_prefix_path')
[1.021s] INFO:colcon.colcon_core.shell:Creating environment hook '/home/vincent-pc/ros2_jazzy/install/my_robot_description/share/my_robot_description/hook/cmake_prefix_path.ps1'
[1.023s] INFO:colcon.colcon_core.shell:Creating environment descriptor '/home/vincent-pc/ros2_jazzy/install/my_robot_description/share/my_robot_description/hook/cmake_prefix_path.dsv'
[1.024s] INFO:colcon.colcon_core.shell:Creating environment hook '/home/vincent-pc/ros2_jazzy/install/my_robot_description/share/my_robot_description/hook/cmake_prefix_path.sh'
[1.025s] Level 1:colcon.colcon_core.environment:checking '/home/vincent-pc/ros2_jazzy/install/my_robot_description/bin'
[1.025s] Level 1:colcon.colcon_core.environment:checking '/home/vincent-pc/ros2_jazzy/install/my_robot_description/lib/pkgconfig/my_robot_description.pc'
[1.025s] Level 1:colcon.colcon_core.environment:checking '/home/vincent-pc/ros2_jazzy/install/my_robot_description/lib/python3.12/site-packages'
[1.025s] Level 1:colcon.colcon_core.environment:checking '/home/vincent-pc/ros2_jazzy/install/my_robot_description/bin'
[1.026s] INFO:colcon.colcon_core.shell:Creating package script '/home/vincent-pc/ros2_jazzy/install/my_robot_description/share/my_robot_description/package.ps1'
[1.026s] INFO:colcon.colcon_core.shell:Creating package descriptor '/home/vincent-pc/ros2_jazzy/install/my_robot_description/share/my_robot_description/package.dsv'
[1.027s] INFO:colcon.colcon_core.shell:Creating package script '/home/vincent-pc/ros2_jazzy/install/my_robot_description/share/my_robot_description/package.sh'
[1.027s] INFO:colcon.colcon_core.shell:Creating package script '/home/vincent-pc/ros2_jazzy/install/my_robot_description/share/my_robot_description/package.bash'
[1.028s] INFO:colcon.colcon_core.shell:Creating package script '/home/vincent-pc/ros2_jazzy/install/my_robot_description/share/my_robot_description/package.zsh'
[1.028s] Level 1:colcon.colcon_core.environment:create_file_with_runtime_dependencies(/home/vincent-pc/ros2_jazzy/install/my_robot_description/share/colcon-core/packages/my_robot_description)
[1.031s] DEBUG:colcon.colcon_core.event_handler.log_command:Invoked command in '/home/vincent-pc/ros2_jazzy/build/my_robot_interfaces' returned '0': CMAKE_PREFIX_PATH=${CMAKE_PREFIX_PATH}:/home/vincent-pc/ros2_jazzy/install/robot_py:/home/vincent-pc/ros2_jazzy/install/my_robot_python:/home/vincent-pc/ros2_jazzy/install/lifecycle_py:/home/vincent-pc/ros2_jazzy/install/executors_py:/home/vincent-pc/ros2_jazzy/install/actions_py:/opt/ros/jazzy DEBUGINFOD_URLS=https://debuginfod.ubuntu.com /usr/bin/cmake --build /home/vincent-pc/ros2_jazzy/build/my_robot_interfaces -- -j8 -l8
[1.032s] DEBUG:colcon.colcon_core.event_handler.log_command:Invoking command in '/home/vincent-pc/ros2_jazzy/build/my_robot_interfaces': CMAKE_PREFIX_PATH=${CMAKE_PREFIX_PATH}:/home/vincent-pc/ros2_jazzy/install/robot_py:/home/vincent-pc/ros2_jazzy/install/my_robot_python:/home/vincent-pc/ros2_jazzy/install/lifecycle_py:/home/vincent-pc/ros2_jazzy/install/executors_py:/home/vincent-pc/ros2_jazzy/install/actions_py:/opt/ros/jazzy DEBUGINFOD_URLS=https://debuginfod.ubuntu.com /usr/bin/cmake --install /home/vincent-pc/ros2_jazzy/build/my_robot_interfaces
[1.163s] Level 1:colcon.colcon_core.environment:create_environment_scripts_only(my_robot_interfaces)
[1.163s] Level 1:colcon.colcon_core.environment:checking '/home/vincent-pc/ros2_jazzy/install/my_robot_interfaces' for CMake module files
[1.163s] DEBUG:colcon.colcon_core.event_handler.log_command:Invoked command in '/home/vincent-pc/ros2_jazzy/build/my_robot_interfaces' returned '0': CMAKE_PREFIX_PATH=${CMAKE_PREFIX_PATH}:/home/vincent-pc/ros2_jazzy/install/robot_py:/home/vincent-pc/ros2_jazzy/install/my_robot_python:/home/vincent-pc/ros2_jazzy/install/lifecycle_py:/home/vincent-pc/ros2_jazzy/install/executors_py:/home/vincent-pc/ros2_jazzy/install/actions_py:/opt/ros/jazzy DEBUGINFOD_URLS=https://debuginfod.ubuntu.com /usr/bin/cmake --install /home/vincent-pc/ros2_jazzy/build/my_robot_interfaces
[1.164s] Level 1:colcon.colcon_core.environment:checking '/home/vincent-pc/ros2_jazzy/install/my_robot_interfaces' for CMake config files
[1.165s] Level 1:colcon.colcon_core.shell:create_environment_hook('my_robot_interfaces', 'cmake_prefix_path')
[1.165s] INFO:colcon.colcon_core.shell:Creating environment hook '/home/vincent-pc/ros2_jazzy/install/my_robot_interfaces/share/my_robot_interfaces/hook/cmake_prefix_path.ps1'
[1.166s] INFO:colcon.colcon_core.shell:Creating environment descriptor '/home/vincent-pc/ros2_jazzy/install/my_robot_interfaces/share/my_robot_interfaces/hook/cmake_prefix_path.dsv'
[1.166s] INFO:colcon.colcon_core.shell:Creating environment hook '/home/vincent-pc/ros2_jazzy/install/my_robot_interfaces/share/my_robot_interfaces/hook/cmake_prefix_path.sh'
[1.167s] Level 1:colcon.colcon_core.environment:checking '/home/vincent-pc/ros2_jazzy/install/my_robot_interfaces/lib'
[1.167s] Level 1:colcon.colcon_core.shell:create_environment_hook('my_robot_interfaces', 'ld_library_path_lib')
[1.167s] INFO:colcon.colcon_core.shell:Creating environment hook '/home/vincent-pc/ros2_jazzy/install/my_robot_interfaces/share/my_robot_interfaces/hook/ld_library_path_lib.ps1'
[1.168s] INFO:colcon.colcon_core.shell:Creating environment descriptor '/home/vincent-pc/ros2_jazzy/install/my_robot_interfaces/share/my_robot_interfaces/hook/ld_library_path_lib.dsv'
[1.168s] INFO:colcon.colcon_core.shell:Creating environment hook '/home/vincent-pc/ros2_jazzy/install/my_robot_interfaces/share/my_robot_interfaces/hook/ld_library_path_lib.sh'
[1.168s] Level 1:colcon.colcon_core.environment:checking '/home/vincent-pc/ros2_jazzy/install/my_robot_interfaces/bin'
[1.168s] Level 1:colcon.colcon_core.environment:checking '/home/vincent-pc/ros2_jazzy/install/my_robot_interfaces/lib/pkgconfig/my_robot_interfaces.pc'
[1.169s] Level 1:colcon.colcon_core.environment:checking '/home/vincent-pc/ros2_jazzy/install/my_robot_interfaces/lib/python3.12/site-packages'
[1.169s] Level 1:colcon.colcon_core.shell:create_environment_hook('my_robot_interfaces', 'pythonpath')
[1.169s] INFO:colcon.colcon_core.shell:Creating environment hook '/home/vincent-pc/ros2_jazzy/install/my_robot_interfaces/share/my_robot_interfaces/hook/pythonpath.ps1'
[1.169s] INFO:colcon.colcon_core.shell:Creating environment descriptor '/home/vincent-pc/ros2_jazzy/install/my_robot_interfaces/share/my_robot_interfaces/hook/pythonpath.dsv'
[1.170s] INFO:colcon.colcon_core.shell:Creating environment hook '/home/vincent-pc/ros2_jazzy/install/my_robot_interfaces/share/my_robot_interfaces/hook/pythonpath.sh'
[1.171s] Level 1:colcon.colcon_core.environment:checking '/home/vincent-pc/ros2_jazzy/install/my_robot_interfaces/bin'
[1.172s] INFO:colcon.colcon_core.shell:Creating package script '/home/vincent-pc/ros2_jazzy/install/my_robot_interfaces/share/my_robot_interfaces/package.ps1'
[1.173s] INFO:colcon.colcon_core.shell:Creating package descriptor '/home/vincent-pc/ros2_jazzy/install/my_robot_interfaces/share/my_robot_interfaces/package.dsv'
[1.174s] INFO:colcon.colcon_core.shell:Creating package script '/home/vincent-pc/ros2_jazzy/install/my_robot_interfaces/share/my_robot_interfaces/package.sh'
[1.174s] INFO:colcon.colcon_core.shell:Creating package script '/home/vincent-pc/ros2_jazzy/install/my_robot_interfaces/share/my_robot_interfaces/package.bash'
[1.174s] INFO:colcon.colcon_core.shell:Creating package script '/home/vincent-pc/ros2_jazzy/install/my_robot_interfaces/share/my_robot_interfaces/package.zsh'
[1.175s] Level 1:colcon.colcon_core.environment:create_file_with_runtime_dependencies(/home/vincent-pc/ros2_jazzy/install/my_robot_interfaces/share/colcon-core/packages/my_robot_interfaces)
[1.175s] Level 1:colcon.colcon_core.environment:create_environment_scripts_only(my_robot_interfaces)
[1.175s] Level 1:colcon.colcon_core.environment:checking '/home/vincent-pc/ros2_jazzy/install/my_robot_interfaces' for CMake module files
[1.176s] Level 1:colcon.colcon_core.environment:checking '/home/vincent-pc/ros2_jazzy/install/my_robot_interfaces' for CMake config files
[1.178s] Level 1:colcon.colcon_core.shell:create_environment_hook('my_robot_interfaces', 'cmake_prefix_path')
[1.178s] INFO:colcon.colcon_core.shell:Creating environment hook '/home/vincent-pc/ros2_jazzy/install/my_robot_interfaces/share/my_robot_interfaces/hook/cmake_prefix_path.ps1'
[1.178s] INFO:colcon.colcon_core.shell:Creating environment descriptor '/home/vincent-pc/ros2_jazzy/install/my_robot_interfaces/share/my_robot_interfaces/hook/cmake_prefix_path.dsv'
[1.179s] INFO:colcon.colcon_core.shell:Creating environment hook '/home/vincent-pc/ros2_jazzy/install/my_robot_interfaces/share/my_robot_interfaces/hook/cmake_prefix_path.sh'
[1.179s] Level 1:colcon.colcon_core.environment:checking '/home/vincent-pc/ros2_jazzy/install/my_robot_interfaces/lib'
[1.179s] Level 1:colcon.colcon_core.shell:create_environment_hook('my_robot_interfaces', 'ld_library_path_lib')
[1.179s] INFO:colcon.colcon_core.shell:Creating environment hook '/home/vincent-pc/ros2_jazzy/install/my_robot_interfaces/share/my_robot_interfaces/hook/ld_library_path_lib.ps1'
[1.180s] INFO:colcon.colcon_core.shell:Creating environment descriptor '/home/vincent-pc/ros2_jazzy/install/my_robot_interfaces/share/my_robot_interfaces/hook/ld_library_path_lib.dsv'
[1.180s] INFO:colcon.colcon_core.shell:Creating environment hook '/home/vincent-pc/ros2_jazzy/install/my_robot_interfaces/share/my_robot_interfaces/hook/ld_library_path_lib.sh'
[1.180s] Level 1:colcon.colcon_core.environment:checking '/home/vincent-pc/ros2_jazzy/install/my_robot_interfaces/bin'
[1.181s] Level 1:colcon.colcon_core.environment:checking '/home/vincent-pc/ros2_jazzy/install/my_robot_interfaces/lib/pkgconfig/my_robot_interfaces.pc'
[1.181s] Level 1:colcon.colcon_core.environment:checking '/home/vincent-pc/ros2_jazzy/install/my_robot_interfaces/lib/python3.12/site-packages'
[1.181s] Level 1:colcon.colcon_core.shell:create_environment_hook('my_robot_interfaces', 'pythonpath')
[1.181s] INFO:colcon.colcon_core.shell:Creating environment hook '/home/vincent-pc/ros2_jazzy/install/my_robot_interfaces/share/my_robot_interfaces/hook/pythonpath.ps1'
[1.181s] INFO:colcon.colcon_core.shell:Creating environment descriptor '/home/vincent-pc/ros2_jazzy/install/my_robot_interfaces/share/my_robot_interfaces/hook/pythonpath.dsv'
[1.182s] INFO:colcon.colcon_core.shell:Creating environment hook '/home/vincent-pc/ros2_jazzy/install/my_robot_interfaces/share/my_robot_interfaces/hook/pythonpath.sh'
[1.182s] Level 1:colcon.colcon_core.environment:checking '/home/vincent-pc/ros2_jazzy/install/my_robot_interfaces/bin'
[1.182s] INFO:colcon.colcon_core.shell:Creating package script '/home/vincent-pc/ros2_jazzy/install/my_robot_interfaces/share/my_robot_interfaces/package.ps1'
[1.183s] INFO:colcon.colcon_core.shell:Creating package descriptor '/home/vincent-pc/ros2_jazzy/install/my_robot_interfaces/share/my_robot_interfaces/package.dsv'
[1.183s] INFO:colcon.colcon_core.shell:Creating package script '/home/vincent-pc/ros2_jazzy/install/my_robot_interfaces/share/my_robot_interfaces/package.sh'
[1.184s] INFO:colcon.colcon_core.shell:Creating package script '/home/vincent-pc/ros2_jazzy/install/my_robot_interfaces/share/my_robot_interfaces/package.bash'
[1.184s] INFO:colcon.colcon_core.shell:Creating package script '/home/vincent-pc/ros2_jazzy/install/my_robot_interfaces/share/my_robot_interfaces/package.zsh'
[1.185s] Level 1:colcon.colcon_core.environment:create_file_with_runtime_dependencies(/home/vincent-pc/ros2_jazzy/install/my_robot_interfaces/share/colcon-core/packages/my_robot_interfaces)
[1.185s] INFO:colcon.colcon_ros.task.ament_cmake.build:Building ROS package in '/home/vincent-pc/ros2_jazzy/src/lifecycle_cpp' with build type 'ament_cmake'
[1.185s] INFO:colcon.colcon_cmake.task.cmake.build:Building CMake package in '/home/vincent-pc/ros2_jazzy/src/lifecycle_cpp'
[1.186s] INFO:colcon.colcon_core.shell:Skip shell extension 'powershell' for command environment: Not usable outside of PowerShell
[1.186s] DEBUG:colcon.colcon_core.shell:Skip shell extension 'dsv' for command environment
[1.194s] INFO:colcon.colcon_ros.task.ament_python.build:Building ROS package in '/home/vincent-pc/ros2_jazzy/src/lifecycle_py' with build type 'ament_python'
[1.195s] Level 1:colcon.colcon_core.shell:create_environment_hook('lifecycle_py', 'ament_prefix_path')
[1.195s] INFO:colcon.colcon_core.shell:Creating environment hook '/home/vincent-pc/ros2_jazzy/install/lifecycle_py/share/lifecycle_py/hook/ament_prefix_path.ps1'
[1.196s] INFO:colcon.colcon_core.shell:Creating environment descriptor '/home/vincent-pc/ros2_jazzy/install/lifecycle_py/share/lifecycle_py/hook/ament_prefix_path.dsv'
[1.196s] INFO:colcon.colcon_core.shell:Creating environment hook '/home/vincent-pc/ros2_jazzy/install/lifecycle_py/share/lifecycle_py/hook/ament_prefix_path.sh'
[1.197s] INFO:colcon.colcon_core.shell:Skip shell extension 'powershell' for command environment: Not usable outside of PowerShell
[1.197s] DEBUG:colcon.colcon_core.shell:Skip shell extension 'dsv' for command environment
[1.201s] INFO:colcon.colcon_ros.task.ament_cmake.build:Building ROS package in '/home/vincent-pc/ros2_jazzy/src/actions_cpp' with build type 'ament_cmake'
[1.202s] INFO:colcon.colcon_cmake.task.cmake.build:Building CMake package in '/home/vincent-pc/ros2_jazzy/src/actions_cpp'
[1.203s] INFO:colcon.colcon_core.shell:Skip shell extension 'powershell' for command environment: Not usable outside of PowerShell
[1.204s] DEBUG:colcon.colcon_core.shell:Skip shell extension 'dsv' for command environment
[1.211s] INFO:colcon.colcon_ros.task.ament_python.build:Building ROS package in '/home/vincent-pc/ros2_jazzy/src/actions_py' with build type 'ament_python'
[1.211s] Level 1:colcon.colcon_core.shell:create_environment_hook('actions_py', 'ament_prefix_path')
[1.211s] INFO:colcon.colcon_core.shell:Creating environment hook '/home/vincent-pc/ros2_jazzy/install/actions_py/share/actions_py/hook/ament_prefix_path.ps1'
[1.212s] INFO:colcon.colcon_core.shell:Creating environment descriptor '/home/vincent-pc/ros2_jazzy/install/actions_py/share/actions_py/hook/ament_prefix_path.dsv'
[1.212s] INFO:colcon.colcon_core.shell:Creating environment hook '/home/vincent-pc/ros2_jazzy/install/actions_py/share/actions_py/hook/ament_prefix_path.sh'
[1.213s] INFO:colcon.colcon_core.shell:Skip shell extension 'powershell' for command environment: Not usable outside of PowerShell
[1.213s] DEBUG:colcon.colcon_core.shell:Skip shell extension 'dsv' for command environment
[1.217s] INFO:colcon.colcon_ros.task.ament_cmake.build:Building ROS package in '/home/vincent-pc/ros2_jazzy/src/executors_cpp' with build type 'ament_cmake'
[1.217s] INFO:colcon.colcon_cmake.task.cmake.build:Building CMake package in '/home/vincent-pc/ros2_jazzy/src/executors_cpp'
[1.217s] INFO:colcon.colcon_core.shell:Skip shell extension 'powershell' for command environment: Not usable outside of PowerShell
[1.217s] DEBUG:colcon.colcon_core.shell:Skip shell extension 'dsv' for command environment
[1.224s] INFO:colcon.colcon_ros.task.ament_python.build:Building ROS package in '/home/vincent-pc/ros2_jazzy/src/executors_py' with build type 'ament_python'
[1.224s] Level 1:colcon.colcon_core.shell:create_environment_hook('executors_py', 'ament_prefix_path')
[1.225s] INFO:colcon.colcon_core.shell:Creating environment hook '/home/vincent-pc/ros2_jazzy/install/executors_py/share/executors_py/hook/ament_prefix_path.ps1'
[1.225s] INFO:colcon.colcon_core.shell:Creating environment descriptor '/home/vincent-pc/ros2_jazzy/install/executors_py/share/executors_py/hook/ament_prefix_path.dsv'
[1.226s] INFO:colcon.colcon_core.shell:Creating environment hook '/home/vincent-pc/ros2_jazzy/install/executors_py/share/executors_py/hook/ament_prefix_path.sh'
[1.227s] INFO:colcon.colcon_core.shell:Skip shell extension 'powershell' for command environment: Not usable outside of PowerShell
[1.227s] DEBUG:colcon.colcon_core.shell:Skip shell extension 'dsv' for command environment
[1.236s] DEBUG:colcon.colcon_core.event_handler.log_command:Invoking command in '/home/vincent-pc/ros2_jazzy/build/lifecycle_cpp': CMAKE_PREFIX_PATH=/home/vincent-pc/ros2_jazzy/install/my_robot_interfaces:/home/vincent-pc/ros2_jazzy/install/robot_cpp:/home/vincent-pc/ros2_jazzy/install/my_robot_cpp:/home/vincent-pc/ros2_jazzy/install/my_robot_bringup:/home/vincent-pc/ros2_jazzy/install/lifecycle_cpp:/home/vincent-pc/ros2_jazzy/install/executors_cpp:/home/vincent-pc/ros2_jazzy/install/actions_cpp:/home/vincent-pc/ros2_jazzy/install/my_robot_description:/opt/ros/jazzy/opt/gz_sim_vendor:/opt/ros/jazzy/opt/gz_sensors_vendor:/opt/ros/jazzy/opt/gz_physics_vendor:/opt/ros/jazzy/opt/sdformat_vendor:/opt/ros/jazzy/opt/gz_gui_vendor:/opt/ros/jazzy/opt/gz_transport_vendor:/opt/ros/jazzy/opt/gz_rendering_vendor:/opt/ros/jazzy/opt/gz_plugin_vendor:/opt/ros/jazzy/opt/gz_fuel_tools_vendor:/opt/ros/jazzy/opt/gz_msgs_vendor:/opt/ros/jazzy/opt/gz_common_vendor:/opt/ros/jazzy/opt/gz_math_vendor:/opt/ros/jazzy/opt/gz_utils_vendor:/opt/ros/jazzy/opt/gz_tools_vendor:/opt/ros/jazzy/opt/gz_ogre_next_vendor:/opt/ros/jazzy/opt/gz_dartsim_vendor:/opt/ros/jazzy/opt/gz_cmake_vendor:/home/vincent-pc/ros2_jazzy/install/robot_py:/home/vincent-pc/ros2_jazzy/install/my_robot_python:/home/vincent-pc/ros2_jazzy/install/lifecycle_py:/home/vincent-pc/ros2_jazzy/install/executors_py:/home/vincent-pc/ros2_jazzy/install/actions_py:/opt/ros/jazzy DEBUGINFOD_URLS=https://debuginfod.ubuntu.com PYTHONPATH=/home/vincent-pc/ros2_jazzy/install/my_robot_interfaces/lib/python3.12/site-packages:/home/vincent-pc/ros2_jazzy/build/robot_py:/home/vincent-pc/ros2_jazzy/install/robot_py/lib/python3.12/site-packages:/home/vincent-pc/ros2_jazzy/build/my_robot_python:/home/vincent-pc/ros2_jazzy/install/my_robot_python/lib/python3.12/site-packages:/home/vincent-pc/ros2_jazzy/build/lifecycle_py:/home/vincent-pc/ros2_jazzy/install/lifecycle_py/lib/python3.12/site-packages:/home/vincent-pc/ros2_jazzy/build/executors_py:/home/vincent-pc/ros2_jazzy/install/executors_py/lib/python3.12/site-packages:/home/vincent-pc/ros2_jazzy/build/actions_py:/home/vincent-pc/ros2_jazzy/install/actions_py/lib/python3.12/site-packages:/opt/ros/jazzy/lib/python3.12/site-packages /usr/bin/cmake --build /home/vincent-pc/ros2_jazzy/build/lifecycle_cpp -- -j8 -l8
[1.529s] INFO:colcon.colcon_core.task.python.build:Building Python package in '/home/vincent-pc/ros2_jazzy/src/lifecycle_py'
[1.530s] INFO:colcon.colcon_core.shell:Skip shell extension 'powershell' for command environment: Not usable outside of PowerShell
[1.530s] DEBUG:colcon.colcon_core.shell:Skip shell extension 'dsv' for command environment
[1.537s] DEBUG:colcon.colcon_core.event_handler.log_command:Invoking command in '/home/vincent-pc/ros2_jazzy/build/actions_cpp': CMAKE_PREFIX_PATH=/home/vincent-pc/ros2_jazzy/install/my_robot_interfaces:/home/vincent-pc/ros2_jazzy/install/robot_cpp:/home/vincent-pc/ros2_jazzy/install/my_robot_cpp:/home/vincent-pc/ros2_jazzy/install/my_robot_bringup:/home/vincent-pc/ros2_jazzy/install/lifecycle_cpp:/home/vincent-pc/ros2_jazzy/install/executors_cpp:/home/vincent-pc/ros2_jazzy/install/actions_cpp:/home/vincent-pc/ros2_jazzy/install/my_robot_description:/opt/ros/jazzy/opt/gz_sim_vendor:/opt/ros/jazzy/opt/gz_sensors_vendor:/opt/ros/jazzy/opt/gz_physics_vendor:/opt/ros/jazzy/opt/sdformat_vendor:/opt/ros/jazzy/opt/gz_gui_vendor:/opt/ros/jazzy/opt/gz_transport_vendor:/opt/ros/jazzy/opt/gz_rendering_vendor:/opt/ros/jazzy/opt/gz_plugin_vendor:/opt/ros/jazzy/opt/gz_fuel_tools_vendor:/opt/ros/jazzy/opt/gz_msgs_vendor:/opt/ros/jazzy/opt/gz_common_vendor:/opt/ros/jazzy/opt/gz_math_vendor:/opt/ros/jazzy/opt/gz_utils_vendor:/opt/ros/jazzy/opt/gz_tools_vendor:/opt/ros/jazzy/opt/gz_ogre_next_vendor:/opt/ros/jazzy/opt/gz_dartsim_vendor:/opt/ros/jazzy/opt/gz_cmake_vendor:/home/vincent-pc/ros2_jazzy/install/robot_py:/home/vincent-pc/ros2_jazzy/install/my_robot_python:/home/vincent-pc/ros2_jazzy/install/lifecycle_py:/home/vincent-pc/ros2_jazzy/install/executors_py:/home/vincent-pc/ros2_jazzy/install/actions_py:/opt/ros/jazzy DEBUGINFOD_URLS=https://debuginfod.ubuntu.com PYTHONPATH=/home/vincent-pc/ros2_jazzy/install/my_robot_interfaces/lib/python3.12/site-packages:/home/vincent-pc/ros2_jazzy/build/robot_py:/home/vincent-pc/ros2_jazzy/install/robot_py/lib/python3.12/site-packages:/home/vincent-pc/ros2_jazzy/build/my_robot_python:/home/vincent-pc/ros2_jazzy/install/my_robot_python/lib/python3.12/site-packages:/home/vincent-pc/ros2_jazzy/build/lifecycle_py:/home/vincent-pc/ros2_jazzy/install/lifecycle_py/lib/python3.12/site-packages:/home/vincent-pc/ros2_jazzy/build/executors_py:/home/vincent-pc/ros2_jazzy/install/executors_py/lib/python3.12/site-packages:/home/vincent-pc/ros2_jazzy/build/actions_py:/home/vincent-pc/ros2_jazzy/install/actions_py/lib/python3.12/site-packages:/opt/ros/jazzy/lib/python3.12/site-packages /usr/bin/cmake --build /home/vincent-pc/ros2_jazzy/build/actions_cpp -- -j8 -l8
[1.881s] INFO:colcon.colcon_core.task.python.build:Building Python package in '/home/vincent-pc/ros2_jazzy/src/actions_py'
[1.881s] INFO:colcon.colcon_core.shell:Skip shell extension 'powershell' for command environment: Not usable outside of PowerShell
[1.881s] DEBUG:colcon.colcon_core.shell:Skip shell extension 'dsv' for command environment
[1.898s] DEBUG:colcon.colcon_core.event_handler.log_command:Invoking command in '/home/vincent-pc/ros2_jazzy/build/executors_cpp': CMAKE_PREFIX_PATH=/home/vincent-pc/ros2_jazzy/install/my_robot_interfaces:/home/vincent-pc/ros2_jazzy/install/robot_cpp:/home/vincent-pc/ros2_jazzy/install/my_robot_cpp:/home/vincent-pc/ros2_jazzy/install/my_robot_bringup:/home/vincent-pc/ros2_jazzy/install/lifecycle_cpp:/home/vincent-pc/ros2_jazzy/install/executors_cpp:/home/vincent-pc/ros2_jazzy/install/actions_cpp:/home/vincent-pc/ros2_jazzy/install/my_robot_description:/opt/ros/jazzy/opt/gz_sim_vendor:/opt/ros/jazzy/opt/gz_sensors_vendor:/opt/ros/jazzy/opt/gz_physics_vendor:/opt/ros/jazzy/opt/sdformat_vendor:/opt/ros/jazzy/opt/gz_gui_vendor:/opt/ros/jazzy/opt/gz_transport_vendor:/opt/ros/jazzy/opt/gz_rendering_vendor:/opt/ros/jazzy/opt/gz_plugin_vendor:/opt/ros/jazzy/opt/gz_fuel_tools_vendor:/opt/ros/jazzy/opt/gz_msgs_vendor:/opt/ros/jazzy/opt/gz_common_vendor:/opt/ros/jazzy/opt/gz_math_vendor:/opt/ros/jazzy/opt/gz_utils_vendor:/opt/ros/jazzy/opt/gz_tools_vendor:/opt/ros/jazzy/opt/gz_ogre_next_vendor:/opt/ros/jazzy/opt/gz_dartsim_vendor:/opt/ros/jazzy/opt/gz_cmake_vendor:/home/vincent-pc/ros2_jazzy/install/robot_py:/home/vincent-pc/ros2_jazzy/install/my_robot_python:/home/vincent-pc/ros2_jazzy/install/lifecycle_py:/home/vincent-pc/ros2_jazzy/install/executors_py:/home/vincent-pc/ros2_jazzy/install/actions_py:/opt/ros/jazzy DEBUGINFOD_URLS=https://debuginfod.ubuntu.com PYTHONPATH=/home/vincent-pc/ros2_jazzy/install/my_robot_interfaces/lib/python3.12/site-packages:/home/vincent-pc/ros2_jazzy/build/robot_py:/home/vincent-pc/ros2_jazzy/install/robot_py/lib/python3.12/site-packages:/home/vincent-pc/ros2_jazzy/build/my_robot_python:/home/vincent-pc/ros2_jazzy/install/my_robot_python/lib/python3.12/site-packages:/home/vincent-pc/ros2_jazzy/build/lifecycle_py:/home/vincent-pc/ros2_jazzy/install/lifecycle_py/lib/python3.12/site-packages:/home/vincent-pc/ros2_jazzy/build/executors_py:/home/vincent-pc/ros2_jazzy/install/executors_py/lib/python3.12/site-packages:/home/vincent-pc/ros2_jazzy/build/actions_py:/home/vincent-pc/ros2_jazzy/install/actions_py/lib/python3.12/site-packages:/opt/ros/jazzy/lib/python3.12/site-packages /usr/bin/cmake --build /home/vincent-pc/ros2_jazzy/build/executors_cpp -- -j8 -l8
[1.912s] DEBUG:colcon.colcon_core.event_handler.log_command:Invoked command in '/home/vincent-pc/ros2_jazzy/build/lifecycle_cpp' returned '0': CMAKE_PREFIX_PATH=/home/vincent-pc/ros2_jazzy/install/my_robot_interfaces:/home/vincent-pc/ros2_jazzy/install/robot_cpp:/home/vincent-pc/ros2_jazzy/install/my_robot_cpp:/home/vincent-pc/ros2_jazzy/install/my_robot_bringup:/home/vincent-pc/ros2_jazzy/install/lifecycle_cpp:/home/vincent-pc/ros2_jazzy/install/executors_cpp:/home/vincent-pc/ros2_jazzy/install/actions_cpp:/home/vincent-pc/ros2_jazzy/install/my_robot_description:/opt/ros/jazzy/opt/gz_sim_vendor:/opt/ros/jazzy/opt/gz_sensors_vendor:/opt/ros/jazzy/opt/gz_physics_vendor:/opt/ros/jazzy/opt/sdformat_vendor:/opt/ros/jazzy/opt/gz_gui_vendor:/opt/ros/jazzy/opt/gz_transport_vendor:/opt/ros/jazzy/opt/gz_rendering_vendor:/opt/ros/jazzy/opt/gz_plugin_vendor:/opt/ros/jazzy/opt/gz_fuel_tools_vendor:/opt/ros/jazzy/opt/gz_msgs_vendor:/opt/ros/jazzy/opt/gz_common_vendor:/opt/ros/jazzy/opt/gz_math_vendor:/opt/ros/jazzy/opt/gz_utils_vendor:/opt/ros/jazzy/opt/gz_tools_vendor:/opt/ros/jazzy/opt/gz_ogre_next_vendor:/opt/ros/jazzy/opt/gz_dartsim_vendor:/opt/ros/jazzy/opt/gz_cmake_vendor:/home/vincent-pc/ros2_jazzy/install/robot_py:/home/vincent-pc/ros2_jazzy/install/my_robot_python:/home/vincent-pc/ros2_jazzy/install/lifecycle_py:/home/vincent-pc/ros2_jazzy/install/executors_py:/home/vincent-pc/ros2_jazzy/install/actions_py:/opt/ros/jazzy DEBUGINFOD_URLS=https://debuginfod.ubuntu.com PYTHONPATH=/home/vincent-pc/ros2_jazzy/install/my_robot_interfaces/lib/python3.12/site-packages:/home/vincent-pc/ros2_jazzy/build/robot_py:/home/vincent-pc/ros2_jazzy/install/robot_py/lib/python3.12/site-packages:/home/vincent-pc/ros2_jazzy/build/my_robot_python:/home/vincent-pc/ros2_jazzy/install/my_robot_python/lib/python3.12/site-packages:/home/vincent-pc/ros2_jazzy/build/lifecycle_py:/home/vincent-pc/ros2_jazzy/install/lifecycle_py/lib/python3.12/site-packages:/home/vincent-pc/ros2_jazzy/build/executors_py:/home/vincent-pc/ros2_jazzy/install/executors_py/lib/python3.12/site-packages:/home/vincent-pc/ros2_jazzy/build/actions_py:/home/vincent-pc/ros2_jazzy/install/actions_py/lib/python3.12/site-packages:/opt/ros/jazzy/lib/python3.12/site-packages /usr/bin/cmake --build /home/vincent-pc/ros2_jazzy/build/lifecycle_cpp -- -j8 -l8
[1.913s] DEBUG:colcon.colcon_core.event_handler.log_command:Invoking command in '/home/vincent-pc/ros2_jazzy/build/lifecycle_cpp': CMAKE_PREFIX_PATH=/home/vincent-pc/ros2_jazzy/install/my_robot_interfaces:/home/vincent-pc/ros2_jazzy/install/robot_cpp:/home/vincent-pc/ros2_jazzy/install/my_robot_cpp:/home/vincent-pc/ros2_jazzy/install/my_robot_bringup:/home/vincent-pc/ros2_jazzy/install/lifecycle_cpp:/home/vincent-pc/ros2_jazzy/install/executors_cpp:/home/vincent-pc/ros2_jazzy/install/actions_cpp:/home/vincent-pc/ros2_jazzy/install/my_robot_description:/opt/ros/jazzy/opt/gz_sim_vendor:/opt/ros/jazzy/opt/gz_sensors_vendor:/opt/ros/jazzy/opt/gz_physics_vendor:/opt/ros/jazzy/opt/sdformat_vendor:/opt/ros/jazzy/opt/gz_gui_vendor:/opt/ros/jazzy/opt/gz_transport_vendor:/opt/ros/jazzy/opt/gz_rendering_vendor:/opt/ros/jazzy/opt/gz_plugin_vendor:/opt/ros/jazzy/opt/gz_fuel_tools_vendor:/opt/ros/jazzy/opt/gz_msgs_vendor:/opt/ros/jazzy/opt/gz_common_vendor:/opt/ros/jazzy/opt/gz_math_vendor:/opt/ros/jazzy/opt/gz_utils_vendor:/opt/ros/jazzy/opt/gz_tools_vendor:/opt/ros/jazzy/opt/gz_ogre_next_vendor:/opt/ros/jazzy/opt/gz_dartsim_vendor:/opt/ros/jazzy/opt/gz_cmake_vendor:/home/vincent-pc/ros2_jazzy/install/robot_py:/home/vincent-pc/ros2_jazzy/install/my_robot_python:/home/vincent-pc/ros2_jazzy/install/lifecycle_py:/home/vincent-pc/ros2_jazzy/install/executors_py:/home/vincent-pc/ros2_jazzy/install/actions_py:/opt/ros/jazzy DEBUGINFOD_URLS=https://debuginfod.ubuntu.com PYTHONPATH=/home/vincent-pc/ros2_jazzy/install/my_robot_interfaces/lib/python3.12/site-packages:/home/vincent-pc/ros2_jazzy/build/robot_py:/home/vincent-pc/ros2_jazzy/install/robot_py/lib/python3.12/site-packages:/home/vincent-pc/ros2_jazzy/build/my_robot_python:/home/vincent-pc/ros2_jazzy/install/my_robot_python/lib/python3.12/site-packages:/home/vincent-pc/ros2_jazzy/build/lifecycle_py:/home/vincent-pc/ros2_jazzy/install/lifecycle_py/lib/python3.12/site-packages:/home/vincent-pc/ros2_jazzy/build/executors_py:/home/vincent-pc/ros2_jazzy/install/executors_py/lib/python3.12/site-packages:/home/vincent-pc/ros2_jazzy/build/actions_py:/home/vincent-pc/ros2_jazzy/install/actions_py/lib/python3.12/site-packages:/opt/ros/jazzy/lib/python3.12/site-packages /usr/bin/cmake --install /home/vincent-pc/ros2_jazzy/build/lifecycle_cpp
[1.914s] DEBUG:colcon.colcon_core.event_handler.log_command:Invoked command in '/home/vincent-pc/ros2_jazzy/build/actions_cpp' returned '0': CMAKE_PREFIX_PATH=/home/vincent-pc/ros2_jazzy/install/my_robot_interfaces:/home/vincent-pc/ros2_jazzy/install/robot_cpp:/home/vincent-pc/ros2_jazzy/install/my_robot_cpp:/home/vincent-pc/ros2_jazzy/install/my_robot_bringup:/home/vincent-pc/ros2_jazzy/install/lifecycle_cpp:/home/vincent-pc/ros2_jazzy/install/executors_cpp:/home/vincent-pc/ros2_jazzy/install/actions_cpp:/home/vincent-pc/ros2_jazzy/install/my_robot_description:/opt/ros/jazzy/opt/gz_sim_vendor:/opt/ros/jazzy/opt/gz_sensors_vendor:/opt/ros/jazzy/opt/gz_physics_vendor:/opt/ros/jazzy/opt/sdformat_vendor:/opt/ros/jazzy/opt/gz_gui_vendor:/opt/ros/jazzy/opt/gz_transport_vendor:/opt/ros/jazzy/opt/gz_rendering_vendor:/opt/ros/jazzy/opt/gz_plugin_vendor:/opt/ros/jazzy/opt/gz_fuel_tools_vendor:/opt/ros/jazzy/opt/gz_msgs_vendor:/opt/ros/jazzy/opt/gz_common_vendor:/opt/ros/jazzy/opt/gz_math_vendor:/opt/ros/jazzy/opt/gz_utils_vendor:/opt/ros/jazzy/opt/gz_tools_vendor:/opt/ros/jazzy/opt/gz_ogre_next_vendor:/opt/ros/jazzy/opt/gz_dartsim_vendor:/opt/ros/jazzy/opt/gz_cmake_vendor:/home/vincent-pc/ros2_jazzy/install/robot_py:/home/vincent-pc/ros2_jazzy/install/my_robot_python:/home/vincent-pc/ros2_jazzy/install/lifecycle_py:/home/vincent-pc/ros2_jazzy/install/executors_py:/home/vincent-pc/ros2_jazzy/install/actions_py:/opt/ros/jazzy DEBUGINFOD_URLS=https://debuginfod.ubuntu.com PYTHONPATH=/home/vincent-pc/ros2_jazzy/install/my_robot_interfaces/lib/python3.12/site-packages:/home/vincent-pc/ros2_jazzy/build/robot_py:/home/vincent-pc/ros2_jazzy/install/robot_py/lib/python3.12/site-packages:/home/vincent-pc/ros2_jazzy/build/my_robot_python:/home/vincent-pc/ros2_jazzy/install/my_robot_python/lib/python3.12/site-packages:/home/vincent-pc/ros2_jazzy/build/lifecycle_py:/home/vincent-pc/ros2_jazzy/install/lifecycle_py/lib/python3.12/site-packages:/home/vincent-pc/ros2_jazzy/build/executors_py:/home/vincent-pc/ros2_jazzy/install/executors_py/lib/python3.12/site-packages:/home/vincent-pc/ros2_jazzy/build/actions_py:/home/vincent-pc/ros2_jazzy/install/actions_py/lib/python3.12/site-packages:/opt/ros/jazzy/lib/python3.12/site-packages /usr/bin/cmake --build /home/vincent-pc/ros2_jazzy/build/actions_cpp -- -j8 -l8
[1.916s] DEBUG:colcon.colcon_core.event_handler.log_command:Invoking command in '/home/vincent-pc/ros2_jazzy/build/actions_cpp': CMAKE_PREFIX_PATH=/home/vincent-pc/ros2_jazzy/install/my_robot_interfaces:/home/vincent-pc/ros2_jazzy/install/robot_cpp:/home/vincent-pc/ros2_jazzy/install/my_robot_cpp:/home/vincent-pc/ros2_jazzy/install/my_robot_bringup:/home/vincent-pc/ros2_jazzy/install/lifecycle_cpp:/home/vincent-pc/ros2_jazzy/install/executors_cpp:/home/vincent-pc/ros2_jazzy/install/actions_cpp:/home/vincent-pc/ros2_jazzy/install/my_robot_description:/opt/ros/jazzy/opt/gz_sim_vendor:/opt/ros/jazzy/opt/gz_sensors_vendor:/opt/ros/jazzy/opt/gz_physics_vendor:/opt/ros/jazzy/opt/sdformat_vendor:/opt/ros/jazzy/opt/gz_gui_vendor:/opt/ros/jazzy/opt/gz_transport_vendor:/opt/ros/jazzy/opt/gz_rendering_vendor:/opt/ros/jazzy/opt/gz_plugin_vendor:/opt/ros/jazzy/opt/gz_fuel_tools_vendor:/opt/ros/jazzy/opt/gz_msgs_vendor:/opt/ros/jazzy/opt/gz_common_vendor:/opt/ros/jazzy/opt/gz_math_vendor:/opt/ros/jazzy/opt/gz_utils_vendor:/opt/ros/jazzy/opt/gz_tools_vendor:/opt/ros/jazzy/opt/gz_ogre_next_vendor:/opt/ros/jazzy/opt/gz_dartsim_vendor:/opt/ros/jazzy/opt/gz_cmake_vendor:/home/vincent-pc/ros2_jazzy/install/robot_py:/home/vincent-pc/ros2_jazzy/install/my_robot_python:/home/vincent-pc/ros2_jazzy/install/lifecycle_py:/home/vincent-pc/ros2_jazzy/install/executors_py:/home/vincent-pc/ros2_jazzy/install/actions_py:/opt/ros/jazzy DEBUGINFOD_URLS=https://debuginfod.ubuntu.com PYTHONPATH=/home/vincent-pc/ros2_jazzy/install/my_robot_interfaces/lib/python3.12/site-packages:/home/vincent-pc/ros2_jazzy/build/robot_py:/home/vincent-pc/ros2_jazzy/install/robot_py/lib/python3.12/site-packages:/home/vincent-pc/ros2_jazzy/build/my_robot_python:/home/vincent-pc/ros2_jazzy/install/my_robot_python/lib/python3.12/site-packages:/home/vincent-pc/ros2_jazzy/build/lifecycle_py:/home/vincent-pc/ros2_jazzy/install/lifecycle_py/lib/python3.12/site-packages:/home/vincent-pc/ros2_jazzy/build/executors_py:/home/vincent-pc/ros2_jazzy/install/executors_py/lib/python3.12/site-packages:/home/vincent-pc/ros2_jazzy/build/actions_py:/home/vincent-pc/ros2_jazzy/install/actions_py/lib/python3.12/site-packages:/opt/ros/jazzy/lib/python3.12/site-packages /usr/bin/cmake --install /home/vincent-pc/ros2_jazzy/build/actions_cpp
[2.207s] INFO:colcon.colcon_core.task.python.build:Building Python package in '/home/vincent-pc/ros2_jazzy/src/executors_py'
[2.208s] INFO:colcon.colcon_core.shell:Skip shell extension 'powershell' for command environment: Not usable outside of PowerShell
[2.208s] DEBUG:colcon.colcon_core.shell:Skip shell extension 'dsv' for command environment
[2.214s] DEBUG:colcon.colcon_core.event_handler.log_command:Invoking command in '/home/vincent-pc/ros2_jazzy/build/my_robot_python': DEBUGINFOD_URLS=https://debuginfod.ubuntu.com PYTHONPATH=/home/vincent-pc/ros2_jazzy/build/my_robot_python/prefix_override:/usr/lib/python3/dist-packages/colcon_core/task/python/colcon_distutils_commands:/home/vincent-pc/ros2_jazzy/install/my_robot_python/lib/python3.12/site-packages:${PYTHONPATH} /usr/bin/python3 -W ignore:setup.py install is deprecated -W ignore:easy_install command is deprecated setup.py develop --editable --build-directory /home/vincent-pc/ros2_jazzy/build/my_robot_python/build --no-deps symlink_data
[2.229s] Level 1:colcon.colcon_core.environment:create_environment_scripts_only(lifecycle_cpp)
[2.229s] Level 1:colcon.colcon_core.environment:checking '/home/vincent-pc/ros2_jazzy/install/lifecycle_cpp' for CMake module files
[2.231s] DEBUG:colcon.colcon_core.event_handler.log_command:Invoked command in '/home/vincent-pc/ros2_jazzy/build/lifecycle_cpp' returned '0': CMAKE_PREFIX_PATH=/home/vincent-pc/ros2_jazzy/install/my_robot_interfaces:/home/vincent-pc/ros2_jazzy/install/robot_cpp:/home/vincent-pc/ros2_jazzy/install/my_robot_cpp:/home/vincent-pc/ros2_jazzy/install/my_robot_bringup:/home/vincent-pc/ros2_jazzy/install/lifecycle_cpp:/home/vincent-pc/ros2_jazzy/install/executors_cpp:/home/vincent-pc/ros2_jazzy/install/actions_cpp:/home/vincent-pc/ros2_jazzy/install/my_robot_description:/opt/ros/jazzy/opt/gz_sim_vendor:/opt/ros/jazzy/opt/gz_sensors_vendor:/opt/ros/jazzy/opt/gz_physics_vendor:/opt/ros/jazzy/opt/sdformat_vendor:/opt/ros/jazzy/opt/gz_gui_vendor:/opt/ros/jazzy/opt/gz_transport_vendor:/opt/ros/jazzy/opt/gz_rendering_vendor:/opt/ros/jazzy/opt/gz_plugin_vendor:/opt/ros/jazzy/opt/gz_fuel_tools_vendor:/opt/ros/jazzy/opt/gz_msgs_vendor:/opt/ros/jazzy/opt/gz_common_vendor:/opt/ros/jazzy/opt/gz_math_vendor:/opt/ros/jazzy/opt/gz_utils_vendor:/opt/ros/jazzy/opt/gz_tools_vendor:/opt/ros/jazzy/opt/gz_ogre_next_vendor:/opt/ros/jazzy/opt/gz_dartsim_vendor:/opt/ros/jazzy/opt/gz_cmake_vendor:/home/vincent-pc/ros2_jazzy/install/robot_py:/home/vincent-pc/ros2_jazzy/install/my_robot_python:/home/vincent-pc/ros2_jazzy/install/lifecycle_py:/home/vincent-pc/ros2_jazzy/install/executors_py:/home/vincent-pc/ros2_jazzy/install/actions_py:/opt/ros/jazzy DEBUGINFOD_URLS=https://debuginfod.ubuntu.com PYTHONPATH=/home/vincent-pc/ros2_jazzy/install/my_robot_interfaces/lib/python3.12/site-packages:/home/vincent-pc/ros2_jazzy/build/robot_py:/home/vincent-pc/ros2_jazzy/install/robot_py/lib/python3.12/site-packages:/home/vincent-pc/ros2_jazzy/build/my_robot_python:/home/vincent-pc/ros2_jazzy/install/my_robot_python/lib/python3.12/site-packages:/home/vincent-pc/ros2_jazzy/build/lifecycle_py:/home/vincent-pc/ros2_jazzy/install/lifecycle_py/lib/python3.12/site-packages:/home/vincent-pc/ros2_jazzy/build/executors_py:/home/vincent-pc/ros2_jazzy/install/executors_py/lib/python3.12/site-packages:/home/vincent-pc/ros2_jazzy/build/actions_py:/home/vincent-pc/ros2_jazzy/install/actions_py/lib/python3.12/site-packages:/opt/ros/jazzy/lib/python3.12/site-packages /usr/bin/cmake --install /home/vincent-pc/ros2_jazzy/build/lifecycle_cpp
[2.231s] Level 1:colcon.colcon_core.environment:checking '/home/vincent-pc/ros2_jazzy/install/lifecycle_cpp' for CMake config files
[2.232s] Level 1:colcon.colcon_core.shell:create_environment_hook('lifecycle_cpp', 'cmake_prefix_path')
[2.232s] INFO:colcon.colcon_core.shell:Creating environment hook '/home/vincent-pc/ros2_jazzy/install/lifecycle_cpp/share/lifecycle_cpp/hook/cmake_prefix_path.ps1'
[2.233s] INFO:colcon.colcon_core.shell:Creating environment descriptor '/home/vincent-pc/ros2_jazzy/install/lifecycle_cpp/share/lifecycle_cpp/hook/cmake_prefix_path.dsv'
[2.234s] INFO:colcon.colcon_core.shell:Creating environment hook '/home/vincent-pc/ros2_jazzy/install/lifecycle_cpp/share/lifecycle_cpp/hook/cmake_prefix_path.sh'
[2.235s] Level 1:colcon.colcon_core.environment:checking '/home/vincent-pc/ros2_jazzy/install/lifecycle_cpp/lib'
[2.235s] Level 1:colcon.colcon_core.environment:checking '/home/vincent-pc/ros2_jazzy/install/lifecycle_cpp/bin'
[2.235s] Level 1:colcon.colcon_core.environment:checking '/home/vincent-pc/ros2_jazzy/install/lifecycle_cpp/lib/pkgconfig/lifecycle_cpp.pc'
[2.235s] Level 1:colcon.colcon_core.environment:checking '/home/vincent-pc/ros2_jazzy/install/lifecycle_cpp/lib/python3.12/site-packages'
[2.236s] Level 1:colcon.colcon_core.environment:checking '/home/vincent-pc/ros2_jazzy/install/lifecycle_cpp/bin'
[2.237s] INFO:colcon.colcon_core.shell:Creating package script '/home/vincent-pc/ros2_jazzy/install/lifecycle_cpp/share/lifecycle_cpp/package.ps1'
[2.239s] INFO:colcon.colcon_core.shell:Creating package descriptor '/home/vincent-pc/ros2_jazzy/install/lifecycle_cpp/share/lifecycle_cpp/package.dsv'
[2.240s] INFO:colcon.colcon_core.shell:Creating package script '/home/vincent-pc/ros2_jazzy/install/lifecycle_cpp/share/lifecycle_cpp/package.sh'
[2.240s] INFO:colcon.colcon_core.shell:Creating package script '/home/vincent-pc/ros2_jazzy/install/lifecycle_cpp/share/lifecycle_cpp/package.bash'
[2.241s] INFO:colcon.colcon_core.shell:Creating package script '/home/vincent-pc/ros2_jazzy/install/lifecycle_cpp/share/lifecycle_cpp/package.zsh'
[2.241s] Level 1:colcon.colcon_core.environment:create_file_with_runtime_dependencies(/home/vincent-pc/ros2_jazzy/install/lifecycle_cpp/share/colcon-core/packages/lifecycle_cpp)
[2.242s] Level 1:colcon.colcon_core.environment:create_environment_scripts_only(lifecycle_cpp)
[2.243s] Level 1:colcon.colcon_core.environment:checking '/home/vincent-pc/ros2_jazzy/install/lifecycle_cpp' for CMake module files
[2.244s] Level 1:colcon.colcon_core.environment:checking '/home/vincent-pc/ros2_jazzy/install/lifecycle_cpp' for CMake config files
[2.244s] Level 1:colcon.colcon_core.shell:create_environment_hook('lifecycle_cpp', 'cmake_prefix_path')
[2.244s] INFO:colcon.colcon_core.shell:Creating environment hook '/home/vincent-pc/ros2_jazzy/install/lifecycle_cpp/share/lifecycle_cpp/hook/cmake_prefix_path.ps1'
[2.245s] INFO:colcon.colcon_core.shell:Creating environment descriptor '/home/vincent-pc/ros2_jazzy/install/lifecycle_cpp/share/lifecycle_cpp/hook/cmake_prefix_path.dsv'
[2.246s] INFO:colcon.colcon_core.shell:Creating environment hook '/home/vincent-pc/ros2_jazzy/install/lifecycle_cpp/share/lifecycle_cpp/hook/cmake_prefix_path.sh'
[2.247s] Level 1:colcon.colcon_core.environment:checking '/home/vincent-pc/ros2_jazzy/install/lifecycle_cpp/lib'
[2.247s] Level 1:colcon.colcon_core.environment:checking '/home/vincent-pc/ros2_jazzy/install/lifecycle_cpp/bin'
[2.247s] Level 1:colcon.colcon_core.environment:checking '/home/vincent-pc/ros2_jazzy/install/lifecycle_cpp/lib/pkgconfig/lifecycle_cpp.pc'
[2.247s] Level 1:colcon.colcon_core.environment:checking '/home/vincent-pc/ros2_jazzy/install/lifecycle_cpp/lib/python3.12/site-packages'
[2.248s] Level 1:colcon.colcon_core.environment:checking '/home/vincent-pc/ros2_jazzy/install/lifecycle_cpp/bin'
[2.248s] INFO:colcon.colcon_core.shell:Creating package script '/home/vincent-pc/ros2_jazzy/install/lifecycle_cpp/share/lifecycle_cpp/package.ps1'
[2.249s] INFO:colcon.colcon_core.shell:Creating package descriptor '/home/vincent-pc/ros2_jazzy/install/lifecycle_cpp/share/lifecycle_cpp/package.dsv'
[2.250s] INFO:colcon.colcon_core.shell:Creating package script '/home/vincent-pc/ros2_jazzy/install/lifecycle_cpp/share/lifecycle_cpp/package.sh'
[2.250s] INFO:colcon.colcon_core.shell:Creating package script '/home/vincent-pc/ros2_jazzy/install/lifecycle_cpp/share/lifecycle_cpp/package.bash'
[2.251s] INFO:colcon.colcon_core.shell:Creating package script '/home/vincent-pc/ros2_jazzy/install/lifecycle_cpp/share/lifecycle_cpp/package.zsh'
[2.252s] Level 1:colcon.colcon_core.environment:create_file_with_runtime_dependencies(/home/vincent-pc/ros2_jazzy/install/lifecycle_cpp/share/colcon-core/packages/lifecycle_cpp)
[2.252s] Level 1:colcon.colcon_core.environment:create_environment_scripts_only(actions_cpp)
[2.253s] Level 1:colcon.colcon_core.environment:checking '/home/vincent-pc/ros2_jazzy/install/actions_cpp' for CMake module files
[2.254s] Level 1:colcon.colcon_core.environment:checking '/home/vincent-pc/ros2_jazzy/install/actions_cpp' for CMake config files
[2.255s] Level 1:colcon.colcon_core.shell:create_environment_hook('actions_cpp', 'cmake_prefix_path')
[2.255s] INFO:colcon.colcon_core.shell:Creating environment hook '/home/vincent-pc/ros2_jazzy/install/actions_cpp/share/actions_cpp/hook/cmake_prefix_path.ps1'
[2.258s] DEBUG:colcon.colcon_core.event_handler.log_command:Invoked command in '/home/vincent-pc/ros2_jazzy/build/actions_cpp' returned '0': CMAKE_PREFIX_PATH=/home/vincent-pc/ros2_jazzy/install/my_robot_interfaces:/home/vincent-pc/ros2_jazzy/install/robot_cpp:/home/vincent-pc/ros2_jazzy/install/my_robot_cpp:/home/vincent-pc/ros2_jazzy/install/my_robot_bringup:/home/vincent-pc/ros2_jazzy/install/lifecycle_cpp:/home/vincent-pc/ros2_jazzy/install/executors_cpp:/home/vincent-pc/ros2_jazzy/install/actions_cpp:/home/vincent-pc/ros2_jazzy/install/my_robot_description:/opt/ros/jazzy/opt/gz_sim_vendor:/opt/ros/jazzy/opt/gz_sensors_vendor:/opt/ros/jazzy/opt/gz_physics_vendor:/opt/ros/jazzy/opt/sdformat_vendor:/opt/ros/jazzy/opt/gz_gui_vendor:/opt/ros/jazzy/opt/gz_transport_vendor:/opt/ros/jazzy/opt/gz_rendering_vendor:/opt/ros/jazzy/opt/gz_plugin_vendor:/opt/ros/jazzy/opt/gz_fuel_tools_vendor:/opt/ros/jazzy/opt/gz_msgs_vendor:/opt/ros/jazzy/opt/gz_common_vendor:/opt/ros/jazzy/opt/gz_math_vendor:/opt/ros/jazzy/opt/gz_utils_vendor:/opt/ros/jazzy/opt/gz_tools_vendor:/opt/ros/jazzy/opt/gz_ogre_next_vendor:/opt/ros/jazzy/opt/gz_dartsim_vendor:/opt/ros/jazzy/opt/gz_cmake_vendor:/home/vincent-pc/ros2_jazzy/install/robot_py:/home/vincent-pc/ros2_jazzy/install/my_robot_python:/home/vincent-pc/ros2_jazzy/install/lifecycle_py:/home/vincent-pc/ros2_jazzy/install/executors_py:/home/vincent-pc/ros2_jazzy/install/actions_py:/opt/ros/jazzy DEBUGINFOD_URLS=https://debuginfod.ubuntu.com PYTHONPATH=/home/vincent-pc/ros2_jazzy/install/my_robot_interfaces/lib/python3.12/site-packages:/home/vincent-pc/ros2_jazzy/build/robot_py:/home/vincent-pc/ros2_jazzy/install/robot_py/lib/python3.12/site-packages:/home/vincent-pc/ros2_jazzy/build/my_robot_python:/home/vincent-pc/ros2_jazzy/install/my_robot_python/lib/python3.12/site-packages:/home/vincent-pc/ros2_jazzy/build/lifecycle_py:/home/vincent-pc/ros2_jazzy/install/lifecycle_py/lib/python3.12/site-packages:/home/vincent-pc/ros2_jazzy/build/executors_py:/home/vincent-pc/ros2_jazzy/install/executors_py/lib/python3.12/site-packages:/home/vincent-pc/ros2_jazzy/build/actions_py:/home/vincent-pc/ros2_jazzy/install/actions_py/lib/python3.12/site-packages:/opt/ros/jazzy/lib/python3.12/site-packages /usr/bin/cmake --install /home/vincent-pc/ros2_jazzy/build/actions_cpp
[2.258s] INFO:colcon.colcon_core.shell:Creating environment descriptor '/home/vincent-pc/ros2_jazzy/install/actions_cpp/share/actions_cpp/hook/cmake_prefix_path.dsv'
[2.259s] INFO:colcon.colcon_core.shell:Creating environment hook '/home/vincent-pc/ros2_jazzy/install/actions_cpp/share/actions_cpp/hook/cmake_prefix_path.sh'
[2.260s] Level 1:colcon.colcon_core.environment:checking '/home/vincent-pc/ros2_jazzy/install/actions_cpp/lib'
[2.260s] Level 1:colcon.colcon_core.environment:checking '/home/vincent-pc/ros2_jazzy/install/actions_cpp/bin'
[2.260s] Level 1:colcon.colcon_core.environment:checking '/home/vincent-pc/ros2_jazzy/install/actions_cpp/lib/pkgconfig/actions_cpp.pc'
[2.261s] Level 1:colcon.colcon_core.environment:checking '/home/vincent-pc/ros2_jazzy/install/actions_cpp/lib/python3.12/site-packages'
[2.261s] Level 1:colcon.colcon_core.environment:checking '/home/vincent-pc/ros2_jazzy/install/actions_cpp/bin'
[2.262s] INFO:colcon.colcon_core.shell:Creating package script '/home/vincent-pc/ros2_jazzy/install/actions_cpp/share/actions_cpp/package.ps1'
[2.263s] INFO:colcon.colcon_core.shell:Creating package descriptor '/home/vincent-pc/ros2_jazzy/install/actions_cpp/share/actions_cpp/package.dsv'
[2.264s] INFO:colcon.colcon_core.shell:Creating package script '/home/vincent-pc/ros2_jazzy/install/actions_cpp/share/actions_cpp/package.sh'
[2.265s] INFO:colcon.colcon_core.shell:Creating package script '/home/vincent-pc/ros2_jazzy/install/actions_cpp/share/actions_cpp/package.bash'
[2.266s] INFO:colcon.colcon_core.shell:Creating package script '/home/vincent-pc/ros2_jazzy/install/actions_cpp/share/actions_cpp/package.zsh'
[2.266s] Level 1:colcon.colcon_core.environment:create_file_with_runtime_dependencies(/home/vincent-pc/ros2_jazzy/install/actions_cpp/share/colcon-core/packages/actions_cpp)
[2.267s] Level 1:colcon.colcon_core.environment:create_environment_scripts_only(actions_cpp)
[2.267s] Level 1:colcon.colcon_core.environment:checking '/home/vincent-pc/ros2_jazzy/install/actions_cpp' for CMake module files
[2.268s] Level 1:colcon.colcon_core.environment:checking '/home/vincent-pc/ros2_jazzy/install/actions_cpp' for CMake config files
[2.269s] Level 1:colcon.colcon_core.shell:create_environment_hook('actions_cpp', 'cmake_prefix_path')
[2.269s] INFO:colcon.colcon_core.shell:Creating environment hook '/home/vincent-pc/ros2_jazzy/install/actions_cpp/share/actions_cpp/hook/cmake_prefix_path.ps1'
[2.270s] INFO:colcon.colcon_core.shell:Creating environment descriptor '/home/vincent-pc/ros2_jazzy/install/actions_cpp/share/actions_cpp/hook/cmake_prefix_path.dsv'
[2.271s] INFO:colcon.colcon_core.shell:Creating environment hook '/home/vincent-pc/ros2_jazzy/install/actions_cpp/share/actions_cpp/hook/cmake_prefix_path.sh'
[2.272s] Level 1:colcon.colcon_core.environment:checking '/home/vincent-pc/ros2_jazzy/install/actions_cpp/lib'
[2.273s] Level 1:colcon.colcon_core.environment:checking '/home/vincent-pc/ros2_jazzy/install/actions_cpp/bin'
[2.273s] Level 1:colcon.colcon_core.environment:checking '/home/vincent-pc/ros2_jazzy/install/actions_cpp/lib/pkgconfig/actions_cpp.pc'
[2.273s] Level 1:colcon.colcon_core.environment:checking '/home/vincent-pc/ros2_jazzy/install/actions_cpp/lib/python3.12/site-packages'
[2.274s] Level 1:colcon.colcon_core.environment:checking '/home/vincent-pc/ros2_jazzy/install/actions_cpp/bin'
[2.274s] INFO:colcon.colcon_core.shell:Creating package script '/home/vincent-pc/ros2_jazzy/install/actions_cpp/share/actions_cpp/package.ps1'
[2.275s] INFO:colcon.colcon_core.shell:Creating package descriptor '/home/vincent-pc/ros2_jazzy/install/actions_cpp/share/actions_cpp/package.dsv'
[2.276s] INFO:colcon.colcon_core.shell:Creating package script '/home/vincent-pc/ros2_jazzy/install/actions_cpp/share/actions_cpp/package.sh'
[2.277s] INFO:colcon.colcon_core.shell:Creating package script '/home/vincent-pc/ros2_jazzy/install/actions_cpp/share/actions_cpp/package.bash'
[2.278s] INFO:colcon.colcon_core.shell:Creating package script '/home/vincent-pc/ros2_jazzy/install/actions_cpp/share/actions_cpp/package.zsh'
[2.279s] Level 1:colcon.colcon_core.environment:create_file_with_runtime_dependencies(/home/vincent-pc/ros2_jazzy/install/actions_cpp/share/colcon-core/packages/actions_cpp)
[2.284s] DEBUG:colcon.colcon_core.event_handler.log_command:Invoking command in '/home/vincent-pc/ros2_jazzy/build/robot_py': DEBUGINFOD_URLS=https://debuginfod.ubuntu.com PYTHONPATH=/home/vincent-pc/ros2_jazzy/build/robot_py/prefix_override:/usr/lib/python3/dist-packages/colcon_core/task/python/colcon_distutils_commands:/home/vincent-pc/ros2_jazzy/install/robot_py/lib/python3.12/site-packages:${PYTHONPATH} /usr/bin/python3 -W ignore:setup.py install is deprecated -W ignore:easy_install command is deprecated setup.py develop --editable --build-directory /home/vincent-pc/ros2_jazzy/build/robot_py/build --no-deps symlink_data
[2.284s] DEBUG:colcon.colcon_core.event_handler.log_command:Invoked command in '/home/vincent-pc/ros2_jazzy/build/executors_cpp' returned '0': CMAKE_PREFIX_PATH=/home/vincent-pc/ros2_jazzy/install/my_robot_interfaces:/home/vincent-pc/ros2_jazzy/install/robot_cpp:/home/vincent-pc/ros2_jazzy/install/my_robot_cpp:/home/vincent-pc/ros2_jazzy/install/my_robot_bringup:/home/vincent-pc/ros2_jazzy/install/lifecycle_cpp:/home/vincent-pc/ros2_jazzy/install/executors_cpp:/home/vincent-pc/ros2_jazzy/install/actions_cpp:/home/vincent-pc/ros2_jazzy/install/my_robot_description:/opt/ros/jazzy/opt/gz_sim_vendor:/opt/ros/jazzy/opt/gz_sensors_vendor:/opt/ros/jazzy/opt/gz_physics_vendor:/opt/ros/jazzy/opt/sdformat_vendor:/opt/ros/jazzy/opt/gz_gui_vendor:/opt/ros/jazzy/opt/gz_transport_vendor:/opt/ros/jazzy/opt/gz_rendering_vendor:/opt/ros/jazzy/opt/gz_plugin_vendor:/opt/ros/jazzy/opt/gz_fuel_tools_vendor:/opt/ros/jazzy/opt/gz_msgs_vendor:/opt/ros/jazzy/opt/gz_common_vendor:/opt/ros/jazzy/opt/gz_math_vendor:/opt/ros/jazzy/opt/gz_utils_vendor:/opt/ros/jazzy/opt/gz_tools_vendor:/opt/ros/jazzy/opt/gz_ogre_next_vendor:/opt/ros/jazzy/opt/gz_dartsim_vendor:/opt/ros/jazzy/opt/gz_cmake_vendor:/home/vincent-pc/ros2_jazzy/install/robot_py:/home/vincent-pc/ros2_jazzy/install/my_robot_python:/home/vincent-pc/ros2_jazzy/install/lifecycle_py:/home/vincent-pc/ros2_jazzy/install/executors_py:/home/vincent-pc/ros2_jazzy/install/actions_py:/opt/ros/jazzy DEBUGINFOD_URLS=https://debuginfod.ubuntu.com PYTHONPATH=/home/vincent-pc/ros2_jazzy/install/my_robot_interfaces/lib/python3.12/site-packages:/home/vincent-pc/ros2_jazzy/build/robot_py:/home/vincent-pc/ros2_jazzy/install/robot_py/lib/python3.12/site-packages:/home/vincent-pc/ros2_jazzy/build/my_robot_python:/home/vincent-pc/ros2_jazzy/install/my_robot_python/lib/python3.12/site-packages:/home/vincent-pc/ros2_jazzy/build/lifecycle_py:/home/vincent-pc/ros2_jazzy/install/lifecycle_py/lib/python3.12/site-packages:/home/vincent-pc/ros2_jazzy/build/executors_py:/home/vincent-pc/ros2_jazzy/install/executors_py/lib/python3.12/site-packages:/home/vincent-pc/ros2_jazzy/build/actions_py:/home/vincent-pc/ros2_jazzy/install/actions_py/lib/python3.12/site-packages:/opt/ros/jazzy/lib/python3.12/site-packages /usr/bin/cmake --build /home/vincent-pc/ros2_jazzy/build/executors_cpp -- -j8 -l8
[2.287s] INFO:colcon.colcon_ros.task.ament_cmake.build:Building ROS package in '/home/vincent-pc/ros2_jazzy/src/my_robot_cpp' with build type 'ament_cmake'
[2.287s] INFO:colcon.colcon_cmake.task.cmake.build:Building CMake package in '/home/vincent-pc/ros2_jazzy/src/my_robot_cpp'
[2.288s] INFO:colcon.colcon_core.shell:Skip shell extension 'powershell' for command environment: Not usable outside of PowerShell
[2.288s] DEBUG:colcon.colcon_core.shell:Skip shell extension 'dsv' for command environment
[2.291s] DEBUG:colcon.colcon_core.event_handler.log_command:Invoking command in '/home/vincent-pc/ros2_jazzy/build/executors_cpp': CMAKE_PREFIX_PATH=/home/vincent-pc/ros2_jazzy/install/my_robot_interfaces:/home/vincent-pc/ros2_jazzy/install/robot_cpp:/home/vincent-pc/ros2_jazzy/install/my_robot_cpp:/home/vincent-pc/ros2_jazzy/install/my_robot_bringup:/home/vincent-pc/ros2_jazzy/install/lifecycle_cpp:/home/vincent-pc/ros2_jazzy/install/executors_cpp:/home/vincent-pc/ros2_jazzy/install/actions_cpp:/home/vincent-pc/ros2_jazzy/install/my_robot_description:/opt/ros/jazzy/opt/gz_sim_vendor:/opt/ros/jazzy/opt/gz_sensors_vendor:/opt/ros/jazzy/opt/gz_physics_vendor:/opt/ros/jazzy/opt/sdformat_vendor:/opt/ros/jazzy/opt/gz_gui_vendor:/opt/ros/jazzy/opt/gz_transport_vendor:/opt/ros/jazzy/opt/gz_rendering_vendor:/opt/ros/jazzy/opt/gz_plugin_vendor:/opt/ros/jazzy/opt/gz_fuel_tools_vendor:/opt/ros/jazzy/opt/gz_msgs_vendor:/opt/ros/jazzy/opt/gz_common_vendor:/opt/ros/jazzy/opt/gz_math_vendor:/opt/ros/jazzy/opt/gz_utils_vendor:/opt/ros/jazzy/opt/gz_tools_vendor:/opt/ros/jazzy/opt/gz_ogre_next_vendor:/opt/ros/jazzy/opt/gz_dartsim_vendor:/opt/ros/jazzy/opt/gz_cmake_vendor:/home/vincent-pc/ros2_jazzy/install/robot_py:/home/vincent-pc/ros2_jazzy/install/my_robot_python:/home/vincent-pc/ros2_jazzy/install/lifecycle_py:/home/vincent-pc/ros2_jazzy/install/executors_py:/home/vincent-pc/ros2_jazzy/install/actions_py:/opt/ros/jazzy DEBUGINFOD_URLS=https://debuginfod.ubuntu.com PYTHONPATH=/home/vincent-pc/ros2_jazzy/install/my_robot_interfaces/lib/python3.12/site-packages:/home/vincent-pc/ros2_jazzy/build/robot_py:/home/vincent-pc/ros2_jazzy/install/robot_py/lib/python3.12/site-packages:/home/vincent-pc/ros2_jazzy/build/my_robot_python:/home/vincent-pc/ros2_jazzy/install/my_robot_python/lib/python3.12/site-packages:/home/vincent-pc/ros2_jazzy/build/lifecycle_py:/home/vincent-pc/ros2_jazzy/install/lifecycle_py/lib/python3.12/site-packages:/home/vincent-pc/ros2_jazzy/build/executors_py:/home/vincent-pc/ros2_jazzy/install/executors_py/lib/python3.12/site-packages:/home/vincent-pc/ros2_jazzy/build/actions_py:/home/vincent-pc/ros2_jazzy/install/actions_py/lib/python3.12/site-packages:/opt/ros/jazzy/lib/python3.12/site-packages /usr/bin/cmake --install /home/vincent-pc/ros2_jazzy/build/executors_cpp
[2.302s] INFO:colcon.colcon_ros.task.ament_cmake.build:Building ROS package in '/home/vincent-pc/ros2_jazzy/src/robot_cpp' with build type 'ament_cmake'
[2.302s] INFO:colcon.colcon_cmake.task.cmake.build:Building CMake package in '/home/vincent-pc/ros2_jazzy/src/robot_cpp'
[2.302s] INFO:colcon.colcon_core.shell:Skip shell extension 'powershell' for command environment: Not usable outside of PowerShell
[2.303s] DEBUG:colcon.colcon_core.shell:Skip shell extension 'dsv' for command environment
[2.341s] DEBUG:colcon.colcon_core.event_handler.log_command:Invoking command in '/home/vincent-pc/ros2_jazzy/build/my_robot_cpp': CMAKE_PREFIX_PATH=/home/vincent-pc/ros2_jazzy/install/my_robot_interfaces:/home/vincent-pc/ros2_jazzy/install/robot_cpp:/home/vincent-pc/ros2_jazzy/install/my_robot_cpp:/home/vincent-pc/ros2_jazzy/install/my_robot_bringup:/home/vincent-pc/ros2_jazzy/install/lifecycle_cpp:/home/vincent-pc/ros2_jazzy/install/executors_cpp:/home/vincent-pc/ros2_jazzy/install/actions_cpp:/home/vincent-pc/ros2_jazzy/install/my_robot_description:/opt/ros/jazzy/opt/gz_sim_vendor:/opt/ros/jazzy/opt/gz_sensors_vendor:/opt/ros/jazzy/opt/gz_physics_vendor:/opt/ros/jazzy/opt/sdformat_vendor:/opt/ros/jazzy/opt/gz_gui_vendor:/opt/ros/jazzy/opt/gz_transport_vendor:/opt/ros/jazzy/opt/gz_rendering_vendor:/opt/ros/jazzy/opt/gz_plugin_vendor:/opt/ros/jazzy/opt/gz_fuel_tools_vendor:/opt/ros/jazzy/opt/gz_msgs_vendor:/opt/ros/jazzy/opt/gz_common_vendor:/opt/ros/jazzy/opt/gz_math_vendor:/opt/ros/jazzy/opt/gz_utils_vendor:/opt/ros/jazzy/opt/gz_tools_vendor:/opt/ros/jazzy/opt/gz_ogre_next_vendor:/opt/ros/jazzy/opt/gz_dartsim_vendor:/opt/ros/jazzy/opt/gz_cmake_vendor:/home/vincent-pc/ros2_jazzy/install/robot_py:/home/vincent-pc/ros2_jazzy/install/my_robot_python:/home/vincent-pc/ros2_jazzy/install/lifecycle_py:/home/vincent-pc/ros2_jazzy/install/executors_py:/home/vincent-pc/ros2_jazzy/install/actions_py:/opt/ros/jazzy DEBUGINFOD_URLS=https://debuginfod.ubuntu.com PYTHONPATH=/home/vincent-pc/ros2_jazzy/install/my_robot_interfaces/lib/python3.12/site-packages:/home/vincent-pc/ros2_jazzy/build/robot_py:/home/vincent-pc/ros2_jazzy/install/robot_py/lib/python3.12/site-packages:/home/vincent-pc/ros2_jazzy/build/my_robot_python:/home/vincent-pc/ros2_jazzy/install/my_robot_python/lib/python3.12/site-packages:/home/vincent-pc/ros2_jazzy/build/lifecycle_py:/home/vincent-pc/ros2_jazzy/install/lifecycle_py/lib/python3.12/site-packages:/home/vincent-pc/ros2_jazzy/build/executors_py:/home/vincent-pc/ros2_jazzy/install/executors_py/lib/python3.12/site-packages:/home/vincent-pc/ros2_jazzy/build/actions_py:/home/vincent-pc/ros2_jazzy/install/actions_py/lib/python3.12/site-packages:/opt/ros/jazzy/lib/python3.12/site-packages /usr/bin/cmake --build /home/vincent-pc/ros2_jazzy/build/my_robot_cpp -- -j8 -l8
[2.346s] DEBUG:colcon.colcon_core.event_handler.log_command:Invoking command in '/home/vincent-pc/ros2_jazzy/build/robot_cpp': CMAKE_PREFIX_PATH=/home/vincent-pc/ros2_jazzy/install/my_robot_interfaces:/home/vincent-pc/ros2_jazzy/install/robot_cpp:/home/vincent-pc/ros2_jazzy/install/my_robot_cpp:/home/vincent-pc/ros2_jazzy/install/my_robot_bringup:/home/vincent-pc/ros2_jazzy/install/lifecycle_cpp:/home/vincent-pc/ros2_jazzy/install/executors_cpp:/home/vincent-pc/ros2_jazzy/install/actions_cpp:/home/vincent-pc/ros2_jazzy/install/my_robot_description:/opt/ros/jazzy/opt/gz_sim_vendor:/opt/ros/jazzy/opt/gz_sensors_vendor:/opt/ros/jazzy/opt/gz_physics_vendor:/opt/ros/jazzy/opt/sdformat_vendor:/opt/ros/jazzy/opt/gz_gui_vendor:/opt/ros/jazzy/opt/gz_transport_vendor:/opt/ros/jazzy/opt/gz_rendering_vendor:/opt/ros/jazzy/opt/gz_plugin_vendor:/opt/ros/jazzy/opt/gz_fuel_tools_vendor:/opt/ros/jazzy/opt/gz_msgs_vendor:/opt/ros/jazzy/opt/gz_common_vendor:/opt/ros/jazzy/opt/gz_math_vendor:/opt/ros/jazzy/opt/gz_utils_vendor:/opt/ros/jazzy/opt/gz_tools_vendor:/opt/ros/jazzy/opt/gz_ogre_next_vendor:/opt/ros/jazzy/opt/gz_dartsim_vendor:/opt/ros/jazzy/opt/gz_cmake_vendor:/home/vincent-pc/ros2_jazzy/install/robot_py:/home/vincent-pc/ros2_jazzy/install/my_robot_python:/home/vincent-pc/ros2_jazzy/install/lifecycle_py:/home/vincent-pc/ros2_jazzy/install/executors_py:/home/vincent-pc/ros2_jazzy/install/actions_py:/opt/ros/jazzy DEBUGINFOD_URLS=https://debuginfod.ubuntu.com PYTHONPATH=/home/vincent-pc/ros2_jazzy/install/my_robot_interfaces/lib/python3.12/site-packages:/home/vincent-pc/ros2_jazzy/build/robot_py:/home/vincent-pc/ros2_jazzy/install/robot_py/lib/python3.12/site-packages:/home/vincent-pc/ros2_jazzy/build/my_robot_python:/home/vincent-pc/ros2_jazzy/install/my_robot_python/lib/python3.12/site-packages:/home/vincent-pc/ros2_jazzy/build/lifecycle_py:/home/vincent-pc/ros2_jazzy/install/lifecycle_py/lib/python3.12/site-packages:/home/vincent-pc/ros2_jazzy/build/executors_py:/home/vincent-pc/ros2_jazzy/install/executors_py/lib/python3.12/site-packages:/home/vincent-pc/ros2_jazzy/build/actions_py:/home/vincent-pc/ros2_jazzy/install/actions_py/lib/python3.12/site-packages:/opt/ros/jazzy/lib/python3.12/site-packages /usr/bin/cmake --build /home/vincent-pc/ros2_jazzy/build/robot_cpp -- -j8 -l8
[2.355s] Level 1:colcon.colcon_core.environment:create_environment_scripts_only(executors_cpp)
[2.356s] Level 1:colcon.colcon_core.environment:checking '/home/vincent-pc/ros2_jazzy/install/executors_cpp' for CMake module files
[2.357s] DEBUG:colcon.colcon_core.event_handler.log_command:Invoked command in '/home/vincent-pc/ros2_jazzy/build/executors_cpp' returned '0': CMAKE_PREFIX_PATH=/home/vincent-pc/ros2_jazzy/install/my_robot_interfaces:/home/vincent-pc/ros2_jazzy/install/robot_cpp:/home/vincent-pc/ros2_jazzy/install/my_robot_cpp:/home/vincent-pc/ros2_jazzy/install/my_robot_bringup:/home/vincent-pc/ros2_jazzy/install/lifecycle_cpp:/home/vincent-pc/ros2_jazzy/install/executors_cpp:/home/vincent-pc/ros2_jazzy/install/actions_cpp:/home/vincent-pc/ros2_jazzy/install/my_robot_description:/opt/ros/jazzy/opt/gz_sim_vendor:/opt/ros/jazzy/opt/gz_sensors_vendor:/opt/ros/jazzy/opt/gz_physics_vendor:/opt/ros/jazzy/opt/sdformat_vendor:/opt/ros/jazzy/opt/gz_gui_vendor:/opt/ros/jazzy/opt/gz_transport_vendor:/opt/ros/jazzy/opt/gz_rendering_vendor:/opt/ros/jazzy/opt/gz_plugin_vendor:/opt/ros/jazzy/opt/gz_fuel_tools_vendor:/opt/ros/jazzy/opt/gz_msgs_vendor:/opt/ros/jazzy/opt/gz_common_vendor:/opt/ros/jazzy/opt/gz_math_vendor:/opt/ros/jazzy/opt/gz_utils_vendor:/opt/ros/jazzy/opt/gz_tools_vendor:/opt/ros/jazzy/opt/gz_ogre_next_vendor:/opt/ros/jazzy/opt/gz_dartsim_vendor:/opt/ros/jazzy/opt/gz_cmake_vendor:/home/vincent-pc/ros2_jazzy/install/robot_py:/home/vincent-pc/ros2_jazzy/install/my_robot_python:/home/vincent-pc/ros2_jazzy/install/lifecycle_py:/home/vincent-pc/ros2_jazzy/install/executors_py:/home/vincent-pc/ros2_jazzy/install/actions_py:/opt/ros/jazzy DEBUGINFOD_URLS=https://debuginfod.ubuntu.com PYTHONPATH=/home/vincent-pc/ros2_jazzy/install/my_robot_interfaces/lib/python3.12/site-packages:/home/vincent-pc/ros2_jazzy/build/robot_py:/home/vincent-pc/ros2_jazzy/install/robot_py/lib/python3.12/site-packages:/home/vincent-pc/ros2_jazzy/build/my_robot_python:/home/vincent-pc/ros2_jazzy/install/my_robot_python/lib/python3.12/site-packages:/home/vincent-pc/ros2_jazzy/build/lifecycle_py:/home/vincent-pc/ros2_jazzy/install/lifecycle_py/lib/python3.12/site-packages:/home/vincent-pc/ros2_jazzy/build/executors_py:/home/vincent-pc/ros2_jazzy/install/executors_py/lib/python3.12/site-packages:/home/vincent-pc/ros2_jazzy/build/actions_py:/home/vincent-pc/ros2_jazzy/install/actions_py/lib/python3.12/site-packages:/opt/ros/jazzy/lib/python3.12/site-packages /usr/bin/cmake --install /home/vincent-pc/ros2_jazzy/build/executors_cpp
[2.358s] Level 1:colcon.colcon_core.environment:checking '/home/vincent-pc/ros2_jazzy/install/executors_cpp' for CMake config files
[2.358s] Level 1:colcon.colcon_core.shell:create_environment_hook('executors_cpp', 'cmake_prefix_path')
[2.359s] INFO:colcon.colcon_core.shell:Creating environment hook '/home/vincent-pc/ros2_jazzy/install/executors_cpp/share/executors_cpp/hook/cmake_prefix_path.ps1'
[2.360s] INFO:colcon.colcon_core.shell:Creating environment descriptor '/home/vincent-pc/ros2_jazzy/install/executors_cpp/share/executors_cpp/hook/cmake_prefix_path.dsv'
[2.360s] INFO:colcon.colcon_core.shell:Creating environment hook '/home/vincent-pc/ros2_jazzy/install/executors_cpp/share/executors_cpp/hook/cmake_prefix_path.sh'
[2.362s] Level 1:colcon.colcon_core.environment:checking '/home/vincent-pc/ros2_jazzy/install/executors_cpp/bin'
[2.362s] Level 1:colcon.colcon_core.environment:checking '/home/vincent-pc/ros2_jazzy/install/executors_cpp/lib/pkgconfig/executors_cpp.pc'
[2.363s] Level 1:colcon.colcon_core.environment:checking '/home/vincent-pc/ros2_jazzy/install/executors_cpp/lib/python3.12/site-packages'
[2.363s] Level 1:colcon.colcon_core.environment:checking '/home/vincent-pc/ros2_jazzy/install/executors_cpp/bin'
[2.364s] INFO:colcon.colcon_core.shell:Creating package script '/home/vincent-pc/ros2_jazzy/install/executors_cpp/share/executors_cpp/package.ps1'
[2.365s] INFO:colcon.colcon_core.shell:Creating package descriptor '/home/vincent-pc/ros2_jazzy/install/executors_cpp/share/executors_cpp/package.dsv'
[2.366s] INFO:colcon.colcon_core.shell:Creating package script '/home/vincent-pc/ros2_jazzy/install/executors_cpp/share/executors_cpp/package.sh'
[2.367s] INFO:colcon.colcon_core.shell:Creating package script '/home/vincent-pc/ros2_jazzy/install/executors_cpp/share/executors_cpp/package.bash'
[2.368s] INFO:colcon.colcon_core.shell:Creating package script '/home/vincent-pc/ros2_jazzy/install/executors_cpp/share/executors_cpp/package.zsh'
[2.369s] Level 1:colcon.colcon_core.environment:create_file_with_runtime_dependencies(/home/vincent-pc/ros2_jazzy/install/executors_cpp/share/colcon-core/packages/executors_cpp)
[2.370s] Level 1:colcon.colcon_core.environment:create_environment_scripts_only(executors_cpp)
[2.371s] Level 1:colcon.colcon_core.environment:checking '/home/vincent-pc/ros2_jazzy/install/executors_cpp' for CMake module files
[2.372s] Level 1:colcon.colcon_core.environment:checking '/home/vincent-pc/ros2_jazzy/install/executors_cpp' for CMake config files
[2.372s] Level 1:colcon.colcon_core.shell:create_environment_hook('executors_cpp', 'cmake_prefix_path')
[2.373s] INFO:colcon.colcon_core.shell:Creating environment hook '/home/vincent-pc/ros2_jazzy/install/executors_cpp/share/executors_cpp/hook/cmake_prefix_path.ps1'
[2.374s] INFO:colcon.colcon_core.shell:Creating environment descriptor '/home/vincent-pc/ros2_jazzy/install/executors_cpp/share/executors_cpp/hook/cmake_prefix_path.dsv'
[2.374s] INFO:colcon.colcon_core.shell:Creating environment hook '/home/vincent-pc/ros2_jazzy/install/executors_cpp/share/executors_cpp/hook/cmake_prefix_path.sh'
[2.375s] Level 1:colcon.colcon_core.environment:checking '/home/vincent-pc/ros2_jazzy/install/executors_cpp/bin'
[2.375s] Level 1:colcon.colcon_core.environment:checking '/home/vincent-pc/ros2_jazzy/install/executors_cpp/lib/pkgconfig/executors_cpp.pc'
[2.376s] Level 1:colcon.colcon_core.environment:checking '/home/vincent-pc/ros2_jazzy/install/executors_cpp/lib/python3.12/site-packages'
[2.376s] Level 1:colcon.colcon_core.environment:checking '/home/vincent-pc/ros2_jazzy/install/executors_cpp/bin'
[2.377s] INFO:colcon.colcon_core.shell:Creating package script '/home/vincent-pc/ros2_jazzy/install/executors_cpp/share/executors_cpp/package.ps1'
[2.378s] INFO:colcon.colcon_core.shell:Creating package descriptor '/home/vincent-pc/ros2_jazzy/install/executors_cpp/share/executors_cpp/package.dsv'
[2.379s] INFO:colcon.colcon_core.shell:Creating package script '/home/vincent-pc/ros2_jazzy/install/executors_cpp/share/executors_cpp/package.sh'
[2.379s] INFO:colcon.colcon_core.shell:Creating package script '/home/vincent-pc/ros2_jazzy/install/executors_cpp/share/executors_cpp/package.bash'
[2.380s] INFO:colcon.colcon_core.shell:Creating package script '/home/vincent-pc/ros2_jazzy/install/executors_cpp/share/executors_cpp/package.zsh'
[2.381s] Level 1:colcon.colcon_core.environment:create_file_with_runtime_dependencies(/home/vincent-pc/ros2_jazzy/install/executors_cpp/share/colcon-core/packages/executors_cpp)
[2.645s] DEBUG:colcon.colcon_core.event_handler.log_command:Invoked command in '/home/vincent-pc/ros2_jazzy/build/my_robot_cpp' returned '0': CMAKE_PREFIX_PATH=/home/vincent-pc/ros2_jazzy/install/my_robot_interfaces:/home/vincent-pc/ros2_jazzy/install/robot_cpp:/home/vincent-pc/ros2_jazzy/install/my_robot_cpp:/home/vincent-pc/ros2_jazzy/install/my_robot_bringup:/home/vincent-pc/ros2_jazzy/install/lifecycle_cpp:/home/vincent-pc/ros2_jazzy/install/executors_cpp:/home/vincent-pc/ros2_jazzy/install/actions_cpp:/home/vincent-pc/ros2_jazzy/install/my_robot_description:/opt/ros/jazzy/opt/gz_sim_vendor:/opt/ros/jazzy/opt/gz_sensors_vendor:/opt/ros/jazzy/opt/gz_physics_vendor:/opt/ros/jazzy/opt/sdformat_vendor:/opt/ros/jazzy/opt/gz_gui_vendor:/opt/ros/jazzy/opt/gz_transport_vendor:/opt/ros/jazzy/opt/gz_rendering_vendor:/opt/ros/jazzy/opt/gz_plugin_vendor:/opt/ros/jazzy/opt/gz_fuel_tools_vendor:/opt/ros/jazzy/opt/gz_msgs_vendor:/opt/ros/jazzy/opt/gz_common_vendor:/opt/ros/jazzy/opt/gz_math_vendor:/opt/ros/jazzy/opt/gz_utils_vendor:/opt/ros/jazzy/opt/gz_tools_vendor:/opt/ros/jazzy/opt/gz_ogre_next_vendor:/opt/ros/jazzy/opt/gz_dartsim_vendor:/opt/ros/jazzy/opt/gz_cmake_vendor:/home/vincent-pc/ros2_jazzy/install/robot_py:/home/vincent-pc/ros2_jazzy/install/my_robot_python:/home/vincent-pc/ros2_jazzy/install/lifecycle_py:/home/vincent-pc/ros2_jazzy/install/executors_py:/home/vincent-pc/ros2_jazzy/install/actions_py:/opt/ros/jazzy DEBUGINFOD_URLS=https://debuginfod.ubuntu.com PYTHONPATH=/home/vincent-pc/ros2_jazzy/install/my_robot_interfaces/lib/python3.12/site-packages:/home/vincent-pc/ros2_jazzy/build/robot_py:/home/vincent-pc/ros2_jazzy/install/robot_py/lib/python3.12/site-packages:/home/vincent-pc/ros2_jazzy/build/my_robot_python:/home/vincent-pc/ros2_jazzy/install/my_robot_python/lib/python3.12/site-packages:/home/vincent-pc/ros2_jazzy/build/lifecycle_py:/home/vincent-pc/ros2_jazzy/install/lifecycle_py/lib/python3.12/site-packages:/home/vincent-pc/ros2_jazzy/build/executors_py:/home/vincent-pc/ros2_jazzy/install/executors_py/lib/python3.12/site-packages:/home/vincent-pc/ros2_jazzy/build/actions_py:/home/vincent-pc/ros2_jazzy/install/actions_py/lib/python3.12/site-packages:/opt/ros/jazzy/lib/python3.12/site-packages /usr/bin/cmake --build /home/vincent-pc/ros2_jazzy/build/my_robot_cpp -- -j8 -l8
[2.647s] DEBUG:colcon.colcon_core.event_handler.log_command:Invoking command in '/home/vincent-pc/ros2_jazzy/build/my_robot_cpp': CMAKE_PREFIX_PATH=/home/vincent-pc/ros2_jazzy/install/my_robot_interfaces:/home/vincent-pc/ros2_jazzy/install/robot_cpp:/home/vincent-pc/ros2_jazzy/install/my_robot_cpp:/home/vincent-pc/ros2_jazzy/install/my_robot_bringup:/home/vincent-pc/ros2_jazzy/install/lifecycle_cpp:/home/vincent-pc/ros2_jazzy/install/executors_cpp:/home/vincent-pc/ros2_jazzy/install/actions_cpp:/home/vincent-pc/ros2_jazzy/install/my_robot_description:/opt/ros/jazzy/opt/gz_sim_vendor:/opt/ros/jazzy/opt/gz_sensors_vendor:/opt/ros/jazzy/opt/gz_physics_vendor:/opt/ros/jazzy/opt/sdformat_vendor:/opt/ros/jazzy/opt/gz_gui_vendor:/opt/ros/jazzy/opt/gz_transport_vendor:/opt/ros/jazzy/opt/gz_rendering_vendor:/opt/ros/jazzy/opt/gz_plugin_vendor:/opt/ros/jazzy/opt/gz_fuel_tools_vendor:/opt/ros/jazzy/opt/gz_msgs_vendor:/opt/ros/jazzy/opt/gz_common_vendor:/opt/ros/jazzy/opt/gz_math_vendor:/opt/ros/jazzy/opt/gz_utils_vendor:/opt/ros/jazzy/opt/gz_tools_vendor:/opt/ros/jazzy/opt/gz_ogre_next_vendor:/opt/ros/jazzy/opt/gz_dartsim_vendor:/opt/ros/jazzy/opt/gz_cmake_vendor:/home/vincent-pc/ros2_jazzy/install/robot_py:/home/vincent-pc/ros2_jazzy/install/my_robot_python:/home/vincent-pc/ros2_jazzy/install/lifecycle_py:/home/vincent-pc/ros2_jazzy/install/executors_py:/home/vincent-pc/ros2_jazzy/install/actions_py:/opt/ros/jazzy DEBUGINFOD_URLS=https://debuginfod.ubuntu.com PYTHONPATH=/home/vincent-pc/ros2_jazzy/install/my_robot_interfaces/lib/python3.12/site-packages:/home/vincent-pc/ros2_jazzy/build/robot_py:/home/vincent-pc/ros2_jazzy/install/robot_py/lib/python3.12/site-packages:/home/vincent-pc/ros2_jazzy/build/my_robot_python:/home/vincent-pc/ros2_jazzy/install/my_robot_python/lib/python3.12/site-packages:/home/vincent-pc/ros2_jazzy/build/lifecycle_py:/home/vincent-pc/ros2_jazzy/install/lifecycle_py/lib/python3.12/site-packages:/home/vincent-pc/ros2_jazzy/build/executors_py:/home/vincent-pc/ros2_jazzy/install/executors_py/lib/python3.12/site-packages:/home/vincent-pc/ros2_jazzy/build/actions_py:/home/vincent-pc/ros2_jazzy/install/actions_py/lib/python3.12/site-packages:/opt/ros/jazzy/lib/python3.12/site-packages /usr/bin/cmake --install /home/vincent-pc/ros2_jazzy/build/my_robot_cpp
[2.652s] DEBUG:colcon.colcon_core.event_handler.log_command:Invoked command in '/home/vincent-pc/ros2_jazzy/build/robot_cpp' returned '0': CMAKE_PREFIX_PATH=/home/vincent-pc/ros2_jazzy/install/my_robot_interfaces:/home/vincent-pc/ros2_jazzy/install/robot_cpp:/home/vincent-pc/ros2_jazzy/install/my_robot_cpp:/home/vincent-pc/ros2_jazzy/install/my_robot_bringup:/home/vincent-pc/ros2_jazzy/install/lifecycle_cpp:/home/vincent-pc/ros2_jazzy/install/executors_cpp:/home/vincent-pc/ros2_jazzy/install/actions_cpp:/home/vincent-pc/ros2_jazzy/install/my_robot_description:/opt/ros/jazzy/opt/gz_sim_vendor:/opt/ros/jazzy/opt/gz_sensors_vendor:/opt/ros/jazzy/opt/gz_physics_vendor:/opt/ros/jazzy/opt/sdformat_vendor:/opt/ros/jazzy/opt/gz_gui_vendor:/opt/ros/jazzy/opt/gz_transport_vendor:/opt/ros/jazzy/opt/gz_rendering_vendor:/opt/ros/jazzy/opt/gz_plugin_vendor:/opt/ros/jazzy/opt/gz_fuel_tools_vendor:/opt/ros/jazzy/opt/gz_msgs_vendor:/opt/ros/jazzy/opt/gz_common_vendor:/opt/ros/jazzy/opt/gz_math_vendor:/opt/ros/jazzy/opt/gz_utils_vendor:/opt/ros/jazzy/opt/gz_tools_vendor:/opt/ros/jazzy/opt/gz_ogre_next_vendor:/opt/ros/jazzy/opt/gz_dartsim_vendor:/opt/ros/jazzy/opt/gz_cmake_vendor:/home/vincent-pc/ros2_jazzy/install/robot_py:/home/vincent-pc/ros2_jazzy/install/my_robot_python:/home/vincent-pc/ros2_jazzy/install/lifecycle_py:/home/vincent-pc/ros2_jazzy/install/executors_py:/home/vincent-pc/ros2_jazzy/install/actions_py:/opt/ros/jazzy DEBUGINFOD_URLS=https://debuginfod.ubuntu.com PYTHONPATH=/home/vincent-pc/ros2_jazzy/install/my_robot_interfaces/lib/python3.12/site-packages:/home/vincent-pc/ros2_jazzy/build/robot_py:/home/vincent-pc/ros2_jazzy/install/robot_py/lib/python3.12/site-packages:/home/vincent-pc/ros2_jazzy/build/my_robot_python:/home/vincent-pc/ros2_jazzy/install/my_robot_python/lib/python3.12/site-packages:/home/vincent-pc/ros2_jazzy/build/lifecycle_py:/home/vincent-pc/ros2_jazzy/install/lifecycle_py/lib/python3.12/site-packages:/home/vincent-pc/ros2_jazzy/build/executors_py:/home/vincent-pc/ros2_jazzy/install/executors_py/lib/python3.12/site-packages:/home/vincent-pc/ros2_jazzy/build/actions_py:/home/vincent-pc/ros2_jazzy/install/actions_py/lib/python3.12/site-packages:/opt/ros/jazzy/lib/python3.12/site-packages /usr/bin/cmake --build /home/vincent-pc/ros2_jazzy/build/robot_cpp -- -j8 -l8
[2.653s] DEBUG:colcon.colcon_core.event_handler.log_command:Invoking command in '/home/vincent-pc/ros2_jazzy/build/robot_cpp': CMAKE_PREFIX_PATH=/home/vincent-pc/ros2_jazzy/install/my_robot_interfaces:/home/vincent-pc/ros2_jazzy/install/robot_cpp:/home/vincent-pc/ros2_jazzy/install/my_robot_cpp:/home/vincent-pc/ros2_jazzy/install/my_robot_bringup:/home/vincent-pc/ros2_jazzy/install/lifecycle_cpp:/home/vincent-pc/ros2_jazzy/install/executors_cpp:/home/vincent-pc/ros2_jazzy/install/actions_cpp:/home/vincent-pc/ros2_jazzy/install/my_robot_description:/opt/ros/jazzy/opt/gz_sim_vendor:/opt/ros/jazzy/opt/gz_sensors_vendor:/opt/ros/jazzy/opt/gz_physics_vendor:/opt/ros/jazzy/opt/sdformat_vendor:/opt/ros/jazzy/opt/gz_gui_vendor:/opt/ros/jazzy/opt/gz_transport_vendor:/opt/ros/jazzy/opt/gz_rendering_vendor:/opt/ros/jazzy/opt/gz_plugin_vendor:/opt/ros/jazzy/opt/gz_fuel_tools_vendor:/opt/ros/jazzy/opt/gz_msgs_vendor:/opt/ros/jazzy/opt/gz_common_vendor:/opt/ros/jazzy/opt/gz_math_vendor:/opt/ros/jazzy/opt/gz_utils_vendor:/opt/ros/jazzy/opt/gz_tools_vendor:/opt/ros/jazzy/opt/gz_ogre_next_vendor:/opt/ros/jazzy/opt/gz_dartsim_vendor:/opt/ros/jazzy/opt/gz_cmake_vendor:/home/vincent-pc/ros2_jazzy/install/robot_py:/home/vincent-pc/ros2_jazzy/install/my_robot_python:/home/vincent-pc/ros2_jazzy/install/lifecycle_py:/home/vincent-pc/ros2_jazzy/install/executors_py:/home/vincent-pc/ros2_jazzy/install/actions_py:/opt/ros/jazzy DEBUGINFOD_URLS=https://debuginfod.ubuntu.com PYTHONPATH=/home/vincent-pc/ros2_jazzy/install/my_robot_interfaces/lib/python3.12/site-packages:/home/vincent-pc/ros2_jazzy/build/robot_py:/home/vincent-pc/ros2_jazzy/install/robot_py/lib/python3.12/site-packages:/home/vincent-pc/ros2_jazzy/build/my_robot_python:/home/vincent-pc/ros2_jazzy/install/my_robot_python/lib/python3.12/site-packages:/home/vincent-pc/ros2_jazzy/build/lifecycle_py:/home/vincent-pc/ros2_jazzy/install/lifecycle_py/lib/python3.12/site-packages:/home/vincent-pc/ros2_jazzy/build/executors_py:/home/vincent-pc/ros2_jazzy/install/executors_py/lib/python3.12/site-packages:/home/vincent-pc/ros2_jazzy/build/actions_py:/home/vincent-pc/ros2_jazzy/install/actions_py/lib/python3.12/site-packages:/opt/ros/jazzy/lib/python3.12/site-packages /usr/bin/cmake --install /home/vincent-pc/ros2_jazzy/build/robot_cpp
[2.715s] Level 1:colcon.colcon_core.environment:create_environment_scripts_only(my_robot_cpp)
[2.715s] Level 1:colcon.colcon_core.environment:checking '/home/vincent-pc/ros2_jazzy/install/my_robot_cpp' for CMake module files
[2.717s] DEBUG:colcon.colcon_core.event_handler.log_command:Invoked command in '/home/vincent-pc/ros2_jazzy/build/my_robot_cpp' returned '0': CMAKE_PREFIX_PATH=/home/vincent-pc/ros2_jazzy/install/my_robot_interfaces:/home/vincent-pc/ros2_jazzy/install/robot_cpp:/home/vincent-pc/ros2_jazzy/install/my_robot_cpp:/home/vincent-pc/ros2_jazzy/install/my_robot_bringup:/home/vincent-pc/ros2_jazzy/install/lifecycle_cpp:/home/vincent-pc/ros2_jazzy/install/executors_cpp:/home/vincent-pc/ros2_jazzy/install/actions_cpp:/home/vincent-pc/ros2_jazzy/install/my_robot_description:/opt/ros/jazzy/opt/gz_sim_vendor:/opt/ros/jazzy/opt/gz_sensors_vendor:/opt/ros/jazzy/opt/gz_physics_vendor:/opt/ros/jazzy/opt/sdformat_vendor:/opt/ros/jazzy/opt/gz_gui_vendor:/opt/ros/jazzy/opt/gz_transport_vendor:/opt/ros/jazzy/opt/gz_rendering_vendor:/opt/ros/jazzy/opt/gz_plugin_vendor:/opt/ros/jazzy/opt/gz_fuel_tools_vendor:/opt/ros/jazzy/opt/gz_msgs_vendor:/opt/ros/jazzy/opt/gz_common_vendor:/opt/ros/jazzy/opt/gz_math_vendor:/opt/ros/jazzy/opt/gz_utils_vendor:/opt/ros/jazzy/opt/gz_tools_vendor:/opt/ros/jazzy/opt/gz_ogre_next_vendor:/opt/ros/jazzy/opt/gz_dartsim_vendor:/opt/ros/jazzy/opt/gz_cmake_vendor:/home/vincent-pc/ros2_jazzy/install/robot_py:/home/vincent-pc/ros2_jazzy/install/my_robot_python:/home/vincent-pc/ros2_jazzy/install/lifecycle_py:/home/vincent-pc/ros2_jazzy/install/executors_py:/home/vincent-pc/ros2_jazzy/install/actions_py:/opt/ros/jazzy DEBUGINFOD_URLS=https://debuginfod.ubuntu.com PYTHONPATH=/home/vincent-pc/ros2_jazzy/install/my_robot_interfaces/lib/python3.12/site-packages:/home/vincent-pc/ros2_jazzy/build/robot_py:/home/vincent-pc/ros2_jazzy/install/robot_py/lib/python3.12/site-packages:/home/vincent-pc/ros2_jazzy/build/my_robot_python:/home/vincent-pc/ros2_jazzy/install/my_robot_python/lib/python3.12/site-packages:/home/vincent-pc/ros2_jazzy/build/lifecycle_py:/home/vincent-pc/ros2_jazzy/install/lifecycle_py/lib/python3.12/site-packages:/home/vincent-pc/ros2_jazzy/build/executors_py:/home/vincent-pc/ros2_jazzy/install/executors_py/lib/python3.12/site-packages:/home/vincent-pc/ros2_jazzy/build/actions_py:/home/vincent-pc/ros2_jazzy/install/actions_py/lib/python3.12/site-packages:/opt/ros/jazzy/lib/python3.12/site-packages /usr/bin/cmake --install /home/vincent-pc/ros2_jazzy/build/my_robot_cpp
[2.718s] Level 1:colcon.colcon_core.environment:checking '/home/vincent-pc/ros2_jazzy/install/my_robot_cpp' for CMake config files
[2.718s] Level 1:colcon.colcon_core.shell:create_environment_hook('my_robot_cpp', 'cmake_prefix_path')
[2.719s] INFO:colcon.colcon_core.shell:Creating environment hook '/home/vincent-pc/ros2_jazzy/install/my_robot_cpp/share/my_robot_cpp/hook/cmake_prefix_path.ps1'
[2.726s] INFO:colcon.colcon_core.shell:Creating environment descriptor '/home/vincent-pc/ros2_jazzy/install/my_robot_cpp/share/my_robot_cpp/hook/cmake_prefix_path.dsv'
[2.727s] INFO:colcon.colcon_core.shell:Creating environment hook '/home/vincent-pc/ros2_jazzy/install/my_robot_cpp/share/my_robot_cpp/hook/cmake_prefix_path.sh'
[2.729s] Level 1:colcon.colcon_core.environment:checking '/home/vincent-pc/ros2_jazzy/install/my_robot_cpp/lib'
[2.729s] Level 1:colcon.colcon_core.environment:checking '/home/vincent-pc/ros2_jazzy/install/my_robot_cpp/bin'
[2.729s] Level 1:colcon.colcon_core.environment:checking '/home/vincent-pc/ros2_jazzy/install/my_robot_cpp/lib/pkgconfig/my_robot_cpp.pc'
[2.733s] Level 1:colcon.colcon_core.environment:checking '/home/vincent-pc/ros2_jazzy/install/my_robot_cpp/lib/python3.12/site-packages'
[2.734s] Level 1:colcon.colcon_core.environment:checking '/home/vincent-pc/ros2_jazzy/install/my_robot_cpp/bin'
[2.734s] INFO:colcon.colcon_core.shell:Creating package script '/home/vincent-pc/ros2_jazzy/install/my_robot_cpp/share/my_robot_cpp/package.ps1'
[2.735s] INFO:colcon.colcon_core.shell:Creating package descriptor '/home/vincent-pc/ros2_jazzy/install/my_robot_cpp/share/my_robot_cpp/package.dsv'
[2.738s] INFO:colcon.colcon_core.shell:Creating package script '/home/vincent-pc/ros2_jazzy/install/my_robot_cpp/share/my_robot_cpp/package.sh'
[2.740s] INFO:colcon.colcon_core.shell:Creating package script '/home/vincent-pc/ros2_jazzy/install/my_robot_cpp/share/my_robot_cpp/package.bash'
[2.742s] INFO:colcon.colcon_core.shell:Creating package script '/home/vincent-pc/ros2_jazzy/install/my_robot_cpp/share/my_robot_cpp/package.zsh'
[2.748s] Level 1:colcon.colcon_core.environment:create_file_with_runtime_dependencies(/home/vincent-pc/ros2_jazzy/install/my_robot_cpp/share/colcon-core/packages/my_robot_cpp)
[2.749s] Level 1:colcon.colcon_core.environment:create_environment_scripts_only(my_robot_cpp)
[2.749s] Level 1:colcon.colcon_core.environment:checking '/home/vincent-pc/ros2_jazzy/install/my_robot_cpp' for CMake module files
[2.751s] Level 1:colcon.colcon_core.environment:checking '/home/vincent-pc/ros2_jazzy/install/my_robot_cpp' for CMake config files
[2.751s] Level 1:colcon.colcon_core.shell:create_environment_hook('my_robot_cpp', 'cmake_prefix_path')
[2.752s] INFO:colcon.colcon_core.shell:Creating environment hook '/home/vincent-pc/ros2_jazzy/install/my_robot_cpp/share/my_robot_cpp/hook/cmake_prefix_path.ps1'
[2.755s] INFO:colcon.colcon_core.shell:Creating environment descriptor '/home/vincent-pc/ros2_jazzy/install/my_robot_cpp/share/my_robot_cpp/hook/cmake_prefix_path.dsv'
[2.756s] INFO:colcon.colcon_core.shell:Creating environment hook '/home/vincent-pc/ros2_jazzy/install/my_robot_cpp/share/my_robot_cpp/hook/cmake_prefix_path.sh'
[2.759s] Level 1:colcon.colcon_core.environment:checking '/home/vincent-pc/ros2_jazzy/install/my_robot_cpp/lib'
[2.759s] Level 1:colcon.colcon_core.environment:checking '/home/vincent-pc/ros2_jazzy/install/my_robot_cpp/bin'
[2.759s] Level 1:colcon.colcon_core.environment:checking '/home/vincent-pc/ros2_jazzy/install/my_robot_cpp/lib/pkgconfig/my_robot_cpp.pc'
[2.760s] Level 1:colcon.colcon_core.environment:checking '/home/vincent-pc/ros2_jazzy/install/my_robot_cpp/lib/python3.12/site-packages'
[2.764s] Level 1:colcon.colcon_core.environment:checking '/home/vincent-pc/ros2_jazzy/install/my_robot_cpp/bin'
[2.764s] INFO:colcon.colcon_core.shell:Creating package script '/home/vincent-pc/ros2_jazzy/install/my_robot_cpp/share/my_robot_cpp/package.ps1'
[2.766s] INFO:colcon.colcon_core.shell:Creating package descriptor '/home/vincent-pc/ros2_jazzy/install/my_robot_cpp/share/my_robot_cpp/package.dsv'
[2.767s] INFO:colcon.colcon_core.shell:Creating package script '/home/vincent-pc/ros2_jazzy/install/my_robot_cpp/share/my_robot_cpp/package.sh'
[2.769s] INFO:colcon.colcon_core.shell:Creating package script '/home/vincent-pc/ros2_jazzy/install/my_robot_cpp/share/my_robot_cpp/package.bash'
[2.772s] INFO:colcon.colcon_core.shell:Creating package script '/home/vincent-pc/ros2_jazzy/install/my_robot_cpp/share/my_robot_cpp/package.zsh'
[2.773s] Level 1:colcon.colcon_core.environment:create_file_with_runtime_dependencies(/home/vincent-pc/ros2_jazzy/install/my_robot_cpp/share/colcon-core/packages/my_robot_cpp)
[2.776s] Level 1:colcon.colcon_core.environment:create_environment_scripts_only(robot_cpp)
[2.778s] Level 1:colcon.colcon_core.environment:checking '/home/vincent-pc/ros2_jazzy/install/robot_cpp' for CMake module files
[2.777s] DEBUG:colcon.colcon_core.event_handler.log_command:Invoked command in '/home/vincent-pc/ros2_jazzy/build/robot_cpp' returned '0': CMAKE_PREFIX_PATH=/home/vincent-pc/ros2_jazzy/install/my_robot_interfaces:/home/vincent-pc/ros2_jazzy/install/robot_cpp:/home/vincent-pc/ros2_jazzy/install/my_robot_cpp:/home/vincent-pc/ros2_jazzy/install/my_robot_bringup:/home/vincent-pc/ros2_jazzy/install/lifecycle_cpp:/home/vincent-pc/ros2_jazzy/install/executors_cpp:/home/vincent-pc/ros2_jazzy/install/actions_cpp:/home/vincent-pc/ros2_jazzy/install/my_robot_description:/opt/ros/jazzy/opt/gz_sim_vendor:/opt/ros/jazzy/opt/gz_sensors_vendor:/opt/ros/jazzy/opt/gz_physics_vendor:/opt/ros/jazzy/opt/sdformat_vendor:/opt/ros/jazzy/opt/gz_gui_vendor:/opt/ros/jazzy/opt/gz_transport_vendor:/opt/ros/jazzy/opt/gz_rendering_vendor:/opt/ros/jazzy/opt/gz_plugin_vendor:/opt/ros/jazzy/opt/gz_fuel_tools_vendor:/opt/ros/jazzy/opt/gz_msgs_vendor:/opt/ros/jazzy/opt/gz_common_vendor:/opt/ros/jazzy/opt/gz_math_vendor:/opt/ros/jazzy/opt/gz_utils_vendor:/opt/ros/jazzy/opt/gz_tools_vendor:/opt/ros/jazzy/opt/gz_ogre_next_vendor:/opt/ros/jazzy/opt/gz_dartsim_vendor:/opt/ros/jazzy/opt/gz_cmake_vendor:/home/vincent-pc/ros2_jazzy/install/robot_py:/home/vincent-pc/ros2_jazzy/install/my_robot_python:/home/vincent-pc/ros2_jazzy/install/lifecycle_py:/home/vincent-pc/ros2_jazzy/install/executors_py:/home/vincent-pc/ros2_jazzy/install/actions_py:/opt/ros/jazzy DEBUGINFOD_URLS=https://debuginfod.ubuntu.com PYTHONPATH=/home/vincent-pc/ros2_jazzy/install/my_robot_interfaces/lib/python3.12/site-packages:/home/vincent-pc/ros2_jazzy/build/robot_py:/home/vincent-pc/ros2_jazzy/install/robot_py/lib/python3.12/site-packages:/home/vincent-pc/ros2_jazzy/build/my_robot_python:/home/vincent-pc/ros2_jazzy/install/my_robot_python/lib/python3.12/site-packages:/home/vincent-pc/ros2_jazzy/build/lifecycle_py:/home/vincent-pc/ros2_jazzy/install/lifecycle_py/lib/python3.12/site-packages:/home/vincent-pc/ros2_jazzy/build/executors_py:/home/vincent-pc/ros2_jazzy/install/executors_py/lib/python3.12/site-packages:/home/vincent-pc/ros2_jazzy/build/actions_py:/home/vincent-pc/ros2_jazzy/install/actions_py/lib/python3.12/site-packages:/opt/ros/jazzy/lib/python3.12/site-packages /usr/bin/cmake --install /home/vincent-pc/ros2_jazzy/build/robot_cpp
[2.780s] Level 1:colcon.colcon_core.environment:checking '/home/vincent-pc/ros2_jazzy/install/robot_cpp' for CMake config files
[2.781s] Level 1:colcon.colcon_core.shell:create_environment_hook('robot_cpp', 'cmake_prefix_path')
[2.781s] INFO:colcon.colcon_core.shell:Creating environment hook '/home/vincent-pc/ros2_jazzy/install/robot_cpp/share/robot_cpp/hook/cmake_prefix_path.ps1'
[2.783s] INFO:colcon.colcon_core.shell:Creating environment descriptor '/home/vincent-pc/ros2_jazzy/install/robot_cpp/share/robot_cpp/hook/cmake_prefix_path.dsv'
[2.784s] INFO:colcon.colcon_core.shell:Creating environment hook '/home/vincent-pc/ros2_jazzy/install/robot_cpp/share/robot_cpp/hook/cmake_prefix_path.sh'
[2.785s] Level 1:colcon.colcon_core.environment:checking '/home/vincent-pc/ros2_jazzy/install/robot_cpp/lib'
[2.785s] Level 1:colcon.colcon_core.environment:checking '/home/vincent-pc/ros2_jazzy/install/robot_cpp/bin'
[2.786s] Level 1:colcon.colcon_core.environment:checking '/home/vincent-pc/ros2_jazzy/install/robot_cpp/lib/pkgconfig/robot_cpp.pc'
[2.788s] Level 1:colcon.colcon_core.environment:checking '/home/vincent-pc/ros2_jazzy/install/robot_cpp/lib/python3.12/site-packages'
[2.789s] Level 1:colcon.colcon_core.environment:checking '/home/vincent-pc/ros2_jazzy/install/robot_cpp/bin'
[2.790s] INFO:colcon.colcon_core.shell:Creating package script '/home/vincent-pc/ros2_jazzy/install/robot_cpp/share/robot_cpp/package.ps1'
[2.791s] INFO:colcon.colcon_core.shell:Creating package descriptor '/home/vincent-pc/ros2_jazzy/install/robot_cpp/share/robot_cpp/package.dsv'
[2.791s] INFO:colcon.colcon_core.shell:Creating package script '/home/vincent-pc/ros2_jazzy/install/robot_cpp/share/robot_cpp/package.sh'
[2.792s] INFO:colcon.colcon_core.shell:Creating package script '/home/vincent-pc/ros2_jazzy/install/robot_cpp/share/robot_cpp/package.bash'
[2.793s] INFO:colcon.colcon_core.shell:Creating package script '/home/vincent-pc/ros2_jazzy/install/robot_cpp/share/robot_cpp/package.zsh'
[2.793s] Level 1:colcon.colcon_core.environment:create_file_with_runtime_dependencies(/home/vincent-pc/ros2_jazzy/install/robot_cpp/share/colcon-core/packages/robot_cpp)
[2.794s] Level 1:colcon.colcon_core.environment:create_environment_scripts_only(robot_cpp)
[2.794s] Level 1:colcon.colcon_core.environment:checking '/home/vincent-pc/ros2_jazzy/install/robot_cpp' for CMake module files
[2.795s] Level 1:colcon.colcon_core.environment:checking '/home/vincent-pc/ros2_jazzy/install/robot_cpp' for CMake config files
[2.796s] Level 1:colcon.colcon_core.shell:create_environment_hook('robot_cpp', 'cmake_prefix_path')
[2.796s] INFO:colcon.colcon_core.shell:Creating environment hook '/home/vincent-pc/ros2_jazzy/install/robot_cpp/share/robot_cpp/hook/cmake_prefix_path.ps1'
[2.797s] INFO:colcon.colcon_core.shell:Creating environment descriptor '/home/vincent-pc/ros2_jazzy/install/robot_cpp/share/robot_cpp/hook/cmake_prefix_path.dsv'
[2.798s] INFO:colcon.colcon_core.shell:Creating environment hook '/home/vincent-pc/ros2_jazzy/install/robot_cpp/share/robot_cpp/hook/cmake_prefix_path.sh'
[2.799s] Level 1:colcon.colcon_core.environment:checking '/home/vincent-pc/ros2_jazzy/install/robot_cpp/lib'
[2.799s] Level 1:colcon.colcon_core.environment:checking '/home/vincent-pc/ros2_jazzy/install/robot_cpp/bin'
[2.799s] Level 1:colcon.colcon_core.environment:checking '/home/vincent-pc/ros2_jazzy/install/robot_cpp/lib/pkgconfig/robot_cpp.pc'
[2.799s] Level 1:colcon.colcon_core.environment:checking '/home/vincent-pc/ros2_jazzy/install/robot_cpp/lib/python3.12/site-packages'
[2.800s] Level 1:colcon.colcon_core.environment:checking '/home/vincent-pc/ros2_jazzy/install/robot_cpp/bin'
[2.800s] INFO:colcon.colcon_core.shell:Creating package script '/home/vincent-pc/ros2_jazzy/install/robot_cpp/share/robot_cpp/package.ps1'
[2.802s] INFO:colcon.colcon_core.shell:Creating package descriptor '/home/vincent-pc/ros2_jazzy/install/robot_cpp/share/robot_cpp/package.dsv'
[2.803s] INFO:colcon.colcon_core.shell:Creating package script '/home/vincent-pc/ros2_jazzy/install/robot_cpp/share/robot_cpp/package.sh'
[2.804s] INFO:colcon.colcon_core.shell:Creating package script '/home/vincent-pc/ros2_jazzy/install/robot_cpp/share/robot_cpp/package.bash'
[2.810s] INFO:colcon.colcon_core.shell:Creating package script '/home/vincent-pc/ros2_jazzy/install/robot_cpp/share/robot_cpp/package.zsh'
[2.811s] Level 1:colcon.colcon_core.environment:create_file_with_runtime_dependencies(/home/vincent-pc/ros2_jazzy/install/robot_cpp/share/colcon-core/packages/robot_cpp)
[3.640s] DEBUG:colcon.colcon_core.event_handler.log_command:Invoking command in '/home/vincent-pc/ros2_jazzy/build/lifecycle_py': CMAKE_PREFIX_PATH=/home/vincent-pc/ros2_jazzy/install/my_robot_interfaces:/home/vincent-pc/ros2_jazzy/install/robot_cpp:/home/vincent-pc/ros2_jazzy/install/my_robot_cpp:/home/vincent-pc/ros2_jazzy/install/my_robot_bringup:/home/vincent-pc/ros2_jazzy/install/lifecycle_cpp:/home/vincent-pc/ros2_jazzy/install/executors_cpp:/home/vincent-pc/ros2_jazzy/install/actions_cpp:/home/vincent-pc/ros2_jazzy/install/my_robot_description:/opt/ros/jazzy/opt/gz_sim_vendor:/opt/ros/jazzy/opt/gz_sensors_vendor:/opt/ros/jazzy/opt/gz_physics_vendor:/opt/ros/jazzy/opt/sdformat_vendor:/opt/ros/jazzy/opt/gz_gui_vendor:/opt/ros/jazzy/opt/gz_transport_vendor:/opt/ros/jazzy/opt/gz_rendering_vendor:/opt/ros/jazzy/opt/gz_plugin_vendor:/opt/ros/jazzy/opt/gz_fuel_tools_vendor:/opt/ros/jazzy/opt/gz_msgs_vendor:/opt/ros/jazzy/opt/gz_common_vendor:/opt/ros/jazzy/opt/gz_math_vendor:/opt/ros/jazzy/opt/gz_utils_vendor:/opt/ros/jazzy/opt/gz_tools_vendor:/opt/ros/jazzy/opt/gz_ogre_next_vendor:/opt/ros/jazzy/opt/gz_dartsim_vendor:/opt/ros/jazzy/opt/gz_cmake_vendor DEBUGINFOD_URLS=https://debuginfod.ubuntu.com PYTHONPATH=/home/vincent-pc/ros2_jazzy/build/lifecycle_py/prefix_override:/usr/lib/python3/dist-packages/colcon_core/task/python/colcon_distutils_commands:/home/vincent-pc/ros2_jazzy/install/lifecycle_py/lib/python3.12/site-packages:/home/vincent-pc/ros2_jazzy/install/my_robot_interfaces/lib/python3.12/site-packages:/home/vincent-pc/ros2_jazzy/build/robot_py:/home/vincent-pc/ros2_jazzy/install/robot_py/lib/python3.12/site-packages:/home/vincent-pc/ros2_jazzy/build/my_robot_python:/home/vincent-pc/ros2_jazzy/install/my_robot_python/lib/python3.12/site-packages:/home/vincent-pc/ros2_jazzy/build/lifecycle_py:/home/vincent-pc/ros2_jazzy/install/lifecycle_py/lib/python3.12/site-packages:/home/vincent-pc/ros2_jazzy/build/executors_py:/home/vincent-pc/ros2_jazzy/install/executors_py/lib/python3.12/site-packages:/home/vincent-pc/ros2_jazzy/build/actions_py:/home/vincent-pc/ros2_jazzy/install/actions_py/lib/python3.12/site-packages:/opt/ros/jazzy/lib/python3.12/site-packages /usr/bin/python3 -W ignore:setup.py install is deprecated -W ignore:easy_install command is deprecated setup.py develop --editable --build-directory /home/vincent-pc/ros2_jazzy/build/lifecycle_py/build --no-deps symlink_data
[3.664s] Level 1:colcon.colcon_core.shell:create_environment_hook('my_robot_python', 'pythonpath_develop')
[3.665s] INFO:colcon.colcon_core.shell:Creating environment hook '/home/vincent-pc/ros2_jazzy/build/my_robot_python/share/my_robot_python/hook/pythonpath_develop.ps1'
[3.667s] INFO:colcon.colcon_core.shell:Creating environment descriptor '/home/vincent-pc/ros2_jazzy/build/my_robot_python/share/my_robot_python/hook/pythonpath_develop.dsv'
[3.668s] INFO:colcon.colcon_core.shell:Creating environment hook '/home/vincent-pc/ros2_jazzy/build/my_robot_python/share/my_robot_python/hook/pythonpath_develop.sh'
[3.666s] DEBUG:colcon.colcon_core.event_handler.log_command:Invoked command in '/home/vincent-pc/ros2_jazzy/build/my_robot_python' returned '0': DEBUGINFOD_URLS=https://debuginfod.ubuntu.com PYTHONPATH=/home/vincent-pc/ros2_jazzy/build/my_robot_python/prefix_override:/usr/lib/python3/dist-packages/colcon_core/task/python/colcon_distutils_commands:/home/vincent-pc/ros2_jazzy/install/my_robot_python/lib/python3.12/site-packages:${PYTHONPATH} /usr/bin/python3 -W ignore:setup.py install is deprecated -W ignore:easy_install command is deprecated setup.py develop --editable --build-directory /home/vincent-pc/ros2_jazzy/build/my_robot_python/build --no-deps symlink_data
[3.670s] Level 1:colcon.colcon_core.environment:checking '/home/vincent-pc/ros2_jazzy/install/my_robot_python' for CMake module files
[3.671s] Level 1:colcon.colcon_core.environment:checking '/home/vincent-pc/ros2_jazzy/install/my_robot_python' for CMake config files
[3.672s] Level 1:colcon.colcon_core.environment:checking '/home/vincent-pc/ros2_jazzy/install/my_robot_python/lib'
[3.672s] Level 1:colcon.colcon_core.environment:checking '/home/vincent-pc/ros2_jazzy/install/my_robot_python/bin'
[3.672s] Level 1:colcon.colcon_core.environment:checking '/home/vincent-pc/ros2_jazzy/install/my_robot_python/lib/pkgconfig/my_robot_python.pc'
[3.673s] Level 1:colcon.colcon_core.environment:checking '/home/vincent-pc/ros2_jazzy/install/my_robot_python/lib/python3.12/site-packages'
[3.674s] Level 1:colcon.colcon_core.shell:create_environment_hook('my_robot_python', 'pythonpath')
[3.674s] INFO:colcon.colcon_core.shell:Creating environment hook '/home/vincent-pc/ros2_jazzy/install/my_robot_python/share/my_robot_python/hook/pythonpath.ps1'
[3.675s] INFO:colcon.colcon_core.shell:Creating environment descriptor '/home/vincent-pc/ros2_jazzy/install/my_robot_python/share/my_robot_python/hook/pythonpath.dsv'
[3.676s] INFO:colcon.colcon_core.shell:Creating environment hook '/home/vincent-pc/ros2_jazzy/install/my_robot_python/share/my_robot_python/hook/pythonpath.sh'
[3.678s] Level 1:colcon.colcon_core.environment:checking '/home/vincent-pc/ros2_jazzy/install/my_robot_python/bin'
[3.678s] Level 1:colcon.colcon_core.environment:create_environment_scripts_only(my_robot_python)
[3.679s] INFO:colcon.colcon_core.shell:Creating package script '/home/vincent-pc/ros2_jazzy/install/my_robot_python/share/my_robot_python/package.ps1'
[3.680s] INFO:colcon.colcon_core.shell:Creating package descriptor '/home/vincent-pc/ros2_jazzy/install/my_robot_python/share/my_robot_python/package.dsv'
[3.681s] INFO:colcon.colcon_core.shell:Creating package script '/home/vincent-pc/ros2_jazzy/install/my_robot_python/share/my_robot_python/package.sh'
[3.682s] INFO:colcon.colcon_core.shell:Creating package script '/home/vincent-pc/ros2_jazzy/install/my_robot_python/share/my_robot_python/package.bash'
[3.683s] INFO:colcon.colcon_core.shell:Creating package script '/home/vincent-pc/ros2_jazzy/install/my_robot_python/share/my_robot_python/package.zsh'
[3.684s] Level 1:colcon.colcon_core.environment:create_file_with_runtime_dependencies(/home/vincent-pc/ros2_jazzy/install/my_robot_python/share/colcon-core/packages/my_robot_python)
[3.709s] DEBUG:colcon.colcon_core.event_handler.log_command:Invoking command in '/home/vincent-pc/ros2_jazzy/build/executors_py': CMAKE_PREFIX_PATH=/home/vincent-pc/ros2_jazzy/install/my_robot_interfaces:/home/vincent-pc/ros2_jazzy/install/robot_cpp:/home/vincent-pc/ros2_jazzy/install/my_robot_cpp:/home/vincent-pc/ros2_jazzy/install/my_robot_bringup:/home/vincent-pc/ros2_jazzy/install/lifecycle_cpp:/home/vincent-pc/ros2_jazzy/install/executors_cpp:/home/vincent-pc/ros2_jazzy/install/actions_cpp:/home/vincent-pc/ros2_jazzy/install/my_robot_description:/opt/ros/jazzy/opt/gz_sim_vendor:/opt/ros/jazzy/opt/gz_sensors_vendor:/opt/ros/jazzy/opt/gz_physics_vendor:/opt/ros/jazzy/opt/sdformat_vendor:/opt/ros/jazzy/opt/gz_gui_vendor:/opt/ros/jazzy/opt/gz_transport_vendor:/opt/ros/jazzy/opt/gz_rendering_vendor:/opt/ros/jazzy/opt/gz_plugin_vendor:/opt/ros/jazzy/opt/gz_fuel_tools_vendor:/opt/ros/jazzy/opt/gz_msgs_vendor:/opt/ros/jazzy/opt/gz_common_vendor:/opt/ros/jazzy/opt/gz_math_vendor:/opt/ros/jazzy/opt/gz_utils_vendor:/opt/ros/jazzy/opt/gz_tools_vendor:/opt/ros/jazzy/opt/gz_ogre_next_vendor:/opt/ros/jazzy/opt/gz_dartsim_vendor:/opt/ros/jazzy/opt/gz_cmake_vendor DEBUGINFOD_URLS=https://debuginfod.ubuntu.com PYTHONPATH=/home/vincent-pc/ros2_jazzy/build/executors_py/prefix_override:/usr/lib/python3/dist-packages/colcon_core/task/python/colcon_distutils_commands:/home/vincent-pc/ros2_jazzy/install/executors_py/lib/python3.12/site-packages:/home/vincent-pc/ros2_jazzy/install/my_robot_interfaces/lib/python3.12/site-packages:/home/vincent-pc/ros2_jazzy/build/robot_py:/home/vincent-pc/ros2_jazzy/install/robot_py/lib/python3.12/site-packages:/home/vincent-pc/ros2_jazzy/build/my_robot_python:/home/vincent-pc/ros2_jazzy/install/my_robot_python/lib/python3.12/site-packages:/home/vincent-pc/ros2_jazzy/build/lifecycle_py:/home/vincent-pc/ros2_jazzy/install/lifecycle_py/lib/python3.12/site-packages:/home/vincent-pc/ros2_jazzy/build/executors_py:/home/vincent-pc/ros2_jazzy/install/executors_py/lib/python3.12/site-packages:/home/vincent-pc/ros2_jazzy/build/actions_py:/home/vincent-pc/ros2_jazzy/install/actions_py/lib/python3.12/site-packages:/opt/ros/jazzy/lib/python3.12/site-packages /usr/bin/python3 -W ignore:setup.py install is deprecated -W ignore:easy_install command is deprecated setup.py develop --editable --build-directory /home/vincent-pc/ros2_jazzy/build/executors_py/build --no-deps symlink_data
[3.731s] DEBUG:colcon.colcon_core.event_handler.log_command:Invoking command in '/home/vincent-pc/ros2_jazzy/build/actions_py': CMAKE_PREFIX_PATH=/home/vincent-pc/ros2_jazzy/install/my_robot_interfaces:/home/vincent-pc/ros2_jazzy/install/robot_cpp:/home/vincent-pc/ros2_jazzy/install/my_robot_cpp:/home/vincent-pc/ros2_jazzy/install/my_robot_bringup:/home/vincent-pc/ros2_jazzy/install/lifecycle_cpp:/home/vincent-pc/ros2_jazzy/install/executors_cpp:/home/vincent-pc/ros2_jazzy/install/actions_cpp:/home/vincent-pc/ros2_jazzy/install/my_robot_description:/opt/ros/jazzy/opt/gz_sim_vendor:/opt/ros/jazzy/opt/gz_sensors_vendor:/opt/ros/jazzy/opt/gz_physics_vendor:/opt/ros/jazzy/opt/sdformat_vendor:/opt/ros/jazzy/opt/gz_gui_vendor:/opt/ros/jazzy/opt/gz_transport_vendor:/opt/ros/jazzy/opt/gz_rendering_vendor:/opt/ros/jazzy/opt/gz_plugin_vendor:/opt/ros/jazzy/opt/gz_fuel_tools_vendor:/opt/ros/jazzy/opt/gz_msgs_vendor:/opt/ros/jazzy/opt/gz_common_vendor:/opt/ros/jazzy/opt/gz_math_vendor:/opt/ros/jazzy/opt/gz_utils_vendor:/opt/ros/jazzy/opt/gz_tools_vendor:/opt/ros/jazzy/opt/gz_ogre_next_vendor:/opt/ros/jazzy/opt/gz_dartsim_vendor:/opt/ros/jazzy/opt/gz_cmake_vendor DEBUGINFOD_URLS=https://debuginfod.ubuntu.com PYTHONPATH=/home/vincent-pc/ros2_jazzy/build/actions_py/prefix_override:/usr/lib/python3/dist-packages/colcon_core/task/python/colcon_distutils_commands:/home/vincent-pc/ros2_jazzy/install/actions_py/lib/python3.12/site-packages:/home/vincent-pc/ros2_jazzy/install/my_robot_interfaces/lib/python3.12/site-packages:/home/vincent-pc/ros2_jazzy/build/robot_py:/home/vincent-pc/ros2_jazzy/install/robot_py/lib/python3.12/site-packages:/home/vincent-pc/ros2_jazzy/build/my_robot_python:/home/vincent-pc/ros2_jazzy/install/my_robot_python/lib/python3.12/site-packages:/home/vincent-pc/ros2_jazzy/build/lifecycle_py:/home/vincent-pc/ros2_jazzy/install/lifecycle_py/lib/python3.12/site-packages:/home/vincent-pc/ros2_jazzy/build/executors_py:/home/vincent-pc/ros2_jazzy/install/executors_py/lib/python3.12/site-packages:/home/vincent-pc/ros2_jazzy/build/actions_py:/home/vincent-pc/ros2_jazzy/install/actions_py/lib/python3.12/site-packages:/opt/ros/jazzy/lib/python3.12/site-packages /usr/bin/python3 -W ignore:setup.py install is deprecated -W ignore:easy_install command is deprecated setup.py develop --editable --build-directory /home/vincent-pc/ros2_jazzy/build/actions_py/build --no-deps symlink_data
[3.842s] Level 1:colcon.colcon_core.shell:create_environment_hook('robot_py', 'pythonpath_develop')
[3.842s] INFO:colcon.colcon_core.shell:Creating environment hook '/home/vincent-pc/ros2_jazzy/build/robot_py/share/robot_py/hook/pythonpath_develop.ps1'
[3.843s] INFO:colcon.colcon_core.shell:Creating environment descriptor '/home/vincent-pc/ros2_jazzy/build/robot_py/share/robot_py/hook/pythonpath_develop.dsv'
[3.844s] INFO:colcon.colcon_core.shell:Creating environment hook '/home/vincent-pc/ros2_jazzy/build/robot_py/share/robot_py/hook/pythonpath_develop.sh'
[3.845s] Level 1:colcon.colcon_core.environment:checking '/home/vincent-pc/ros2_jazzy/install/robot_py' for CMake module files
[3.846s] DEBUG:colcon.colcon_core.event_handler.log_command:Invoked command in '/home/vincent-pc/ros2_jazzy/build/robot_py' returned '0': DEBUGINFOD_URLS=https://debuginfod.ubuntu.com PYTHONPATH=/home/vincent-pc/ros2_jazzy/build/robot_py/prefix_override:/usr/lib/python3/dist-packages/colcon_core/task/python/colcon_distutils_commands:/home/vincent-pc/ros2_jazzy/install/robot_py/lib/python3.12/site-packages:${PYTHONPATH} /usr/bin/python3 -W ignore:setup.py install is deprecated -W ignore:easy_install command is deprecated setup.py develop --editable --build-directory /home/vincent-pc/ros2_jazzy/build/robot_py/build --no-deps symlink_data
[3.847s] Level 1:colcon.colcon_core.environment:checking '/home/vincent-pc/ros2_jazzy/install/robot_py' for CMake config files
[3.848s] Level 1:colcon.colcon_core.environment:checking '/home/vincent-pc/ros2_jazzy/install/robot_py/lib'
[3.848s] Level 1:colcon.colcon_core.environment:checking '/home/vincent-pc/ros2_jazzy/install/robot_py/bin'
[3.848s] Level 1:colcon.colcon_core.environment:checking '/home/vincent-pc/ros2_jazzy/install/robot_py/lib/pkgconfig/robot_py.pc'
[3.848s] Level 1:colcon.colcon_core.environment:checking '/home/vincent-pc/ros2_jazzy/install/robot_py/lib/python3.12/site-packages'
[3.848s] Level 1:colcon.colcon_core.shell:create_environment_hook('robot_py', 'pythonpath')
[3.849s] INFO:colcon.colcon_core.shell:Creating environment hook '/home/vincent-pc/ros2_jazzy/install/robot_py/share/robot_py/hook/pythonpath.ps1'
[3.850s] INFO:colcon.colcon_core.shell:Creating environment descriptor '/home/vincent-pc/ros2_jazzy/install/robot_py/share/robot_py/hook/pythonpath.dsv'
[3.850s] INFO:colcon.colcon_core.shell:Creating environment hook '/home/vincent-pc/ros2_jazzy/install/robot_py/share/robot_py/hook/pythonpath.sh'
[3.851s] Level 1:colcon.colcon_core.environment:checking '/home/vincent-pc/ros2_jazzy/install/robot_py/bin'
[3.852s] Level 1:colcon.colcon_core.environment:create_environment_scripts_only(robot_py)
[3.852s] INFO:colcon.colcon_core.shell:Creating package script '/home/vincent-pc/ros2_jazzy/install/robot_py/share/robot_py/package.ps1'
[3.853s] INFO:colcon.colcon_core.shell:Creating package descriptor '/home/vincent-pc/ros2_jazzy/install/robot_py/share/robot_py/package.dsv'
[3.854s] INFO:colcon.colcon_core.shell:Creating package script '/home/vincent-pc/ros2_jazzy/install/robot_py/share/robot_py/package.sh'
[3.856s] INFO:colcon.colcon_core.shell:Creating package script '/home/vincent-pc/ros2_jazzy/install/robot_py/share/robot_py/package.bash'
[3.856s] INFO:colcon.colcon_core.shell:Creating package script '/home/vincent-pc/ros2_jazzy/install/robot_py/share/robot_py/package.zsh'
[3.857s] Level 1:colcon.colcon_core.environment:create_file_with_runtime_dependencies(/home/vincent-pc/ros2_jazzy/install/robot_py/share/colcon-core/packages/robot_py)
[4.614s] Level 1:colcon.colcon_core.shell:create_environment_hook('lifecycle_py', 'pythonpath_develop')
[4.614s] INFO:colcon.colcon_core.shell:Creating environment hook '/home/vincent-pc/ros2_jazzy/build/lifecycle_py/share/lifecycle_py/hook/pythonpath_develop.ps1'
[4.615s] DEBUG:colcon.colcon_core.event_handler.log_command:Invoked command in '/home/vincent-pc/ros2_jazzy/build/lifecycle_py' returned '0': CMAKE_PREFIX_PATH=/home/vincent-pc/ros2_jazzy/install/my_robot_interfaces:/home/vincent-pc/ros2_jazzy/install/robot_cpp:/home/vincent-pc/ros2_jazzy/install/my_robot_cpp:/home/vincent-pc/ros2_jazzy/install/my_robot_bringup:/home/vincent-pc/ros2_jazzy/install/lifecycle_cpp:/home/vincent-pc/ros2_jazzy/install/executors_cpp:/home/vincent-pc/ros2_jazzy/install/actions_cpp:/home/vincent-pc/ros2_jazzy/install/my_robot_description:/opt/ros/jazzy/opt/gz_sim_vendor:/opt/ros/jazzy/opt/gz_sensors_vendor:/opt/ros/jazzy/opt/gz_physics_vendor:/opt/ros/jazzy/opt/sdformat_vendor:/opt/ros/jazzy/opt/gz_gui_vendor:/opt/ros/jazzy/opt/gz_transport_vendor:/opt/ros/jazzy/opt/gz_rendering_vendor:/opt/ros/jazzy/opt/gz_plugin_vendor:/opt/ros/jazzy/opt/gz_fuel_tools_vendor:/opt/ros/jazzy/opt/gz_msgs_vendor:/opt/ros/jazzy/opt/gz_common_vendor:/opt/ros/jazzy/opt/gz_math_vendor:/opt/ros/jazzy/opt/gz_utils_vendor:/opt/ros/jazzy/opt/gz_tools_vendor:/opt/ros/jazzy/opt/gz_ogre_next_vendor:/opt/ros/jazzy/opt/gz_dartsim_vendor:/opt/ros/jazzy/opt/gz_cmake_vendor DEBUGINFOD_URLS=https://debuginfod.ubuntu.com PYTHONPATH=/home/vincent-pc/ros2_jazzy/build/lifecycle_py/prefix_override:/usr/lib/python3/dist-packages/colcon_core/task/python/colcon_distutils_commands:/home/vincent-pc/ros2_jazzy/install/lifecycle_py/lib/python3.12/site-packages:/home/vincent-pc/ros2_jazzy/install/my_robot_interfaces/lib/python3.12/site-packages:/home/vincent-pc/ros2_jazzy/build/robot_py:/home/vincent-pc/ros2_jazzy/install/robot_py/lib/python3.12/site-packages:/home/vincent-pc/ros2_jazzy/build/my_robot_python:/home/vincent-pc/ros2_jazzy/install/my_robot_python/lib/python3.12/site-packages:/home/vincent-pc/ros2_jazzy/build/lifecycle_py:/home/vincent-pc/ros2_jazzy/install/lifecycle_py/lib/python3.12/site-packages:/home/vincent-pc/ros2_jazzy/build/executors_py:/home/vincent-pc/ros2_jazzy/install/executors_py/lib/python3.12/site-packages:/home/vincent-pc/ros2_jazzy/build/actions_py:/home/vincent-pc/ros2_jazzy/install/actions_py/lib/python3.12/site-packages:/opt/ros/jazzy/lib/python3.12/site-packages /usr/bin/python3 -W ignore:setup.py install is deprecated -W ignore:easy_install command is deprecated setup.py develop --editable --build-directory /home/vincent-pc/ros2_jazzy/build/lifecycle_py/build --no-deps symlink_data
[4.615s] INFO:colcon.colcon_core.shell:Creating environment descriptor '/home/vincent-pc/ros2_jazzy/build/lifecycle_py/share/lifecycle_py/hook/pythonpath_develop.dsv'
[4.616s] INFO:colcon.colcon_core.shell:Creating environment hook '/home/vincent-pc/ros2_jazzy/build/lifecycle_py/share/lifecycle_py/hook/pythonpath_develop.sh'
[4.616s] Level 1:colcon.colcon_core.environment:checking '/home/vincent-pc/ros2_jazzy/install/lifecycle_py' for CMake module files
[4.617s] Level 1:colcon.colcon_core.environment:checking '/home/vincent-pc/ros2_jazzy/install/lifecycle_py' for CMake config files
[4.617s] Level 1:colcon.colcon_core.environment:checking '/home/vincent-pc/ros2_jazzy/install/lifecycle_py/lib'
[4.617s] Level 1:colcon.colcon_core.environment:checking '/home/vincent-pc/ros2_jazzy/install/lifecycle_py/bin'
[4.617s] Level 1:colcon.colcon_core.environment:checking '/home/vincent-pc/ros2_jazzy/install/lifecycle_py/lib/pkgconfig/lifecycle_py.pc'
[4.618s] Level 1:colcon.colcon_core.environment:checking '/home/vincent-pc/ros2_jazzy/install/lifecycle_py/lib/python3.12/site-packages'
[4.618s] Level 1:colcon.colcon_core.shell:create_environment_hook('lifecycle_py', 'pythonpath')
[4.618s] INFO:colcon.colcon_core.shell:Creating environment hook '/home/vincent-pc/ros2_jazzy/install/lifecycle_py/share/lifecycle_py/hook/pythonpath.ps1'
[4.619s] INFO:colcon.colcon_core.shell:Creating environment descriptor '/home/vincent-pc/ros2_jazzy/install/lifecycle_py/share/lifecycle_py/hook/pythonpath.dsv'
[4.619s] INFO:colcon.colcon_core.shell:Creating environment hook '/home/vincent-pc/ros2_jazzy/install/lifecycle_py/share/lifecycle_py/hook/pythonpath.sh'
[4.621s] Level 1:colcon.colcon_core.environment:checking '/home/vincent-pc/ros2_jazzy/install/lifecycle_py/bin'
[4.621s] Level 1:colcon.colcon_core.environment:create_environment_scripts_only(lifecycle_py)
[4.621s] INFO:colcon.colcon_core.shell:Creating package script '/home/vincent-pc/ros2_jazzy/install/lifecycle_py/share/lifecycle_py/package.ps1'
[4.622s] INFO:colcon.colcon_core.shell:Creating package descriptor '/home/vincent-pc/ros2_jazzy/install/lifecycle_py/share/lifecycle_py/package.dsv'
[4.623s] INFO:colcon.colcon_core.shell:Creating package script '/home/vincent-pc/ros2_jazzy/install/lifecycle_py/share/lifecycle_py/package.sh'
[4.624s] INFO:colcon.colcon_core.shell:Creating package script '/home/vincent-pc/ros2_jazzy/install/lifecycle_py/share/lifecycle_py/package.bash'
[4.624s] INFO:colcon.colcon_core.shell:Creating package script '/home/vincent-pc/ros2_jazzy/install/lifecycle_py/share/lifecycle_py/package.zsh'
[4.624s] Level 1:colcon.colcon_core.environment:create_file_with_runtime_dependencies(/home/vincent-pc/ros2_jazzy/install/lifecycle_py/share/colcon-core/packages/lifecycle_py)
[4.624s] INFO:colcon.colcon_ros.task.ament_cmake.build:Building ROS package in '/home/vincent-pc/ros2_jazzy/src/my_robot_bringup' with build type 'ament_cmake'
[4.625s] INFO:colcon.colcon_cmake.task.cmake.build:Building CMake package in '/home/vincent-pc/ros2_jazzy/src/my_robot_bringup'
[4.625s] INFO:colcon.colcon_core.shell:Skip shell extension 'powershell' for command environment: Not usable outside of PowerShell
[4.625s] DEBUG:colcon.colcon_core.shell:Skip shell extension 'dsv' for command environment
[4.635s] Level 1:colcon.colcon_core.shell:create_environment_hook('executors_py', 'pythonpath_develop')
[4.635s] INFO:colcon.colcon_core.shell:Creating environment hook '/home/vincent-pc/ros2_jazzy/build/executors_py/share/executors_py/hook/pythonpath_develop.ps1'
[4.637s] DEBUG:colcon.colcon_core.event_handler.log_command:Invoked command in '/home/vincent-pc/ros2_jazzy/build/executors_py' returned '0': CMAKE_PREFIX_PATH=/home/vincent-pc/ros2_jazzy/install/my_robot_interfaces:/home/vincent-pc/ros2_jazzy/install/robot_cpp:/home/vincent-pc/ros2_jazzy/install/my_robot_cpp:/home/vincent-pc/ros2_jazzy/install/my_robot_bringup:/home/vincent-pc/ros2_jazzy/install/lifecycle_cpp:/home/vincent-pc/ros2_jazzy/install/executors_cpp:/home/vincent-pc/ros2_jazzy/install/actions_cpp:/home/vincent-pc/ros2_jazzy/install/my_robot_description:/opt/ros/jazzy/opt/gz_sim_vendor:/opt/ros/jazzy/opt/gz_sensors_vendor:/opt/ros/jazzy/opt/gz_physics_vendor:/opt/ros/jazzy/opt/sdformat_vendor:/opt/ros/jazzy/opt/gz_gui_vendor:/opt/ros/jazzy/opt/gz_transport_vendor:/opt/ros/jazzy/opt/gz_rendering_vendor:/opt/ros/jazzy/opt/gz_plugin_vendor:/opt/ros/jazzy/opt/gz_fuel_tools_vendor:/opt/ros/jazzy/opt/gz_msgs_vendor:/opt/ros/jazzy/opt/gz_common_vendor:/opt/ros/jazzy/opt/gz_math_vendor:/opt/ros/jazzy/opt/gz_utils_vendor:/opt/ros/jazzy/opt/gz_tools_vendor:/opt/ros/jazzy/opt/gz_ogre_next_vendor:/opt/ros/jazzy/opt/gz_dartsim_vendor:/opt/ros/jazzy/opt/gz_cmake_vendor DEBUGINFOD_URLS=https://debuginfod.ubuntu.com PYTHONPATH=/home/vincent-pc/ros2_jazzy/build/executors_py/prefix_override:/usr/lib/python3/dist-packages/colcon_core/task/python/colcon_distutils_commands:/home/vincent-pc/ros2_jazzy/install/executors_py/lib/python3.12/site-packages:/home/vincent-pc/ros2_jazzy/install/my_robot_interfaces/lib/python3.12/site-packages:/home/vincent-pc/ros2_jazzy/build/robot_py:/home/vincent-pc/ros2_jazzy/install/robot_py/lib/python3.12/site-packages:/home/vincent-pc/ros2_jazzy/build/my_robot_python:/home/vincent-pc/ros2_jazzy/install/my_robot_python/lib/python3.12/site-packages:/home/vincent-pc/ros2_jazzy/build/lifecycle_py:/home/vincent-pc/ros2_jazzy/install/lifecycle_py/lib/python3.12/site-packages:/home/vincent-pc/ros2_jazzy/build/executors_py:/home/vincent-pc/ros2_jazzy/install/executors_py/lib/python3.12/site-packages:/home/vincent-pc/ros2_jazzy/build/actions_py:/home/vincent-pc/ros2_jazzy/install/actions_py/lib/python3.12/site-packages:/opt/ros/jazzy/lib/python3.12/site-packages /usr/bin/python3 -W ignore:setup.py install is deprecated -W ignore:easy_install command is deprecated setup.py develop --editable --build-directory /home/vincent-pc/ros2_jazzy/build/executors_py/build --no-deps symlink_data
[4.637s] INFO:colcon.colcon_core.shell:Creating environment descriptor '/home/vincent-pc/ros2_jazzy/build/executors_py/share/executors_py/hook/pythonpath_develop.dsv'
[4.639s] INFO:colcon.colcon_core.shell:Creating environment hook '/home/vincent-pc/ros2_jazzy/build/executors_py/share/executors_py/hook/pythonpath_develop.sh'
[4.640s] Level 1:colcon.colcon_core.environment:checking '/home/vincent-pc/ros2_jazzy/install/executors_py' for CMake module files
[4.641s] Level 1:colcon.colcon_core.environment:checking '/home/vincent-pc/ros2_jazzy/install/executors_py' for CMake config files
[4.644s] Level 1:colcon.colcon_core.environment:checking '/home/vincent-pc/ros2_jazzy/install/executors_py/lib'
[4.644s] Level 1:colcon.colcon_core.environment:checking '/home/vincent-pc/ros2_jazzy/install/executors_py/bin'
[4.644s] Level 1:colcon.colcon_core.environment:checking '/home/vincent-pc/ros2_jazzy/install/executors_py/lib/pkgconfig/executors_py.pc'
[4.645s] Level 1:colcon.colcon_core.environment:checking '/home/vincent-pc/ros2_jazzy/install/executors_py/lib/python3.12/site-packages'
[4.645s] Level 1:colcon.colcon_core.shell:create_environment_hook('executors_py', 'pythonpath')
[4.645s] INFO:colcon.colcon_core.shell:Creating environment hook '/home/vincent-pc/ros2_jazzy/install/executors_py/share/executors_py/hook/pythonpath.ps1'
[4.646s] INFO:colcon.colcon_core.shell:Creating environment descriptor '/home/vincent-pc/ros2_jazzy/install/executors_py/share/executors_py/hook/pythonpath.dsv'
[4.647s] INFO:colcon.colcon_core.shell:Creating environment hook '/home/vincent-pc/ros2_jazzy/install/executors_py/share/executors_py/hook/pythonpath.sh'
[4.647s] Level 1:colcon.colcon_core.environment:checking '/home/vincent-pc/ros2_jazzy/install/executors_py/bin'
[4.648s] Level 1:colcon.colcon_core.environment:create_environment_scripts_only(executors_py)
[4.648s] INFO:colcon.colcon_core.shell:Creating package script '/home/vincent-pc/ros2_jazzy/install/executors_py/share/executors_py/package.ps1'
[4.649s] INFO:colcon.colcon_core.shell:Creating package descriptor '/home/vincent-pc/ros2_jazzy/install/executors_py/share/executors_py/package.dsv'
[4.649s] INFO:colcon.colcon_core.shell:Creating package script '/home/vincent-pc/ros2_jazzy/install/executors_py/share/executors_py/package.sh'
[4.650s] INFO:colcon.colcon_core.shell:Creating package script '/home/vincent-pc/ros2_jazzy/install/executors_py/share/executors_py/package.bash'
[4.650s] INFO:colcon.colcon_core.shell:Creating package script '/home/vincent-pc/ros2_jazzy/install/executors_py/share/executors_py/package.zsh'
[4.651s] Level 1:colcon.colcon_core.environment:create_file_with_runtime_dependencies(/home/vincent-pc/ros2_jazzy/install/executors_py/share/colcon-core/packages/executors_py)
[4.655s] DEBUG:colcon.colcon_core.event_handler.log_command:Invoking command in '/home/vincent-pc/ros2_jazzy/build/my_robot_bringup': AMENT_PREFIX_PATH=/home/vincent-pc/ros2_jazzy/install/lifecycle_py:/home/vincent-pc/ros2_jazzy/install/robot_py:/home/vincent-pc/ros2_jazzy/install/robot_cpp:/home/vincent-pc/ros2_jazzy/install/my_robot_python:/home/vincent-pc/ros2_jazzy/install/my_robot_cpp:/home/vincent-pc/ros2_jazzy/install/my_robot_bringup:/home/vincent-pc/ros2_jazzy/install/lifecycle_cpp:/home/vincent-pc/ros2_jazzy/install/executors_py:/home/vincent-pc/ros2_jazzy/install/executors_cpp:/home/vincent-pc/ros2_jazzy/install/actions_py:/home/vincent-pc/ros2_jazzy/install/actions_cpp:/home/vincent-pc/ros2_jazzy/install/my_robot_interfaces:/home/vincent-pc/ros2_jazzy/install/my_robot_description:/opt/ros/jazzy CMAKE_PREFIX_PATH=/home/vincent-pc/ros2_jazzy/install/lifecycle_cpp:/home/vincent-pc/ros2_jazzy/install/my_robot_interfaces:/home/vincent-pc/ros2_jazzy/install/robot_cpp:/home/vincent-pc/ros2_jazzy/install/my_robot_cpp:/home/vincent-pc/ros2_jazzy/install/my_robot_bringup:/home/vincent-pc/ros2_jazzy/install/executors_cpp:/home/vincent-pc/ros2_jazzy/install/actions_cpp:/home/vincent-pc/ros2_jazzy/install/my_robot_description:/opt/ros/jazzy/opt/gz_sim_vendor:/opt/ros/jazzy/opt/gz_sensors_vendor:/opt/ros/jazzy/opt/gz_physics_vendor:/opt/ros/jazzy/opt/sdformat_vendor:/opt/ros/jazzy/opt/gz_gui_vendor:/opt/ros/jazzy/opt/gz_transport_vendor:/opt/ros/jazzy/opt/gz_rendering_vendor:/opt/ros/jazzy/opt/gz_plugin_vendor:/opt/ros/jazzy/opt/gz_fuel_tools_vendor:/opt/ros/jazzy/opt/gz_msgs_vendor:/opt/ros/jazzy/opt/gz_common_vendor:/opt/ros/jazzy/opt/gz_math_vendor:/opt/ros/jazzy/opt/gz_utils_vendor:/opt/ros/jazzy/opt/gz_tools_vendor:/opt/ros/jazzy/opt/gz_ogre_next_vendor:/opt/ros/jazzy/opt/gz_dartsim_vendor:/opt/ros/jazzy/opt/gz_cmake_vendor:/home/vincent-pc/ros2_jazzy/install/robot_py:/home/vincent-pc/ros2_jazzy/install/my_robot_python:/home/vincent-pc/ros2_jazzy/install/lifecycle_py:/home/vincent-pc/ros2_jazzy/install/executors_py:/home/vincent-pc/ros2_jazzy/install/actions_py:/opt/ros/jazzy DEBUGINFOD_URLS=https://debuginfod.ubuntu.com PYTHONPATH=/home/vincent-pc/ros2_jazzy/build/lifecycle_py:/home/vincent-pc/ros2_jazzy/install/lifecycle_py/lib/python3.12/site-packages:/home/vincent-pc/ros2_jazzy/install/my_robot_interfaces/lib/python3.12/site-packages:/home/vincent-pc/ros2_jazzy/build/robot_py:/home/vincent-pc/ros2_jazzy/install/robot_py/lib/python3.12/site-packages:/home/vincent-pc/ros2_jazzy/build/my_robot_python:/home/vincent-pc/ros2_jazzy/install/my_robot_python/lib/python3.12/site-packages:/home/vincent-pc/ros2_jazzy/build/executors_py:/home/vincent-pc/ros2_jazzy/install/executors_py/lib/python3.12/site-packages:/home/vincent-pc/ros2_jazzy/build/actions_py:/home/vincent-pc/ros2_jazzy/install/actions_py/lib/python3.12/site-packages:/opt/ros/jazzy/lib/python3.12/site-packages /usr/bin/cmake --build /home/vincent-pc/ros2_jazzy/build/my_robot_bringup -- -j8 -l8
[4.695s] Level 1:colcon.colcon_core.shell:create_environment_hook('actions_py', 'pythonpath_develop')
[4.696s] INFO:colcon.colcon_core.shell:Creating environment hook '/home/vincent-pc/ros2_jazzy/build/actions_py/share/actions_py/hook/pythonpath_develop.ps1'
[4.697s] DEBUG:colcon.colcon_core.event_handler.log_command:Invoked command in '/home/vincent-pc/ros2_jazzy/build/actions_py' returned '0': CMAKE_PREFIX_PATH=/home/vincent-pc/ros2_jazzy/install/my_robot_interfaces:/home/vincent-pc/ros2_jazzy/install/robot_cpp:/home/vincent-pc/ros2_jazzy/install/my_robot_cpp:/home/vincent-pc/ros2_jazzy/install/my_robot_bringup:/home/vincent-pc/ros2_jazzy/install/lifecycle_cpp:/home/vincent-pc/ros2_jazzy/install/executors_cpp:/home/vincent-pc/ros2_jazzy/install/actions_cpp:/home/vincent-pc/ros2_jazzy/install/my_robot_description:/opt/ros/jazzy/opt/gz_sim_vendor:/opt/ros/jazzy/opt/gz_sensors_vendor:/opt/ros/jazzy/opt/gz_physics_vendor:/opt/ros/jazzy/opt/sdformat_vendor:/opt/ros/jazzy/opt/gz_gui_vendor:/opt/ros/jazzy/opt/gz_transport_vendor:/opt/ros/jazzy/opt/gz_rendering_vendor:/opt/ros/jazzy/opt/gz_plugin_vendor:/opt/ros/jazzy/opt/gz_fuel_tools_vendor:/opt/ros/jazzy/opt/gz_msgs_vendor:/opt/ros/jazzy/opt/gz_common_vendor:/opt/ros/jazzy/opt/gz_math_vendor:/opt/ros/jazzy/opt/gz_utils_vendor:/opt/ros/jazzy/opt/gz_tools_vendor:/opt/ros/jazzy/opt/gz_ogre_next_vendor:/opt/ros/jazzy/opt/gz_dartsim_vendor:/opt/ros/jazzy/opt/gz_cmake_vendor DEBUGINFOD_URLS=https://debuginfod.ubuntu.com PYTHONPATH=/home/vincent-pc/ros2_jazzy/build/actions_py/prefix_override:/usr/lib/python3/dist-packages/colcon_core/task/python/colcon_distutils_commands:/home/vincent-pc/ros2_jazzy/install/actions_py/lib/python3.12/site-packages:/home/vincent-pc/ros2_jazzy/install/my_robot_interfaces/lib/python3.12/site-packages:/home/vincent-pc/ros2_jazzy/build/robot_py:/home/vincent-pc/ros2_jazzy/install/robot_py/lib/python3.12/site-packages:/home/vincent-pc/ros2_jazzy/build/my_robot_python:/home/vincent-pc/ros2_jazzy/install/my_robot_python/lib/python3.12/site-packages:/home/vincent-pc/ros2_jazzy/build/lifecycle_py:/home/vincent-pc/ros2_jazzy/install/lifecycle_py/lib/python3.12/site-packages:/home/vincent-pc/ros2_jazzy/build/executors_py:/home/vincent-pc/ros2_jazzy/install/executors_py/lib/python3.12/site-packages:/home/vincent-pc/ros2_jazzy/build/actions_py:/home/vincent-pc/ros2_jazzy/install/actions_py/lib/python3.12/site-packages:/opt/ros/jazzy/lib/python3.12/site-packages /usr/bin/python3 -W ignore:setup.py install is deprecated -W ignore:easy_install command is deprecated setup.py develop --editable --build-directory /home/vincent-pc/ros2_jazzy/build/actions_py/build --no-deps symlink_data
[4.697s] INFO:colcon.colcon_core.shell:Creating environment descriptor '/home/vincent-pc/ros2_jazzy/build/actions_py/share/actions_py/hook/pythonpath_develop.dsv'
[4.697s] INFO:colcon.colcon_core.shell:Creating environment hook '/home/vincent-pc/ros2_jazzy/build/actions_py/share/actions_py/hook/pythonpath_develop.sh'
[4.698s] Level 1:colcon.colcon_core.environment:checking '/home/vincent-pc/ros2_jazzy/install/actions_py' for CMake module files
[4.698s] Level 1:colcon.colcon_core.environment:checking '/home/vincent-pc/ros2_jazzy/install/actions_py' for CMake config files
[4.699s] Level 1:colcon.colcon_core.environment:checking '/home/vincent-pc/ros2_jazzy/install/actions_py/lib'
[4.699s] Level 1:colcon.colcon_core.environment:checking '/home/vincent-pc/ros2_jazzy/install/actions_py/bin'
[4.699s] Level 1:colcon.colcon_core.environment:checking '/home/vincent-pc/ros2_jazzy/install/actions_py/lib/pkgconfig/actions_py.pc'
[4.701s] Level 1:colcon.colcon_core.environment:checking '/home/vincent-pc/ros2_jazzy/install/actions_py/lib/python3.12/site-packages'
[4.702s] Level 1:colcon.colcon_core.shell:create_environment_hook('actions_py', 'pythonpath')
[4.704s] INFO:colcon.colcon_core.shell:Creating environment hook '/home/vincent-pc/ros2_jazzy/install/actions_py/share/actions_py/hook/pythonpath.ps1'
[4.706s] INFO:colcon.colcon_core.shell:Creating environment descriptor '/home/vincent-pc/ros2_jazzy/install/actions_py/share/actions_py/hook/pythonpath.dsv'
[4.710s] INFO:colcon.colcon_core.shell:Creating environment hook '/home/vincent-pc/ros2_jazzy/install/actions_py/share/actions_py/hook/pythonpath.sh'
[4.712s] Level 1:colcon.colcon_core.environment:checking '/home/vincent-pc/ros2_jazzy/install/actions_py/bin'
[4.712s] Level 1:colcon.colcon_core.environment:create_environment_scripts_only(actions_py)
[4.713s] INFO:colcon.colcon_core.shell:Creating package script '/home/vincent-pc/ros2_jazzy/install/actions_py/share/actions_py/package.ps1'
[4.715s] INFO:colcon.colcon_core.shell:Creating package descriptor '/home/vincent-pc/ros2_jazzy/install/actions_py/share/actions_py/package.dsv'
[4.716s] INFO:colcon.colcon_core.shell:Creating package script '/home/vincent-pc/ros2_jazzy/install/actions_py/share/actions_py/package.sh'
[4.717s] INFO:colcon.colcon_core.shell:Creating package script '/home/vincent-pc/ros2_jazzy/install/actions_py/share/actions_py/package.bash'
[4.718s] INFO:colcon.colcon_core.shell:Creating package script '/home/vincent-pc/ros2_jazzy/install/actions_py/share/actions_py/package.zsh'
[4.719s] Level 1:colcon.colcon_core.environment:create_file_with_runtime_dependencies(/home/vincent-pc/ros2_jazzy/install/actions_py/share/colcon-core/packages/actions_py)
[4.723s] DEBUG:colcon.colcon_core.event_handler.log_command:Invoked command in '/home/vincent-pc/ros2_jazzy/build/my_robot_bringup' returned '0': AMENT_PREFIX_PATH=/home/vincent-pc/ros2_jazzy/install/lifecycle_py:/home/vincent-pc/ros2_jazzy/install/robot_py:/home/vincent-pc/ros2_jazzy/install/robot_cpp:/home/vincent-pc/ros2_jazzy/install/my_robot_python:/home/vincent-pc/ros2_jazzy/install/my_robot_cpp:/home/vincent-pc/ros2_jazzy/install/my_robot_bringup:/home/vincent-pc/ros2_jazzy/install/lifecycle_cpp:/home/vincent-pc/ros2_jazzy/install/executors_py:/home/vincent-pc/ros2_jazzy/install/executors_cpp:/home/vincent-pc/ros2_jazzy/install/actions_py:/home/vincent-pc/ros2_jazzy/install/actions_cpp:/home/vincent-pc/ros2_jazzy/install/my_robot_interfaces:/home/vincent-pc/ros2_jazzy/install/my_robot_description:/opt/ros/jazzy CMAKE_PREFIX_PATH=/home/vincent-pc/ros2_jazzy/install/lifecycle_cpp:/home/vincent-pc/ros2_jazzy/install/my_robot_interfaces:/home/vincent-pc/ros2_jazzy/install/robot_cpp:/home/vincent-pc/ros2_jazzy/install/my_robot_cpp:/home/vincent-pc/ros2_jazzy/install/my_robot_bringup:/home/vincent-pc/ros2_jazzy/install/executors_cpp:/home/vincent-pc/ros2_jazzy/install/actions_cpp:/home/vincent-pc/ros2_jazzy/install/my_robot_description:/opt/ros/jazzy/opt/gz_sim_vendor:/opt/ros/jazzy/opt/gz_sensors_vendor:/opt/ros/jazzy/opt/gz_physics_vendor:/opt/ros/jazzy/opt/sdformat_vendor:/opt/ros/jazzy/opt/gz_gui_vendor:/opt/ros/jazzy/opt/gz_transport_vendor:/opt/ros/jazzy/opt/gz_rendering_vendor:/opt/ros/jazzy/opt/gz_plugin_vendor:/opt/ros/jazzy/opt/gz_fuel_tools_vendor:/opt/ros/jazzy/opt/gz_msgs_vendor:/opt/ros/jazzy/opt/gz_common_vendor:/opt/ros/jazzy/opt/gz_math_vendor:/opt/ros/jazzy/opt/gz_utils_vendor:/opt/ros/jazzy/opt/gz_tools_vendor:/opt/ros/jazzy/opt/gz_ogre_next_vendor:/opt/ros/jazzy/opt/gz_dartsim_vendor:/opt/ros/jazzy/opt/gz_cmake_vendor:/home/vincent-pc/ros2_jazzy/install/robot_py:/home/vincent-pc/ros2_jazzy/install/my_robot_python:/home/vincent-pc/ros2_jazzy/install/lifecycle_py:/home/vincent-pc/ros2_jazzy/install/executors_py:/home/vincent-pc/ros2_jazzy/install/actions_py:/opt/ros/jazzy DEBUGINFOD_URLS=https://debuginfod.ubuntu.com PYTHONPATH=/home/vincent-pc/ros2_jazzy/build/lifecycle_py:/home/vincent-pc/ros2_jazzy/install/lifecycle_py/lib/python3.12/site-packages:/home/vincent-pc/ros2_jazzy/install/my_robot_interfaces/lib/python3.12/site-packages:/home/vincent-pc/ros2_jazzy/build/robot_py:/home/vincent-pc/ros2_jazzy/install/robot_py/lib/python3.12/site-packages:/home/vincent-pc/ros2_jazzy/build/my_robot_python:/home/vincent-pc/ros2_jazzy/install/my_robot_python/lib/python3.12/site-packages:/home/vincent-pc/ros2_jazzy/build/executors_py:/home/vincent-pc/ros2_jazzy/install/executors_py/lib/python3.12/site-packages:/home/vincent-pc/ros2_jazzy/build/actions_py:/home/vincent-pc/ros2_jazzy/install/actions_py/lib/python3.12/site-packages:/opt/ros/jazzy/lib/python3.12/site-packages /usr/bin/cmake --build /home/vincent-pc/ros2_jazzy/build/my_robot_bringup -- -j8 -l8
[4.724s] DEBUG:colcon.colcon_core.event_handler.log_command:Invoking command in '/home/vincent-pc/ros2_jazzy/build/my_robot_bringup': AMENT_PREFIX_PATH=/home/vincent-pc/ros2_jazzy/install/lifecycle_py:/home/vincent-pc/ros2_jazzy/install/robot_py:/home/vincent-pc/ros2_jazzy/install/robot_cpp:/home/vincent-pc/ros2_jazzy/install/my_robot_python:/home/vincent-pc/ros2_jazzy/install/my_robot_cpp:/home/vincent-pc/ros2_jazzy/install/my_robot_bringup:/home/vincent-pc/ros2_jazzy/install/lifecycle_cpp:/home/vincent-pc/ros2_jazzy/install/executors_py:/home/vincent-pc/ros2_jazzy/install/executors_cpp:/home/vincent-pc/ros2_jazzy/install/actions_py:/home/vincent-pc/ros2_jazzy/install/actions_cpp:/home/vincent-pc/ros2_jazzy/install/my_robot_interfaces:/home/vincent-pc/ros2_jazzy/install/my_robot_description:/opt/ros/jazzy CMAKE_PREFIX_PATH=/home/vincent-pc/ros2_jazzy/install/lifecycle_cpp:/home/vincent-pc/ros2_jazzy/install/my_robot_interfaces:/home/vincent-pc/ros2_jazzy/install/robot_cpp:/home/vincent-pc/ros2_jazzy/install/my_robot_cpp:/home/vincent-pc/ros2_jazzy/install/my_robot_bringup:/home/vincent-pc/ros2_jazzy/install/executors_cpp:/home/vincent-pc/ros2_jazzy/install/actions_cpp:/home/vincent-pc/ros2_jazzy/install/my_robot_description:/opt/ros/jazzy/opt/gz_sim_vendor:/opt/ros/jazzy/opt/gz_sensors_vendor:/opt/ros/jazzy/opt/gz_physics_vendor:/opt/ros/jazzy/opt/sdformat_vendor:/opt/ros/jazzy/opt/gz_gui_vendor:/opt/ros/jazzy/opt/gz_transport_vendor:/opt/ros/jazzy/opt/gz_rendering_vendor:/opt/ros/jazzy/opt/gz_plugin_vendor:/opt/ros/jazzy/opt/gz_fuel_tools_vendor:/opt/ros/jazzy/opt/gz_msgs_vendor:/opt/ros/jazzy/opt/gz_common_vendor:/opt/ros/jazzy/opt/gz_math_vendor:/opt/ros/jazzy/opt/gz_utils_vendor:/opt/ros/jazzy/opt/gz_tools_vendor:/opt/ros/jazzy/opt/gz_ogre_next_vendor:/opt/ros/jazzy/opt/gz_dartsim_vendor:/opt/ros/jazzy/opt/gz_cmake_vendor:/home/vincent-pc/ros2_jazzy/install/robot_py:/home/vincent-pc/ros2_jazzy/install/my_robot_python:/home/vincent-pc/ros2_jazzy/install/lifecycle_py:/home/vincent-pc/ros2_jazzy/install/executors_py:/home/vincent-pc/ros2_jazzy/install/actions_py:/opt/ros/jazzy DEBUGINFOD_URLS=https://debuginfod.ubuntu.com PYTHONPATH=/home/vincent-pc/ros2_jazzy/build/lifecycle_py:/home/vincent-pc/ros2_jazzy/install/lifecycle_py/lib/python3.12/site-packages:/home/vincent-pc/ros2_jazzy/install/my_robot_interfaces/lib/python3.12/site-packages:/home/vincent-pc/ros2_jazzy/build/robot_py:/home/vincent-pc/ros2_jazzy/install/robot_py/lib/python3.12/site-packages:/home/vincent-pc/ros2_jazzy/build/my_robot_python:/home/vincent-pc/ros2_jazzy/install/my_robot_python/lib/python3.12/site-packages:/home/vincent-pc/ros2_jazzy/build/executors_py:/home/vincent-pc/ros2_jazzy/install/executors_py/lib/python3.12/site-packages:/home/vincent-pc/ros2_jazzy/build/actions_py:/home/vincent-pc/ros2_jazzy/install/actions_py/lib/python3.12/site-packages:/opt/ros/jazzy/lib/python3.12/site-packages /usr/bin/cmake --install /home/vincent-pc/ros2_jazzy/build/my_robot_bringup
[4.750s] Level 1:colcon.colcon_core.environment:create_environment_scripts_only(my_robot_bringup)
[4.751s] Level 1:colcon.colcon_core.environment:checking '/home/vincent-pc/ros2_jazzy/install/my_robot_bringup' for CMake module files
[4.751s] DEBUG:colcon.colcon_core.event_handler.log_command:Invoked command in '/home/vincent-pc/ros2_jazzy/build/my_robot_bringup' returned '0': AMENT_PREFIX_PATH=/home/vincent-pc/ros2_jazzy/install/lifecycle_py:/home/vincent-pc/ros2_jazzy/install/robot_py:/home/vincent-pc/ros2_jazzy/install/robot_cpp:/home/vincent-pc/ros2_jazzy/install/my_robot_python:/home/vincent-pc/ros2_jazzy/install/my_robot_cpp:/home/vincent-pc/ros2_jazzy/install/my_robot_bringup:/home/vincent-pc/ros2_jazzy/install/lifecycle_cpp:/home/vincent-pc/ros2_jazzy/install/executors_py:/home/vincent-pc/ros2_jazzy/install/executors_cpp:/home/vincent-pc/ros2_jazzy/install/actions_py:/home/vincent-pc/ros2_jazzy/install/actions_cpp:/home/vincent-pc/ros2_jazzy/install/my_robot_interfaces:/home/vincent-pc/ros2_jazzy/install/my_robot_description:/opt/ros/jazzy CMAKE_PREFIX_PATH=/home/vincent-pc/ros2_jazzy/install/lifecycle_cpp:/home/vincent-pc/ros2_jazzy/install/my_robot_interfaces:/home/vincent-pc/ros2_jazzy/install/robot_cpp:/home/vincent-pc/ros2_jazzy/install/my_robot_cpp:/home/vincent-pc/ros2_jazzy/install/my_robot_bringup:/home/vincent-pc/ros2_jazzy/install/executors_cpp:/home/vincent-pc/ros2_jazzy/install/actions_cpp:/home/vincent-pc/ros2_jazzy/install/my_robot_description:/opt/ros/jazzy/opt/gz_sim_vendor:/opt/ros/jazzy/opt/gz_sensors_vendor:/opt/ros/jazzy/opt/gz_physics_vendor:/opt/ros/jazzy/opt/sdformat_vendor:/opt/ros/jazzy/opt/gz_gui_vendor:/opt/ros/jazzy/opt/gz_transport_vendor:/opt/ros/jazzy/opt/gz_rendering_vendor:/opt/ros/jazzy/opt/gz_plugin_vendor:/opt/ros/jazzy/opt/gz_fuel_tools_vendor:/opt/ros/jazzy/opt/gz_msgs_vendor:/opt/ros/jazzy/opt/gz_common_vendor:/opt/ros/jazzy/opt/gz_math_vendor:/opt/ros/jazzy/opt/gz_utils_vendor:/opt/ros/jazzy/opt/gz_tools_vendor:/opt/ros/jazzy/opt/gz_ogre_next_vendor:/opt/ros/jazzy/opt/gz_dartsim_vendor:/opt/ros/jazzy/opt/gz_cmake_vendor:/home/vincent-pc/ros2_jazzy/install/robot_py:/home/vincent-pc/ros2_jazzy/install/my_robot_python:/home/vincent-pc/ros2_jazzy/install/lifecycle_py:/home/vincent-pc/ros2_jazzy/install/executors_py:/home/vincent-pc/ros2_jazzy/install/actions_py:/opt/ros/jazzy DEBUGINFOD_URLS=https://debuginfod.ubuntu.com PYTHONPATH=/home/vincent-pc/ros2_jazzy/build/lifecycle_py:/home/vincent-pc/ros2_jazzy/install/lifecycle_py/lib/python3.12/site-packages:/home/vincent-pc/ros2_jazzy/install/my_robot_interfaces/lib/python3.12/site-packages:/home/vincent-pc/ros2_jazzy/build/robot_py:/home/vincent-pc/ros2_jazzy/install/robot_py/lib/python3.12/site-packages:/home/vincent-pc/ros2_jazzy/build/my_robot_python:/home/vincent-pc/ros2_jazzy/install/my_robot_python/lib/python3.12/site-packages:/home/vincent-pc/ros2_jazzy/build/executors_py:/home/vincent-pc/ros2_jazzy/install/executors_py/lib/python3.12/site-packages:/home/vincent-pc/ros2_jazzy/build/actions_py:/home/vincent-pc/ros2_jazzy/install/actions_py/lib/python3.12/site-packages:/opt/ros/jazzy/lib/python3.12/site-packages /usr/bin/cmake --install /home/vincent-pc/ros2_jazzy/build/my_robot_bringup
[4.751s] Level 1:colcon.colcon_core.environment:checking '/home/vincent-pc/ros2_jazzy/install/my_robot_bringup' for CMake config files
[4.752s] Level 1:colcon.colcon_core.shell:create_environment_hook('my_robot_bringup', 'cmake_prefix_path')
[4.752s] INFO:colcon.colcon_core.shell:Creating environment hook '/home/vincent-pc/ros2_jazzy/install/my_robot_bringup/share/my_robot_bringup/hook/cmake_prefix_path.ps1'
[4.753s] INFO:colcon.colcon_core.shell:Creating environment descriptor '/home/vincent-pc/ros2_jazzy/install/my_robot_bringup/share/my_robot_bringup/hook/cmake_prefix_path.dsv'
[4.753s] INFO:colcon.colcon_core.shell:Creating environment hook '/home/vincent-pc/ros2_jazzy/install/my_robot_bringup/share/my_robot_bringup/hook/cmake_prefix_path.sh'
[4.754s] Level 1:colcon.colcon_core.environment:checking '/home/vincent-pc/ros2_jazzy/install/my_robot_bringup/bin'
[4.754s] Level 1:colcon.colcon_core.environment:checking '/home/vincent-pc/ros2_jazzy/install/my_robot_bringup/lib/pkgconfig/my_robot_bringup.pc'
[4.755s] Level 1:colcon.colcon_core.environment:checking '/home/vincent-pc/ros2_jazzy/install/my_robot_bringup/lib/python3.12/site-packages'
[4.755s] Level 1:colcon.colcon_core.environment:checking '/home/vincent-pc/ros2_jazzy/install/my_robot_bringup/bin'
[4.755s] INFO:colcon.colcon_core.shell:Creating package script '/home/vincent-pc/ros2_jazzy/install/my_robot_bringup/share/my_robot_bringup/package.ps1'
[4.756s] INFO:colcon.colcon_core.shell:Creating package descriptor '/home/vincent-pc/ros2_jazzy/install/my_robot_bringup/share/my_robot_bringup/package.dsv'
[4.757s] INFO:colcon.colcon_core.shell:Creating package script '/home/vincent-pc/ros2_jazzy/install/my_robot_bringup/share/my_robot_bringup/package.sh'
[4.757s] INFO:colcon.colcon_core.shell:Creating package script '/home/vincent-pc/ros2_jazzy/install/my_robot_bringup/share/my_robot_bringup/package.bash'
[4.758s] INFO:colcon.colcon_core.shell:Creating package script '/home/vincent-pc/ros2_jazzy/install/my_robot_bringup/share/my_robot_bringup/package.zsh'
[4.758s] Level 1:colcon.colcon_core.environment:create_file_with_runtime_dependencies(/home/vincent-pc/ros2_jazzy/install/my_robot_bringup/share/colcon-core/packages/my_robot_bringup)
[4.758s] Level 1:colcon.colcon_core.environment:create_environment_scripts_only(my_robot_bringup)
[4.759s] Level 1:colcon.colcon_core.environment:checking '/home/vincent-pc/ros2_jazzy/install/my_robot_bringup' for CMake module files
[4.759s] Level 1:colcon.colcon_core.environment:checking '/home/vincent-pc/ros2_jazzy/install/my_robot_bringup' for CMake config files
[4.759s] Level 1:colcon.colcon_core.shell:create_environment_hook('my_robot_bringup', 'cmake_prefix_path')
[4.760s] INFO:colcon.colcon_core.shell:Creating environment hook '/home/vincent-pc/ros2_jazzy/install/my_robot_bringup/share/my_robot_bringup/hook/cmake_prefix_path.ps1'
[4.760s] INFO:colcon.colcon_core.shell:Creating environment descriptor '/home/vincent-pc/ros2_jazzy/install/my_robot_bringup/share/my_robot_bringup/hook/cmake_prefix_path.dsv'
[4.760s] INFO:colcon.colcon_core.shell:Creating environment hook '/home/vincent-pc/ros2_jazzy/install/my_robot_bringup/share/my_robot_bringup/hook/cmake_prefix_path.sh'
[4.761s] Level 1:colcon.colcon_core.environment:checking '/home/vincent-pc/ros2_jazzy/install/my_robot_bringup/bin'
[4.761s] Level 1:colcon.colcon_core.environment:checking '/home/vincent-pc/ros2_jazzy/install/my_robot_bringup/lib/pkgconfig/my_robot_bringup.pc'
[4.761s] Level 1:colcon.colcon_core.environment:checking '/home/vincent-pc/ros2_jazzy/install/my_robot_bringup/lib/python3.12/site-packages'
[4.762s] Level 1:colcon.colcon_core.environment:checking '/home/vincent-pc/ros2_jazzy/install/my_robot_bringup/bin'
[4.762s] INFO:colcon.colcon_core.shell:Creating package script '/home/vincent-pc/ros2_jazzy/install/my_robot_bringup/share/my_robot_bringup/package.ps1'
[4.763s] INFO:colcon.colcon_core.shell:Creating package descriptor '/home/vincent-pc/ros2_jazzy/install/my_robot_bringup/share/my_robot_bringup/package.dsv'
[4.763s] INFO:colcon.colcon_core.shell:Creating package script '/home/vincent-pc/ros2_jazzy/install/my_robot_bringup/share/my_robot_bringup/package.sh'
[4.764s] INFO:colcon.colcon_core.shell:Creating package script '/home/vincent-pc/ros2_jazzy/install/my_robot_bringup/share/my_robot_bringup/package.bash'
[4.764s] INFO:colcon.colcon_core.shell:Creating package script '/home/vincent-pc/ros2_jazzy/install/my_robot_bringup/share/my_robot_bringup/package.zsh'
[4.765s] Level 1:colcon.colcon_core.environment:create_file_with_runtime_dependencies(/home/vincent-pc/ros2_jazzy/install/my_robot_bringup/share/colcon-core/packages/my_robot_bringup)
[4.765s] DEBUG:colcon.colcon_parallel_executor.executor.parallel:closing loop
[4.765s] DEBUG:colcon.colcon_parallel_executor.executor.parallel:loop closed
[4.765s] DEBUG:colcon.colcon_parallel_executor.executor.parallel:run_until_complete finished with '0'
[4.765s] DEBUG:colcon.colcon_core.event_reactor:joining thread
[4.773s] INFO:colcon.colcon_core.plugin_system:Skipping extension 'colcon_notification.desktop_notification.terminal_notifier': Not used on non-Darwin systems
[4.773s] INFO:colcon.colcon_core.plugin_system:Skipping extension 'colcon_notification.desktop_notification.win32': Not used on non-Windows systems
[4.773s] INFO:colcon.colcon_notification.desktop_notification:Sending desktop notification using 'notify2'
[4.790s] DEBUG:colcon.colcon_core.event_reactor:joined thread
[4.790s] INFO:colcon.colcon_core.shell:Creating prefix script '/home/vincent-pc/ros2_jazzy/install/local_setup.ps1'
[4.792s] INFO:colcon.colcon_core.shell:Creating prefix util module '/home/vincent-pc/ros2_jazzy/install/_local_setup_util_ps1.py'
[4.794s] INFO:colcon.colcon_core.shell:Creating prefix chain script '/home/vincent-pc/ros2_jazzy/install/setup.ps1'
[4.796s] INFO:colcon.colcon_core.shell:Creating prefix script '/home/vincent-pc/ros2_jazzy/install/local_setup.sh'
[4.797s] INFO:colcon.colcon_core.shell:Creating prefix util module '/home/vincent-pc/ros2_jazzy/install/_local_setup_util_sh.py'
[4.798s] INFO:colcon.colcon_core.shell:Creating prefix chain script '/home/vincent-pc/ros2_jazzy/install/setup.sh'
[4.801s] INFO:colcon.colcon_core.shell:Creating prefix script '/home/vincent-pc/ros2_jazzy/install/local_setup.bash'
[4.802s] INFO:colcon.colcon_core.shell:Creating prefix chain script '/home/vincent-pc/ros2_jazzy/install/setup.bash'
[4.805s] INFO:colcon.colcon_core.shell:Creating prefix script '/home/vincent-pc/ros2_jazzy/install/local_setup.zsh'
[4.806s] INFO:colcon.colcon_core.shell:Creating prefix chain script '/home/vincent-pc/ros2_jazzy/install/setup.zsh'
