[0.102s] DEBUG:colcon:Command line arguments: ['/usr/bin/colcon', 'build']
[0.102s] DEBUG:colcon:Parsed command line arguments: Namespace(log_base=None, log_level=None, verb_name='build', build_base='build', install_base='install', merge_install=False, symlink_install=False, test_result_base=None, continue_on_error=False, executor='parallel', parallel_workers=8, event_handlers=None, ignore_user_meta=False, metas=['./colcon.meta'], base_paths=['.'], packages_ignore=None, packages_ignore_regex=None, paths=None, packages_up_to=None, packages_up_to_regex=None, packages_above=None, packages_above_and_dependencies=None, packages_above_depth=None, packages_select_by_dep=None, packages_skip_by_dep=None, packages_skip_up_to=None, packages_select_build_failed=False, packages_skip_build_finished=False, packages_select_test_failures=False, packages_skip_test_passed=False, packages_select=None, packages_skip=None, packages_select_regex=None, packages_skip_regex=None, packages_start=None, packages_end=None, allow_overriding=[], cmake_args=None, cmake_target=None, cmake_target_skip_unavailable=False, cmake_clean_cache=False, cmake_clean_first=False, cmake_force_configure=False, ament_cmake_args=None, catkin_cmake_args=None, catkin_skip_building_tests=False, mixin_files=None, mixin=None, verb_parser=<colcon_mixin.mixin.mixin_argument.MixinArgumentDecorator object at 0x757198c91c10>, verb_extension=<colcon_core.verb.build.BuildVerb object at 0x757198dc5a30>, main=<bound method BuildVerb.main of <colcon_core.verb.build.BuildVerb object at 0x757198dc5a30>>, mixin_verb=('build',))
[0.138s] Level 1:colcon.colcon_core.package_discovery:discover_packages(colcon_meta) check parameters
[0.139s] Level 1:colcon.colcon_core.package_discovery:discover_packages(recursive) check parameters
[0.139s] Level 1:colcon.colcon_core.package_discovery:discover_packages(ignore) check parameters
[0.139s] Level 1:colcon.colcon_core.package_discovery:discover_packages(path) check parameters
[0.139s] Level 1:colcon.colcon_core.package_discovery:discover_packages(colcon_meta) discover
[0.139s] Level 1:colcon.colcon_core.package_discovery:discover_packages(recursive) discover
[0.139s] INFO:colcon.colcon_core.package_discovery:Crawling recursively for packages in '/home/vincent-pc/ros2_jazzy'
[0.139s] Level 1:colcon.colcon_core.package_identification:_identify(.) by extensions ['ignore', 'ignore_ament_install']
[0.139s] Level 1:colcon.colcon_core.package_identification:_identify(.) by extension 'ignore'
[0.139s] Level 1:colcon.colcon_core.package_identification:_identify(.) by extension 'ignore_ament_install'
[0.139s] Level 1:colcon.colcon_core.package_identification:_identify(.) by extensions ['colcon_pkg']
[0.139s] Level 1:colcon.colcon_core.package_identification:_identify(.) by extension 'colcon_pkg'
[0.139s] Level 1:colcon.colcon_core.package_identification:_identify(.) by extensions ['colcon_meta']
[0.139s] Level 1:colcon.colcon_core.package_identification:_identify(.) by extension 'colcon_meta'
[0.139s] Level 1:colcon.colcon_core.package_identification:_identify(.) by extensions ['ros']
[0.139s] Level 1:colcon.colcon_core.package_identification:_identify(.) by extension 'ros'
[0.162s] Level 1:colcon.colcon_core.package_identification:_identify(.) by extensions ['cmake', 'python']
[0.162s] Level 1:colcon.colcon_core.package_identification:_identify(.) by extension 'cmake'
[0.162s] Level 1:colcon.colcon_core.package_identification:_identify(.) by extension 'python'
[0.162s] Level 1:colcon.colcon_core.package_identification:_identify(.) by extensions ['python_setup_py']
[0.162s] Level 1:colcon.colcon_core.package_identification:_identify(.) by extension 'python_setup_py'
[0.163s] Level 1:colcon.colcon_core.package_identification:_identify(build) by extensions ['ignore', 'ignore_ament_install']
[0.163s] Level 1:colcon.colcon_core.package_identification:_identify(build) by extension 'ignore'
[0.163s] Level 1:colcon.colcon_core.package_identification:_identify(build) ignored
[0.163s] Level 1:colcon.colcon_core.package_identification:_identify(install) by extensions ['ignore', 'ignore_ament_install']
[0.163s] Level 1:colcon.colcon_core.package_identification:_identify(install) by extension 'ignore'
[0.163s] Level 1:colcon.colcon_core.package_identification:_identify(install) ignored
[0.163s] Level 1:colcon.colcon_core.package_identification:_identify(log) by extensions ['ignore', 'ignore_ament_install']
[0.164s] Level 1:colcon.colcon_core.package_identification:_identify(log) by extension 'ignore'
[0.164s] Level 1:colcon.colcon_core.package_identification:_identify(log) ignored
[0.164s] Level 1:colcon.colcon_core.package_identification:_identify(py_controllers) by extensions ['ignore', 'ignore_ament_install']
[0.164s] Level 1:colcon.colcon_core.package_identification:_identify(py_controllers) by extension 'ignore'
[0.164s] Level 1:colcon.colcon_core.package_identification:_identify(py_controllers) by extension 'ignore_ament_install'
[0.164s] Level 1:colcon.colcon_core.package_identification:_identify(py_controllers) by extensions ['colcon_pkg']
[0.164s] Level 1:colcon.colcon_core.package_identification:_identify(py_controllers) by extension 'colcon_pkg'
[0.164s] Level 1:colcon.colcon_core.package_identification:_identify(py_controllers) by extensions ['colcon_meta']
[0.164s] Level 1:colcon.colcon_core.package_identification:_identify(py_controllers) by extension 'colcon_meta'
[0.164s] Level 1:colcon.colcon_core.package_identification:_identify(py_controllers) by extensions ['ros']
[0.164s] Level 1:colcon.colcon_core.package_identification:_identify(py_controllers) by extension 'ros'
[0.164s] Level 1:colcon.colcon_core.package_identification:_identify(py_controllers) by extensions ['cmake', 'python']
[0.164s] Level 1:colcon.colcon_core.package_identification:_identify(py_controllers) by extension 'cmake'
[0.164s] Level 1:colcon.colcon_core.package_identification:_identify(py_controllers) by extension 'python'
[0.165s] Level 1:colcon.colcon_core.package_identification:_identify(py_controllers) by extensions ['python_setup_py']
[0.165s] Level 1:colcon.colcon_core.package_identification:_identify(py_controllers) by extension 'python_setup_py'
[0.165s] Level 1:colcon.colcon_core.package_identification:_identify(shapes) by extensions ['ignore', 'ignore_ament_install']
[0.165s] Level 1:colcon.colcon_core.package_identification:_identify(shapes) by extension 'ignore'
[0.165s] Level 1:colcon.colcon_core.package_identification:_identify(shapes) by extension 'ignore_ament_install'
[0.165s] Level 1:colcon.colcon_core.package_identification:_identify(shapes) by extensions ['colcon_pkg']
[0.165s] Level 1:colcon.colcon_core.package_identification:_identify(shapes) by extension 'colcon_pkg'
[0.165s] Level 1:colcon.colcon_core.package_identification:_identify(shapes) by extensions ['colcon_meta']
[0.165s] Level 1:colcon.colcon_core.package_identification:_identify(shapes) by extension 'colcon_meta'
[0.165s] Level 1:colcon.colcon_core.package_identification:_identify(shapes) by extensions ['ros']
[0.165s] Level 1:colcon.colcon_core.package_identification:_identify(shapes) by extension 'ros'
[0.165s] Level 1:colcon.colcon_core.package_identification:_identify(shapes) by extensions ['cmake', 'python']
[0.165s] Level 1:colcon.colcon_core.package_identification:_identify(shapes) by extension 'cmake'
[0.165s] Level 1:colcon.colcon_core.package_identification:_identify(shapes) by extension 'python'
[0.165s] Level 1:colcon.colcon_core.package_identification:_identify(shapes) by extensions ['python_setup_py']
[0.165s] Level 1:colcon.colcon_core.package_identification:_identify(shapes) by extension 'python_setup_py'
[0.166s] Level 1:colcon.colcon_core.package_identification:_identify(shapes/meshes) by extensions ['ignore', 'ignore_ament_install']
[0.166s] Level 1:colcon.colcon_core.package_identification:_identify(shapes/meshes) by extension 'ignore'
[0.166s] Level 1:colcon.colcon_core.package_identification:_identify(shapes/meshes) by extension 'ignore_ament_install'
[0.166s] Level 1:colcon.colcon_core.package_identification:_identify(shapes/meshes) by extensions ['colcon_pkg']
[0.166s] Level 1:colcon.colcon_core.package_identification:_identify(shapes/meshes) by extension 'colcon_pkg'
[0.166s] Level 1:colcon.colcon_core.package_identification:_identify(shapes/meshes) by extensions ['colcon_meta']
[0.166s] Level 1:colcon.colcon_core.package_identification:_identify(shapes/meshes) by extension 'colcon_meta'
[0.166s] Level 1:colcon.colcon_core.package_identification:_identify(shapes/meshes) by extensions ['ros']
[0.166s] Level 1:colcon.colcon_core.package_identification:_identify(shapes/meshes) by extension 'ros'
[0.166s] Level 1:colcon.colcon_core.package_identification:_identify(shapes/meshes) by extensions ['cmake', 'python']
[0.166s] Level 1:colcon.colcon_core.package_identification:_identify(shapes/meshes) by extension 'cmake'
[0.166s] Level 1:colcon.colcon_core.package_identification:_identify(shapes/meshes) by extension 'python'
[0.166s] Level 1:colcon.colcon_core.package_identification:_identify(shapes/meshes) by extensions ['python_setup_py']
[0.166s] Level 1:colcon.colcon_core.package_identification:_identify(shapes/meshes) by extension 'python_setup_py'
[0.166s] Level 1:colcon.colcon_core.package_identification:_identify(src) by extensions ['ignore', 'ignore_ament_install']
[0.166s] Level 1:colcon.colcon_core.package_identification:_identify(src) by extension 'ignore'
[0.166s] Level 1:colcon.colcon_core.package_identification:_identify(src) by extension 'ignore_ament_install'
[0.166s] Level 1:colcon.colcon_core.package_identification:_identify(src) by extensions ['colcon_pkg']
[0.166s] Level 1:colcon.colcon_core.package_identification:_identify(src) by extension 'colcon_pkg'
[0.166s] Level 1:colcon.colcon_core.package_identification:_identify(src) by extensions ['colcon_meta']
[0.166s] Level 1:colcon.colcon_core.package_identification:_identify(src) by extension 'colcon_meta'
[0.166s] Level 1:colcon.colcon_core.package_identification:_identify(src) by extensions ['ros']
[0.166s] Level 1:colcon.colcon_core.package_identification:_identify(src) by extension 'ros'
[0.167s] Level 1:colcon.colcon_core.package_identification:_identify(src) by extensions ['cmake', 'python']
[0.167s] Level 1:colcon.colcon_core.package_identification:_identify(src) by extension 'cmake'
[0.167s] Level 1:colcon.colcon_core.package_identification:_identify(src) by extension 'python'
[0.167s] Level 1:colcon.colcon_core.package_identification:_identify(src) by extensions ['python_setup_py']
[0.167s] Level 1:colcon.colcon_core.package_identification:_identify(src) by extension 'python_setup_py'
[0.167s] Level 1:colcon.colcon_core.package_identification:_identify(src/actions_cpp) by extensions ['ignore', 'ignore_ament_install']
[0.167s] Level 1:colcon.colcon_core.package_identification:_identify(src/actions_cpp) by extension 'ignore'
[0.167s] Level 1:colcon.colcon_core.package_identification:_identify(src/actions_cpp) by extension 'ignore_ament_install'
[0.167s] Level 1:colcon.colcon_core.package_identification:_identify(src/actions_cpp) by extensions ['colcon_pkg']
[0.167s] Level 1:colcon.colcon_core.package_identification:_identify(src/actions_cpp) by extension 'colcon_pkg'
[0.167s] Level 1:colcon.colcon_core.package_identification:_identify(src/actions_cpp) by extensions ['colcon_meta']
[0.167s] Level 1:colcon.colcon_core.package_identification:_identify(src/actions_cpp) by extension 'colcon_meta'
[0.167s] Level 1:colcon.colcon_core.package_identification:_identify(src/actions_cpp) by extensions ['ros']
[0.167s] Level 1:colcon.colcon_core.package_identification:_identify(src/actions_cpp) by extension 'ros'
[0.169s] DEBUG:colcon.colcon_core.package_identification:Package 'src/actions_cpp' with type 'ros.ament_cmake' and name 'actions_cpp'
[0.170s] Level 1:colcon.colcon_core.package_identification:_identify(src/actions_py) by extensions ['ignore', 'ignore_ament_install']
[0.170s] Level 1:colcon.colcon_core.package_identification:_identify(src/actions_py) by extension 'ignore'
[0.170s] Level 1:colcon.colcon_core.package_identification:_identify(src/actions_py) by extension 'ignore_ament_install'
[0.170s] Level 1:colcon.colcon_core.package_identification:_identify(src/actions_py) by extensions ['colcon_pkg']
[0.170s] Level 1:colcon.colcon_core.package_identification:_identify(src/actions_py) by extension 'colcon_pkg'
[0.170s] Level 1:colcon.colcon_core.package_identification:_identify(src/actions_py) by extensions ['colcon_meta']
[0.170s] Level 1:colcon.colcon_core.package_identification:_identify(src/actions_py) by extension 'colcon_meta'
[0.170s] Level 1:colcon.colcon_core.package_identification:_identify(src/actions_py) by extensions ['ros']
[0.170s] Level 1:colcon.colcon_core.package_identification:_identify(src/actions_py) by extension 'ros'
[0.170s] DEBUG:colcon.colcon_core.package_identification:Package 'src/actions_py' with type 'ros.ament_python' and name 'actions_py'
[0.171s] Level 1:colcon.colcon_core.package_identification:_identify(src/build) by extensions ['ignore', 'ignore_ament_install']
[0.171s] Level 1:colcon.colcon_core.package_identification:_identify(src/build) by extension 'ignore'
[0.171s] Level 1:colcon.colcon_core.package_identification:_identify(src/build) ignored
[0.171s] Level 1:colcon.colcon_core.package_identification:_identify(src/components_cpp) by extensions ['ignore', 'ignore_ament_install']
[0.171s] Level 1:colcon.colcon_core.package_identification:_identify(src/components_cpp) by extension 'ignore'
[0.171s] Level 1:colcon.colcon_core.package_identification:_identify(src/components_cpp) by extension 'ignore_ament_install'
[0.171s] Level 1:colcon.colcon_core.package_identification:_identify(src/components_cpp) by extensions ['colcon_pkg']
[0.171s] Level 1:colcon.colcon_core.package_identification:_identify(src/components_cpp) by extension 'colcon_pkg'
[0.171s] Level 1:colcon.colcon_core.package_identification:_identify(src/components_cpp) by extensions ['colcon_meta']
[0.171s] Level 1:colcon.colcon_core.package_identification:_identify(src/components_cpp) by extension 'colcon_meta'
[0.171s] Level 1:colcon.colcon_core.package_identification:_identify(src/components_cpp) by extensions ['ros']
[0.171s] Level 1:colcon.colcon_core.package_identification:_identify(src/components_cpp) by extension 'ros'
[0.172s] DEBUG:colcon.colcon_core.package_identification:Package 'src/components_cpp' with type 'ros.ament_cmake' and name 'components_cpp'
[0.172s] Level 1:colcon.colcon_core.package_identification:_identify(src/components_py) by extensions ['ignore', 'ignore_ament_install']
[0.172s] Level 1:colcon.colcon_core.package_identification:_identify(src/components_py) by extension 'ignore'
[0.172s] Level 1:colcon.colcon_core.package_identification:_identify(src/components_py) by extension 'ignore_ament_install'
[0.172s] Level 1:colcon.colcon_core.package_identification:_identify(src/components_py) by extensions ['colcon_pkg']
[0.172s] Level 1:colcon.colcon_core.package_identification:_identify(src/components_py) by extension 'colcon_pkg'
[0.172s] Level 1:colcon.colcon_core.package_identification:_identify(src/components_py) by extensions ['colcon_meta']
[0.172s] Level 1:colcon.colcon_core.package_identification:_identify(src/components_py) by extension 'colcon_meta'
[0.172s] Level 1:colcon.colcon_core.package_identification:_identify(src/components_py) by extensions ['ros']
[0.172s] Level 1:colcon.colcon_core.package_identification:_identify(src/components_py) by extension 'ros'
[0.173s] DEBUG:colcon.colcon_core.package_identification:Package 'src/components_py' with type 'ros.ament_python' and name 'components_py'
[0.173s] Level 1:colcon.colcon_core.package_identification:_identify(src/executors_cpp) by extensions ['ignore', 'ignore_ament_install']
[0.173s] Level 1:colcon.colcon_core.package_identification:_identify(src/executors_cpp) by extension 'ignore'
[0.173s] Level 1:colcon.colcon_core.package_identification:_identify(src/executors_cpp) by extension 'ignore_ament_install'
[0.173s] Level 1:colcon.colcon_core.package_identification:_identify(src/executors_cpp) by extensions ['colcon_pkg']
[0.173s] Level 1:colcon.colcon_core.package_identification:_identify(src/executors_cpp) by extension 'colcon_pkg'
[0.173s] Level 1:colcon.colcon_core.package_identification:_identify(src/executors_cpp) by extensions ['colcon_meta']
[0.173s] Level 1:colcon.colcon_core.package_identification:_identify(src/executors_cpp) by extension 'colcon_meta'
[0.173s] Level 1:colcon.colcon_core.package_identification:_identify(src/executors_cpp) by extensions ['ros']
[0.173s] Level 1:colcon.colcon_core.package_identification:_identify(src/executors_cpp) by extension 'ros'
[0.174s] DEBUG:colcon.colcon_core.package_identification:Package 'src/executors_cpp' with type 'ros.ament_cmake' and name 'executors_cpp'
[0.174s] Level 1:colcon.colcon_core.package_identification:_identify(src/executors_py) by extensions ['ignore', 'ignore_ament_install']
[0.174s] Level 1:colcon.colcon_core.package_identification:_identify(src/executors_py) by extension 'ignore'
[0.174s] Level 1:colcon.colcon_core.package_identification:_identify(src/executors_py) by extension 'ignore_ament_install'
[0.174s] Level 1:colcon.colcon_core.package_identification:_identify(src/executors_py) by extensions ['colcon_pkg']
[0.174s] Level 1:colcon.colcon_core.package_identification:_identify(src/executors_py) by extension 'colcon_pkg'
[0.174s] Level 1:colcon.colcon_core.package_identification:_identify(src/executors_py) by extensions ['colcon_meta']
[0.174s] Level 1:colcon.colcon_core.package_identification:_identify(src/executors_py) by extension 'colcon_meta'
[0.174s] Level 1:colcon.colcon_core.package_identification:_identify(src/executors_py) by extensions ['ros']
[0.174s] Level 1:colcon.colcon_core.package_identification:_identify(src/executors_py) by extension 'ros'
[0.175s] DEBUG:colcon.colcon_core.package_identification:Package 'src/executors_py' with type 'ros.ament_python' and name 'executors_py'
[0.175s] Level 1:colcon.colcon_core.package_identification:_identify(src/final_project) by extensions ['ignore', 'ignore_ament_install']
[0.175s] Level 1:colcon.colcon_core.package_identification:_identify(src/final_project) by extension 'ignore'
[0.175s] Level 1:colcon.colcon_core.package_identification:_identify(src/final_project) by extension 'ignore_ament_install'
[0.175s] Level 1:colcon.colcon_core.package_identification:_identify(src/final_project) by extensions ['colcon_pkg']
[0.175s] Level 1:colcon.colcon_core.package_identification:_identify(src/final_project) by extension 'colcon_pkg'
[0.175s] Level 1:colcon.colcon_core.package_identification:_identify(src/final_project) by extensions ['colcon_meta']
[0.175s] Level 1:colcon.colcon_core.package_identification:_identify(src/final_project) by extension 'colcon_meta'
[0.175s] Level 1:colcon.colcon_core.package_identification:_identify(src/final_project) by extensions ['ros']
[0.175s] Level 1:colcon.colcon_core.package_identification:_identify(src/final_project) by extension 'ros'
[0.176s] DEBUG:colcon.colcon_core.package_identification:Package 'src/final_project' with type 'ros.ament_cmake' and name 'final_project'
[0.176s] Level 1:colcon.colcon_core.package_identification:_identify(src/install) by extensions ['ignore', 'ignore_ament_install']
[0.176s] Level 1:colcon.colcon_core.package_identification:_identify(src/install) by extension 'ignore'
[0.176s] Level 1:colcon.colcon_core.package_identification:_identify(src/install) ignored
[0.176s] Level 1:colcon.colcon_core.package_identification:_identify(src/lifecycle_cpp) by extensions ['ignore', 'ignore_ament_install']
[0.176s] Level 1:colcon.colcon_core.package_identification:_identify(src/lifecycle_cpp) by extension 'ignore'
[0.176s] Level 1:colcon.colcon_core.package_identification:_identify(src/lifecycle_cpp) by extension 'ignore_ament_install'
[0.176s] Level 1:colcon.colcon_core.package_identification:_identify(src/lifecycle_cpp) by extensions ['colcon_pkg']
[0.176s] Level 1:colcon.colcon_core.package_identification:_identify(src/lifecycle_cpp) by extension 'colcon_pkg'
[0.176s] Level 1:colcon.colcon_core.package_identification:_identify(src/lifecycle_cpp) by extensions ['colcon_meta']
[0.176s] Level 1:colcon.colcon_core.package_identification:_identify(src/lifecycle_cpp) by extension 'colcon_meta'
[0.177s] Level 1:colcon.colcon_core.package_identification:_identify(src/lifecycle_cpp) by extensions ['ros']
[0.177s] Level 1:colcon.colcon_core.package_identification:_identify(src/lifecycle_cpp) by extension 'ros'
[0.177s] DEBUG:colcon.colcon_core.package_identification:Package 'src/lifecycle_cpp' with type 'ros.ament_cmake' and name 'lifecycle_cpp'
[0.177s] Level 1:colcon.colcon_core.package_identification:_identify(src/lifecycle_py) by extensions ['ignore', 'ignore_ament_install']
[0.178s] Level 1:colcon.colcon_core.package_identification:_identify(src/lifecycle_py) by extension 'ignore'
[0.178s] Level 1:colcon.colcon_core.package_identification:_identify(src/lifecycle_py) by extension 'ignore_ament_install'
[0.178s] Level 1:colcon.colcon_core.package_identification:_identify(src/lifecycle_py) by extensions ['colcon_pkg']
[0.178s] Level 1:colcon.colcon_core.package_identification:_identify(src/lifecycle_py) by extension 'colcon_pkg'
[0.178s] Level 1:colcon.colcon_core.package_identification:_identify(src/lifecycle_py) by extensions ['colcon_meta']
[0.178s] Level 1:colcon.colcon_core.package_identification:_identify(src/lifecycle_py) by extension 'colcon_meta'
[0.178s] Level 1:colcon.colcon_core.package_identification:_identify(src/lifecycle_py) by extensions ['ros']
[0.178s] Level 1:colcon.colcon_core.package_identification:_identify(src/lifecycle_py) by extension 'ros'
[0.179s] DEBUG:colcon.colcon_core.package_identification:Package 'src/lifecycle_py' with type 'ros.ament_python' and name 'lifecycle_py'
[0.179s] Level 1:colcon.colcon_core.package_identification:_identify(src/log) by extensions ['ignore', 'ignore_ament_install']
[0.179s] Level 1:colcon.colcon_core.package_identification:_identify(src/log) by extension 'ignore'
[0.179s] Level 1:colcon.colcon_core.package_identification:_identify(src/log) ignored
[0.179s] Level 1:colcon.colcon_core.package_identification:_identify(src/my_robot_bringup) by extensions ['ignore', 'ignore_ament_install']
[0.179s] Level 1:colcon.colcon_core.package_identification:_identify(src/my_robot_bringup) by extension 'ignore'
[0.179s] Level 1:colcon.colcon_core.package_identification:_identify(src/my_robot_bringup) by extension 'ignore_ament_install'
[0.179s] Level 1:colcon.colcon_core.package_identification:_identify(src/my_robot_bringup) by extensions ['colcon_pkg']
[0.179s] Level 1:colcon.colcon_core.package_identification:_identify(src/my_robot_bringup) by extension 'colcon_pkg'
[0.180s] Level 1:colcon.colcon_core.package_identification:_identify(src/my_robot_bringup) by extensions ['colcon_meta']
[0.180s] Level 1:colcon.colcon_core.package_identification:_identify(src/my_robot_bringup) by extension 'colcon_meta'
[0.180s] Level 1:colcon.colcon_core.package_identification:_identify(src/my_robot_bringup) by extensions ['ros']
[0.180s] Level 1:colcon.colcon_core.package_identification:_identify(src/my_robot_bringup) by extension 'ros'
[0.180s] DEBUG:colcon.colcon_core.package_identification:Package 'src/my_robot_bringup' with type 'ros.ament_cmake' and name 'my_robot_bringup'
[0.180s] Level 1:colcon.colcon_core.package_identification:_identify(src/my_robot_cpp) by extensions ['ignore', 'ignore_ament_install']
[0.180s] Level 1:colcon.colcon_core.package_identification:_identify(src/my_robot_cpp) by extension 'ignore'
[0.180s] Level 1:colcon.colcon_core.package_identification:_identify(src/my_robot_cpp) by extension 'ignore_ament_install'
[0.180s] Level 1:colcon.colcon_core.package_identification:_identify(src/my_robot_cpp) by extensions ['colcon_pkg']
[0.180s] Level 1:colcon.colcon_core.package_identification:_identify(src/my_robot_cpp) by extension 'colcon_pkg'
[0.180s] Level 1:colcon.colcon_core.package_identification:_identify(src/my_robot_cpp) by extensions ['colcon_meta']
[0.180s] Level 1:colcon.colcon_core.package_identification:_identify(src/my_robot_cpp) by extension 'colcon_meta'
[0.180s] Level 1:colcon.colcon_core.package_identification:_identify(src/my_robot_cpp) by extensions ['ros']
[0.180s] Level 1:colcon.colcon_core.package_identification:_identify(src/my_robot_cpp) by extension 'ros'
[0.181s] DEBUG:colcon.colcon_core.package_identification:Package 'src/my_robot_cpp' with type 'ros.ament_cmake' and name 'my_robot_cpp'
[0.181s] Level 1:colcon.colcon_core.package_identification:_identify(src/my_robot_description) by extensions ['ignore', 'ignore_ament_install']
[0.181s] Level 1:colcon.colcon_core.package_identification:_identify(src/my_robot_description) by extension 'ignore'
[0.181s] Level 1:colcon.colcon_core.package_identification:_identify(src/my_robot_description) by extension 'ignore_ament_install'
[0.181s] Level 1:colcon.colcon_core.package_identification:_identify(src/my_robot_description) by extensions ['colcon_pkg']
[0.181s] Level 1:colcon.colcon_core.package_identification:_identify(src/my_robot_description) by extension 'colcon_pkg'
[0.181s] Level 1:colcon.colcon_core.package_identification:_identify(src/my_robot_description) by extensions ['colcon_meta']
[0.181s] Level 1:colcon.colcon_core.package_identification:_identify(src/my_robot_description) by extension 'colcon_meta'
[0.181s] Level 1:colcon.colcon_core.package_identification:_identify(src/my_robot_description) by extensions ['ros']
[0.181s] Level 1:colcon.colcon_core.package_identification:_identify(src/my_robot_description) by extension 'ros'
[0.182s] DEBUG:colcon.colcon_core.package_identification:Package 'src/my_robot_description' with type 'ros.ament_cmake' and name 'my_robot_description'
[0.182s] Level 1:colcon.colcon_core.package_identification:_identify(src/my_robot_interfaces) by extensions ['ignore', 'ignore_ament_install']
[0.182s] Level 1:colcon.colcon_core.package_identification:_identify(src/my_robot_interfaces) by extension 'ignore'
[0.182s] Level 1:colcon.colcon_core.package_identification:_identify(src/my_robot_interfaces) by extension 'ignore_ament_install'
[0.182s] Level 1:colcon.colcon_core.package_identification:_identify(src/my_robot_interfaces) by extensions ['colcon_pkg']
[0.182s] Level 1:colcon.colcon_core.package_identification:_identify(src/my_robot_interfaces) by extension 'colcon_pkg'
[0.182s] Level 1:colcon.colcon_core.package_identification:_identify(src/my_robot_interfaces) by extensions ['colcon_meta']
[0.182s] Level 1:colcon.colcon_core.package_identification:_identify(src/my_robot_interfaces) by extension 'colcon_meta'
[0.182s] Level 1:colcon.colcon_core.package_identification:_identify(src/my_robot_interfaces) by extensions ['ros']
[0.182s] Level 1:colcon.colcon_core.package_identification:_identify(src/my_robot_interfaces) by extension 'ros'
[0.183s] DEBUG:colcon.colcon_core.package_identification:Package 'src/my_robot_interfaces' with type 'ros.ament_cmake' and name 'my_robot_interfaces'
[0.183s] Level 1:colcon.colcon_core.package_identification:_identify(src/my_robot_python) by extensions ['ignore', 'ignore_ament_install']
[0.183s] Level 1:colcon.colcon_core.package_identification:_identify(src/my_robot_python) by extension 'ignore'
[0.183s] Level 1:colcon.colcon_core.package_identification:_identify(src/my_robot_python) by extension 'ignore_ament_install'
[0.183s] Level 1:colcon.colcon_core.package_identification:_identify(src/my_robot_python) by extensions ['colcon_pkg']
[0.183s] Level 1:colcon.colcon_core.package_identification:_identify(src/my_robot_python) by extension 'colcon_pkg'
[0.183s] Level 1:colcon.colcon_core.package_identification:_identify(src/my_robot_python) by extensions ['colcon_meta']
[0.183s] Level 1:colcon.colcon_core.package_identification:_identify(src/my_robot_python) by extension 'colcon_meta'
[0.183s] Level 1:colcon.colcon_core.package_identification:_identify(src/my_robot_python) by extensions ['ros']
[0.183s] Level 1:colcon.colcon_core.package_identification:_identify(src/my_robot_python) by extension 'ros'
[0.183s] DEBUG:colcon.colcon_core.package_identification:Package 'src/my_robot_python' with type 'ros.ament_python' and name 'my_robot_python'
[0.183s] Level 1:colcon.colcon_core.package_identification:_identify(src/robot_cpp) by extensions ['ignore', 'ignore_ament_install']
[0.184s] Level 1:colcon.colcon_core.package_identification:_identify(src/robot_cpp) by extension 'ignore'
[0.184s] Level 1:colcon.colcon_core.package_identification:_identify(src/robot_cpp) by extension 'ignore_ament_install'
[0.184s] Level 1:colcon.colcon_core.package_identification:_identify(src/robot_cpp) by extensions ['colcon_pkg']
[0.184s] Level 1:colcon.colcon_core.package_identification:_identify(src/robot_cpp) by extension 'colcon_pkg'
[0.184s] Level 1:colcon.colcon_core.package_identification:_identify(src/robot_cpp) by extensions ['colcon_meta']
[0.184s] Level 1:colcon.colcon_core.package_identification:_identify(src/robot_cpp) by extension 'colcon_meta'
[0.184s] Level 1:colcon.colcon_core.package_identification:_identify(src/robot_cpp) by extensions ['ros']
[0.184s] Level 1:colcon.colcon_core.package_identification:_identify(src/robot_cpp) by extension 'ros'
[0.184s] DEBUG:colcon.colcon_core.package_identification:Package 'src/robot_cpp' with type 'ros.ament_cmake' and name 'robot_cpp'
[0.185s] Level 1:colcon.colcon_core.package_identification:_identify(src/robot_py) by extensions ['ignore', 'ignore_ament_install']
[0.185s] Level 1:colcon.colcon_core.package_identification:_identify(src/robot_py) by extension 'ignore'
[0.185s] Level 1:colcon.colcon_core.package_identification:_identify(src/robot_py) by extension 'ignore_ament_install'
[0.185s] Level 1:colcon.colcon_core.package_identification:_identify(src/robot_py) by extensions ['colcon_pkg']
[0.185s] Level 1:colcon.colcon_core.package_identification:_identify(src/robot_py) by extension 'colcon_pkg'
[0.185s] Level 1:colcon.colcon_core.package_identification:_identify(src/robot_py) by extensions ['colcon_meta']
[0.185s] Level 1:colcon.colcon_core.package_identification:_identify(src/robot_py) by extension 'colcon_meta'
[0.185s] Level 1:colcon.colcon_core.package_identification:_identify(src/robot_py) by extensions ['ros']
[0.185s] Level 1:colcon.colcon_core.package_identification:_identify(src/robot_py) by extension 'ros'
[0.185s] DEBUG:colcon.colcon_core.package_identification:Package 'src/robot_py' with type 'ros.ament_python' and name 'robot_py'
[0.185s] Level 1:colcon.colcon_core.package_discovery:discover_packages(recursive) using defaults
[0.185s] Level 1:colcon.colcon_core.package_discovery:discover_packages(ignore) discover
[0.185s] Level 1:colcon.colcon_core.package_discovery:discover_packages(ignore) using defaults
[0.185s] Level 1:colcon.colcon_core.package_discovery:discover_packages(path) discover
[0.185s] Level 1:colcon.colcon_core.package_discovery:discover_packages(path) using defaults
[0.206s] Level 1:colcon.colcon_core.package_discovery:discover_packages(prefix_path) check parameters
[0.206s] Level 1:colcon.colcon_core.package_discovery:discover_packages(prefix_path) discover
[0.208s] DEBUG:colcon.colcon_installed_package_information.package_discovery:Found 16 installed packages in /home/vincent-pc/ros2_jazzy/install
[0.210s] DEBUG:colcon.colcon_installed_package_information.package_discovery:Found 317 installed packages in /opt/ros/jazzy
[0.211s] Level 1:colcon.colcon_core.package_discovery:discover_packages(prefix_path) using defaults
[0.252s] Level 5:colcon.colcon_core.verb:set package 'my_robot_description' build argument 'cmake_args' from command line to 'None'
[0.252s] Level 5:colcon.colcon_core.verb:set package 'my_robot_description' build argument 'cmake_target' from command line to 'None'
[0.252s] Level 5:colcon.colcon_core.verb:set package 'my_robot_description' build argument 'cmake_target_skip_unavailable' from command line to 'False'
[0.252s] Level 5:colcon.colcon_core.verb:set package 'my_robot_description' build argument 'cmake_clean_cache' from command line to 'False'
[0.252s] Level 5:colcon.colcon_core.verb:set package 'my_robot_description' build argument 'cmake_clean_first' from command line to 'False'
[0.252s] Level 5:colcon.colcon_core.verb:set package 'my_robot_description' build argument 'cmake_force_configure' from command line to 'False'
[0.252s] Level 5:colcon.colcon_core.verb:set package 'my_robot_description' build argument 'ament_cmake_args' from command line to 'None'
[0.252s] Level 5:colcon.colcon_core.verb:set package 'my_robot_description' build argument 'catkin_cmake_args' from command line to 'None'
[0.252s] Level 5:colcon.colcon_core.verb:set package 'my_robot_description' build argument 'catkin_skip_building_tests' from command line to 'False'
[0.252s] DEBUG:colcon.colcon_core.verb:Building package 'my_robot_description' with the following arguments: {'ament_cmake_args': None, 'build_base': '/home/vincent-pc/ros2_jazzy/build/my_robot_description', 'catkin_cmake_args': None, 'catkin_skip_building_tests': False, 'cmake_args': None, 'cmake_clean_cache': False, 'cmake_clean_first': False, 'cmake_force_configure': False, 'cmake_target': None, 'cmake_target_skip_unavailable': False, 'install_base': '/home/vincent-pc/ros2_jazzy/install/my_robot_description', 'merge_install': False, 'path': '/home/vincent-pc/ros2_jazzy/src/my_robot_description', 'symlink_install': False, 'test_result_base': None}
[0.252s] Level 5:colcon.colcon_core.verb:set package 'my_robot_interfaces' build argument 'cmake_args' from command line to 'None'
[0.252s] Level 5:colcon.colcon_core.verb:set package 'my_robot_interfaces' build argument 'cmake_target' from command line to 'None'
[0.252s] Level 5:colcon.colcon_core.verb:set package 'my_robot_interfaces' build argument 'cmake_target_skip_unavailable' from command line to 'False'
[0.252s] Level 5:colcon.colcon_core.verb:set package 'my_robot_interfaces' build argument 'cmake_clean_cache' from command line to 'False'
[0.252s] Level 5:colcon.colcon_core.verb:set package 'my_robot_interfaces' build argument 'cmake_clean_first' from command line to 'False'
[0.253s] Level 5:colcon.colcon_core.verb:set package 'my_robot_interfaces' build argument 'cmake_force_configure' from command line to 'False'
[0.253s] Level 5:colcon.colcon_core.verb:set package 'my_robot_interfaces' build argument 'ament_cmake_args' from command line to 'None'
[0.253s] Level 5:colcon.colcon_core.verb:set package 'my_robot_interfaces' build argument 'catkin_cmake_args' from command line to 'None'
[0.253s] Level 5:colcon.colcon_core.verb:set package 'my_robot_interfaces' build argument 'catkin_skip_building_tests' from command line to 'False'
[0.253s] DEBUG:colcon.colcon_core.verb:Building package 'my_robot_interfaces' with the following arguments: {'ament_cmake_args': None, 'build_base': '/home/vincent-pc/ros2_jazzy/build/my_robot_interfaces', 'catkin_cmake_args': None, 'catkin_skip_building_tests': False, 'cmake_args': None, 'cmake_clean_cache': False, 'cmake_clean_first': False, 'cmake_force_configure': False, 'cmake_target': None, 'cmake_target_skip_unavailable': False, 'install_base': '/home/vincent-pc/ros2_jazzy/install/my_robot_interfaces', 'merge_install': False, 'path': '/home/vincent-pc/ros2_jazzy/src/my_robot_interfaces', 'symlink_install': False, 'test_result_base': None}
[0.253s] Level 5:colcon.colcon_core.verb:set package 'my_robot_python' build argument 'cmake_args' from command line to 'None'
[0.253s] Level 5:colcon.colcon_core.verb:set package 'my_robot_python' build argument 'cmake_target' from command line to 'None'
[0.253s] Level 5:colcon.colcon_core.verb:set package 'my_robot_python' build argument 'cmake_target_skip_unavailable' from command line to 'False'
[0.253s] Level 5:colcon.colcon_core.verb:set package 'my_robot_python' build argument 'cmake_clean_cache' from command line to 'False'
[0.253s] Level 5:colcon.colcon_core.verb:set package 'my_robot_python' build argument 'cmake_clean_first' from command line to 'False'
[0.253s] Level 5:colcon.colcon_core.verb:set package 'my_robot_python' build argument 'cmake_force_configure' from command line to 'False'
[0.253s] Level 5:colcon.colcon_core.verb:set package 'my_robot_python' build argument 'ament_cmake_args' from command line to 'None'
[0.253s] Level 5:colcon.colcon_core.verb:set package 'my_robot_python' build argument 'catkin_cmake_args' from command line to 'None'
[0.253s] Level 5:colcon.colcon_core.verb:set package 'my_robot_python' build argument 'catkin_skip_building_tests' from command line to 'False'
[0.253s] DEBUG:colcon.colcon_core.verb:Building package 'my_robot_python' with the following arguments: {'ament_cmake_args': None, 'build_base': '/home/vincent-pc/ros2_jazzy/build/my_robot_python', 'catkin_cmake_args': None, 'catkin_skip_building_tests': False, 'cmake_args': None, 'cmake_clean_cache': False, 'cmake_clean_first': False, 'cmake_force_configure': False, 'cmake_target': None, 'cmake_target_skip_unavailable': False, 'install_base': '/home/vincent-pc/ros2_jazzy/install/my_robot_python', 'merge_install': False, 'path': '/home/vincent-pc/ros2_jazzy/src/my_robot_python', 'symlink_install': False, 'test_result_base': None}
[0.253s] Level 5:colcon.colcon_core.verb:set package 'robot_py' build argument 'cmake_args' from command line to 'None'
[0.253s] Level 5:colcon.colcon_core.verb:set package 'robot_py' build argument 'cmake_target' from command line to 'None'
[0.253s] Level 5:colcon.colcon_core.verb:set package 'robot_py' build argument 'cmake_target_skip_unavailable' from command line to 'False'
[0.253s] Level 5:colcon.colcon_core.verb:set package 'robot_py' build argument 'cmake_clean_cache' from command line to 'False'
[0.253s] Level 5:colcon.colcon_core.verb:set package 'robot_py' build argument 'cmake_clean_first' from command line to 'False'
[0.253s] Level 5:colcon.colcon_core.verb:set package 'robot_py' build argument 'cmake_force_configure' from command line to 'False'
[0.253s] Level 5:colcon.colcon_core.verb:set package 'robot_py' build argument 'ament_cmake_args' from command line to 'None'
[0.253s] Level 5:colcon.colcon_core.verb:set package 'robot_py' build argument 'catkin_cmake_args' from command line to 'None'
[0.253s] Level 5:colcon.colcon_core.verb:set package 'robot_py' build argument 'catkin_skip_building_tests' from command line to 'False'
[0.253s] DEBUG:colcon.colcon_core.verb:Building package 'robot_py' with the following arguments: {'ament_cmake_args': None, 'build_base': '/home/vincent-pc/ros2_jazzy/build/robot_py', 'catkin_cmake_args': None, 'catkin_skip_building_tests': False, 'cmake_args': None, 'cmake_clean_cache': False, 'cmake_clean_first': False, 'cmake_force_configure': False, 'cmake_target': None, 'cmake_target_skip_unavailable': False, 'install_base': '/home/vincent-pc/ros2_jazzy/install/robot_py', 'merge_install': False, 'path': '/home/vincent-pc/ros2_jazzy/src/robot_py', 'symlink_install': False, 'test_result_base': None}
[0.254s] Level 5:colcon.colcon_core.verb:set package 'actions_cpp' build argument 'cmake_args' from command line to 'None'
[0.254s] Level 5:colcon.colcon_core.verb:set package 'actions_cpp' build argument 'cmake_target' from command line to 'None'
[0.254s] Level 5:colcon.colcon_core.verb:set package 'actions_cpp' build argument 'cmake_target_skip_unavailable' from command line to 'False'
[0.254s] Level 5:colcon.colcon_core.verb:set package 'actions_cpp' build argument 'cmake_clean_cache' from command line to 'False'
[0.254s] Level 5:colcon.colcon_core.verb:set package 'actions_cpp' build argument 'cmake_clean_first' from command line to 'False'
[0.254s] Level 5:colcon.colcon_core.verb:set package 'actions_cpp' build argument 'cmake_force_configure' from command line to 'False'
[0.254s] Level 5:colcon.colcon_core.verb:set package 'actions_cpp' build argument 'ament_cmake_args' from command line to 'None'
[0.254s] Level 5:colcon.colcon_core.verb:set package 'actions_cpp' build argument 'catkin_cmake_args' from command line to 'None'
[0.254s] Level 5:colcon.colcon_core.verb:set package 'actions_cpp' build argument 'catkin_skip_building_tests' from command line to 'False'
[0.254s] DEBUG:colcon.colcon_core.verb:Building package 'actions_cpp' with the following arguments: {'ament_cmake_args': None, 'build_base': '/home/vincent-pc/ros2_jazzy/build/actions_cpp', 'catkin_cmake_args': None, 'catkin_skip_building_tests': False, 'cmake_args': None, 'cmake_clean_cache': False, 'cmake_clean_first': False, 'cmake_force_configure': False, 'cmake_target': None, 'cmake_target_skip_unavailable': False, 'install_base': '/home/vincent-pc/ros2_jazzy/install/actions_cpp', 'merge_install': False, 'path': '/home/vincent-pc/ros2_jazzy/src/actions_cpp', 'symlink_install': False, 'test_result_base': None}
[0.254s] Level 5:colcon.colcon_core.verb:set package 'actions_py' build argument 'cmake_args' from command line to 'None'
[0.254s] Level 5:colcon.colcon_core.verb:set package 'actions_py' build argument 'cmake_target' from command line to 'None'
[0.254s] Level 5:colcon.colcon_core.verb:set package 'actions_py' build argument 'cmake_target_skip_unavailable' from command line to 'False'
[0.254s] Level 5:colcon.colcon_core.verb:set package 'actions_py' build argument 'cmake_clean_cache' from command line to 'False'
[0.254s] Level 5:colcon.colcon_core.verb:set package 'actions_py' build argument 'cmake_clean_first' from command line to 'False'
[0.254s] Level 5:colcon.colcon_core.verb:set package 'actions_py' build argument 'cmake_force_configure' from command line to 'False'
[0.254s] Level 5:colcon.colcon_core.verb:set package 'actions_py' build argument 'ament_cmake_args' from command line to 'None'
[0.254s] Level 5:colcon.colcon_core.verb:set package 'actions_py' build argument 'catkin_cmake_args' from command line to 'None'
[0.254s] Level 5:colcon.colcon_core.verb:set package 'actions_py' build argument 'catkin_skip_building_tests' from command line to 'False'
[0.254s] DEBUG:colcon.colcon_core.verb:Building package 'actions_py' with the following arguments: {'ament_cmake_args': None, 'build_base': '/home/vincent-pc/ros2_jazzy/build/actions_py', 'catkin_cmake_args': None, 'catkin_skip_building_tests': False, 'cmake_args': None, 'cmake_clean_cache': False, 'cmake_clean_first': False, 'cmake_force_configure': False, 'cmake_target': None, 'cmake_target_skip_unavailable': False, 'install_base': '/home/vincent-pc/ros2_jazzy/install/actions_py', 'merge_install': False, 'path': '/home/vincent-pc/ros2_jazzy/src/actions_py', 'symlink_install': False, 'test_result_base': None}
[0.254s] Level 5:colcon.colcon_core.verb:set package 'components_cpp' build argument 'cmake_args' from command line to 'None'
[0.254s] Level 5:colcon.colcon_core.verb:set package 'components_cpp' build argument 'cmake_target' from command line to 'None'
[0.254s] Level 5:colcon.colcon_core.verb:set package 'components_cpp' build argument 'cmake_target_skip_unavailable' from command line to 'False'
[0.254s] Level 5:colcon.colcon_core.verb:set package 'components_cpp' build argument 'cmake_clean_cache' from command line to 'False'
[0.255s] Level 5:colcon.colcon_core.verb:set package 'components_cpp' build argument 'cmake_clean_first' from command line to 'False'
[0.255s] Level 5:colcon.colcon_core.verb:set package 'components_cpp' build argument 'cmake_force_configure' from command line to 'False'
[0.255s] Level 5:colcon.colcon_core.verb:set package 'components_cpp' build argument 'ament_cmake_args' from command line to 'None'
[0.255s] Level 5:colcon.colcon_core.verb:set package 'components_cpp' build argument 'catkin_cmake_args' from command line to 'None'
[0.255s] Level 5:colcon.colcon_core.verb:set package 'components_cpp' build argument 'catkin_skip_building_tests' from command line to 'False'
[0.255s] DEBUG:colcon.colcon_core.verb:Building package 'components_cpp' with the following arguments: {'ament_cmake_args': None, 'build_base': '/home/vincent-pc/ros2_jazzy/build/components_cpp', 'catkin_cmake_args': None, 'catkin_skip_building_tests': False, 'cmake_args': None, 'cmake_clean_cache': False, 'cmake_clean_first': False, 'cmake_force_configure': False, 'cmake_target': None, 'cmake_target_skip_unavailable': False, 'install_base': '/home/vincent-pc/ros2_jazzy/install/components_cpp', 'merge_install': False, 'path': '/home/vincent-pc/ros2_jazzy/src/components_cpp', 'symlink_install': False, 'test_result_base': None}
[0.255s] Level 5:colcon.colcon_core.verb:set package 'components_py' build argument 'cmake_args' from command line to 'None'
[0.255s] Level 5:colcon.colcon_core.verb:set package 'components_py' build argument 'cmake_target' from command line to 'None'
[0.255s] Level 5:colcon.colcon_core.verb:set package 'components_py' build argument 'cmake_target_skip_unavailable' from command line to 'False'
[0.255s] Level 5:colcon.colcon_core.verb:set package 'components_py' build argument 'cmake_clean_cache' from command line to 'False'
[0.255s] Level 5:colcon.colcon_core.verb:set package 'components_py' build argument 'cmake_clean_first' from command line to 'False'
[0.255s] Level 5:colcon.colcon_core.verb:set package 'components_py' build argument 'cmake_force_configure' from command line to 'False'
[0.255s] Level 5:colcon.colcon_core.verb:set package 'components_py' build argument 'ament_cmake_args' from command line to 'None'
[0.255s] Level 5:colcon.colcon_core.verb:set package 'components_py' build argument 'catkin_cmake_args' from command line to 'None'
[0.255s] Level 5:colcon.colcon_core.verb:set package 'components_py' build argument 'catkin_skip_building_tests' from command line to 'False'
[0.255s] DEBUG:colcon.colcon_core.verb:Building package 'components_py' with the following arguments: {'ament_cmake_args': None, 'build_base': '/home/vincent-pc/ros2_jazzy/build/components_py', 'catkin_cmake_args': None, 'catkin_skip_building_tests': False, 'cmake_args': None, 'cmake_clean_cache': False, 'cmake_clean_first': False, 'cmake_force_configure': False, 'cmake_target': None, 'cmake_target_skip_unavailable': False, 'install_base': '/home/vincent-pc/ros2_jazzy/install/components_py', 'merge_install': False, 'path': '/home/vincent-pc/ros2_jazzy/src/components_py', 'symlink_install': False, 'test_result_base': None}
[0.255s] Level 5:colcon.colcon_core.verb:set package 'executors_cpp' build argument 'cmake_args' from command line to 'None'
[0.255s] Level 5:colcon.colcon_core.verb:set package 'executors_cpp' build argument 'cmake_target' from command line to 'None'
[0.255s] Level 5:colcon.colcon_core.verb:set package 'executors_cpp' build argument 'cmake_target_skip_unavailable' from command line to 'False'
[0.255s] Level 5:colcon.colcon_core.verb:set package 'executors_cpp' build argument 'cmake_clean_cache' from command line to 'False'
[0.255s] Level 5:colcon.colcon_core.verb:set package 'executors_cpp' build argument 'cmake_clean_first' from command line to 'False'
[0.255s] Level 5:colcon.colcon_core.verb:set package 'executors_cpp' build argument 'cmake_force_configure' from command line to 'False'
[0.255s] Level 5:colcon.colcon_core.verb:set package 'executors_cpp' build argument 'ament_cmake_args' from command line to 'None'
[0.255s] Level 5:colcon.colcon_core.verb:set package 'executors_cpp' build argument 'catkin_cmake_args' from command line to 'None'
[0.255s] Level 5:colcon.colcon_core.verb:set package 'executors_cpp' build argument 'catkin_skip_building_tests' from command line to 'False'
[0.255s] DEBUG:colcon.colcon_core.verb:Building package 'executors_cpp' with the following arguments: {'ament_cmake_args': None, 'build_base': '/home/vincent-pc/ros2_jazzy/build/executors_cpp', 'catkin_cmake_args': None, 'catkin_skip_building_tests': False, 'cmake_args': None, 'cmake_clean_cache': False, 'cmake_clean_first': False, 'cmake_force_configure': False, 'cmake_target': None, 'cmake_target_skip_unavailable': False, 'install_base': '/home/vincent-pc/ros2_jazzy/install/executors_cpp', 'merge_install': False, 'path': '/home/vincent-pc/ros2_jazzy/src/executors_cpp', 'symlink_install': False, 'test_result_base': None}
[0.256s] Level 5:colcon.colcon_core.verb:set package 'executors_py' build argument 'cmake_args' from command line to 'None'
[0.256s] Level 5:colcon.colcon_core.verb:set package 'executors_py' build argument 'cmake_target' from command line to 'None'
[0.256s] Level 5:colcon.colcon_core.verb:set package 'executors_py' build argument 'cmake_target_skip_unavailable' from command line to 'False'
[0.256s] Level 5:colcon.colcon_core.verb:set package 'executors_py' build argument 'cmake_clean_cache' from command line to 'False'
[0.256s] Level 5:colcon.colcon_core.verb:set package 'executors_py' build argument 'cmake_clean_first' from command line to 'False'
[0.256s] Level 5:colcon.colcon_core.verb:set package 'executors_py' build argument 'cmake_force_configure' from command line to 'False'
[0.256s] Level 5:colcon.colcon_core.verb:set package 'executors_py' build argument 'ament_cmake_args' from command line to 'None'
[0.256s] Level 5:colcon.colcon_core.verb:set package 'executors_py' build argument 'catkin_cmake_args' from command line to 'None'
[0.256s] Level 5:colcon.colcon_core.verb:set package 'executors_py' build argument 'catkin_skip_building_tests' from command line to 'False'
[0.256s] DEBUG:colcon.colcon_core.verb:Building package 'executors_py' with the following arguments: {'ament_cmake_args': None, 'build_base': '/home/vincent-pc/ros2_jazzy/build/executors_py', 'catkin_cmake_args': None, 'catkin_skip_building_tests': False, 'cmake_args': None, 'cmake_clean_cache': False, 'cmake_clean_first': False, 'cmake_force_configure': False, 'cmake_target': None, 'cmake_target_skip_unavailable': False, 'install_base': '/home/vincent-pc/ros2_jazzy/install/executors_py', 'merge_install': False, 'path': '/home/vincent-pc/ros2_jazzy/src/executors_py', 'symlink_install': False, 'test_result_base': None}
[0.256s] Level 5:colcon.colcon_core.verb:set package 'final_project' build argument 'cmake_args' from command line to 'None'
[0.256s] Level 5:colcon.colcon_core.verb:set package 'final_project' build argument 'cmake_target' from command line to 'None'
[0.256s] Level 5:colcon.colcon_core.verb:set package 'final_project' build argument 'cmake_target_skip_unavailable' from command line to 'False'
[0.256s] Level 5:colcon.colcon_core.verb:set package 'final_project' build argument 'cmake_clean_cache' from command line to 'False'
[0.256s] Level 5:colcon.colcon_core.verb:set package 'final_project' build argument 'cmake_clean_first' from command line to 'False'
[0.256s] Level 5:colcon.colcon_core.verb:set package 'final_project' build argument 'cmake_force_configure' from command line to 'False'
[0.256s] Level 5:colcon.colcon_core.verb:set package 'final_project' build argument 'ament_cmake_args' from command line to 'None'
[0.256s] Level 5:colcon.colcon_core.verb:set package 'final_project' build argument 'catkin_cmake_args' from command line to 'None'
[0.256s] Level 5:colcon.colcon_core.verb:set package 'final_project' build argument 'catkin_skip_building_tests' from command line to 'False'
[0.256s] DEBUG:colcon.colcon_core.verb:Building package 'final_project' with the following arguments: {'ament_cmake_args': None, 'build_base': '/home/vincent-pc/ros2_jazzy/build/final_project', 'catkin_cmake_args': None, 'catkin_skip_building_tests': False, 'cmake_args': None, 'cmake_clean_cache': False, 'cmake_clean_first': False, 'cmake_force_configure': False, 'cmake_target': None, 'cmake_target_skip_unavailable': False, 'install_base': '/home/vincent-pc/ros2_jazzy/install/final_project', 'merge_install': False, 'path': '/home/vincent-pc/ros2_jazzy/src/final_project', 'symlink_install': False, 'test_result_base': None}
[0.256s] Level 5:colcon.colcon_core.verb:set package 'lifecycle_cpp' build argument 'cmake_args' from command line to 'None'
[0.256s] Level 5:colcon.colcon_core.verb:set package 'lifecycle_cpp' build argument 'cmake_target' from command line to 'None'
[0.256s] Level 5:colcon.colcon_core.verb:set package 'lifecycle_cpp' build argument 'cmake_target_skip_unavailable' from command line to 'False'
[0.256s] Level 5:colcon.colcon_core.verb:set package 'lifecycle_cpp' build argument 'cmake_clean_cache' from command line to 'False'
[0.256s] Level 5:colcon.colcon_core.verb:set package 'lifecycle_cpp' build argument 'cmake_clean_first' from command line to 'False'
[0.256s] Level 5:colcon.colcon_core.verb:set package 'lifecycle_cpp' build argument 'cmake_force_configure' from command line to 'False'
[0.256s] Level 5:colcon.colcon_core.verb:set package 'lifecycle_cpp' build argument 'ament_cmake_args' from command line to 'None'
[0.256s] Level 5:colcon.colcon_core.verb:set package 'lifecycle_cpp' build argument 'catkin_cmake_args' from command line to 'None'
[0.256s] Level 5:colcon.colcon_core.verb:set package 'lifecycle_cpp' build argument 'catkin_skip_building_tests' from command line to 'False'
[0.257s] DEBUG:colcon.colcon_core.verb:Building package 'lifecycle_cpp' with the following arguments: {'ament_cmake_args': None, 'build_base': '/home/vincent-pc/ros2_jazzy/build/lifecycle_cpp', 'catkin_cmake_args': None, 'catkin_skip_building_tests': False, 'cmake_args': None, 'cmake_clean_cache': False, 'cmake_clean_first': False, 'cmake_force_configure': False, 'cmake_target': None, 'cmake_target_skip_unavailable': False, 'install_base': '/home/vincent-pc/ros2_jazzy/install/lifecycle_cpp', 'merge_install': False, 'path': '/home/vincent-pc/ros2_jazzy/src/lifecycle_cpp', 'symlink_install': False, 'test_result_base': None}
[0.257s] Level 5:colcon.colcon_core.verb:set package 'lifecycle_py' build argument 'cmake_args' from command line to 'None'
[0.257s] Level 5:colcon.colcon_core.verb:set package 'lifecycle_py' build argument 'cmake_target' from command line to 'None'
[0.257s] Level 5:colcon.colcon_core.verb:set package 'lifecycle_py' build argument 'cmake_target_skip_unavailable' from command line to 'False'
[0.257s] Level 5:colcon.colcon_core.verb:set package 'lifecycle_py' build argument 'cmake_clean_cache' from command line to 'False'
[0.257s] Level 5:colcon.colcon_core.verb:set package 'lifecycle_py' build argument 'cmake_clean_first' from command line to 'False'
[0.257s] Level 5:colcon.colcon_core.verb:set package 'lifecycle_py' build argument 'cmake_force_configure' from command line to 'False'
[0.257s] Level 5:colcon.colcon_core.verb:set package 'lifecycle_py' build argument 'ament_cmake_args' from command line to 'None'
[0.257s] Level 5:colcon.colcon_core.verb:set package 'lifecycle_py' build argument 'catkin_cmake_args' from command line to 'None'
[0.257s] Level 5:colcon.colcon_core.verb:set package 'lifecycle_py' build argument 'catkin_skip_building_tests' from command line to 'False'
[0.257s] DEBUG:colcon.colcon_core.verb:Building package 'lifecycle_py' with the following arguments: {'ament_cmake_args': None, 'build_base': '/home/vincent-pc/ros2_jazzy/build/lifecycle_py', 'catkin_cmake_args': None, 'catkin_skip_building_tests': False, 'cmake_args': None, 'cmake_clean_cache': False, 'cmake_clean_first': False, 'cmake_force_configure': False, 'cmake_target': None, 'cmake_target_skip_unavailable': False, 'install_base': '/home/vincent-pc/ros2_jazzy/install/lifecycle_py', 'merge_install': False, 'path': '/home/vincent-pc/ros2_jazzy/src/lifecycle_py', 'symlink_install': False, 'test_result_base': None}
[0.257s] Level 5:colcon.colcon_core.verb:set package 'my_robot_cpp' build argument 'cmake_args' from command line to 'None'
[0.257s] Level 5:colcon.colcon_core.verb:set package 'my_robot_cpp' build argument 'cmake_target' from command line to 'None'
[0.257s] Level 5:colcon.colcon_core.verb:set package 'my_robot_cpp' build argument 'cmake_target_skip_unavailable' from command line to 'False'
[0.257s] Level 5:colcon.colcon_core.verb:set package 'my_robot_cpp' build argument 'cmake_clean_cache' from command line to 'False'
[0.257s] Level 5:colcon.colcon_core.verb:set package 'my_robot_cpp' build argument 'cmake_clean_first' from command line to 'False'
[0.257s] Level 5:colcon.colcon_core.verb:set package 'my_robot_cpp' build argument 'cmake_force_configure' from command line to 'False'
[0.257s] Level 5:colcon.colcon_core.verb:set package 'my_robot_cpp' build argument 'ament_cmake_args' from command line to 'None'
[0.257s] Level 5:colcon.colcon_core.verb:set package 'my_robot_cpp' build argument 'catkin_cmake_args' from command line to 'None'
[0.257s] Level 5:colcon.colcon_core.verb:set package 'my_robot_cpp' build argument 'catkin_skip_building_tests' from command line to 'False'
[0.257s] DEBUG:colcon.colcon_core.verb:Building package 'my_robot_cpp' with the following arguments: {'ament_cmake_args': None, 'build_base': '/home/vincent-pc/ros2_jazzy/build/my_robot_cpp', 'catkin_cmake_args': None, 'catkin_skip_building_tests': False, 'cmake_args': None, 'cmake_clean_cache': False, 'cmake_clean_first': False, 'cmake_force_configure': False, 'cmake_target': None, 'cmake_target_skip_unavailable': False, 'install_base': '/home/vincent-pc/ros2_jazzy/install/my_robot_cpp', 'merge_install': False, 'path': '/home/vincent-pc/ros2_jazzy/src/my_robot_cpp', 'symlink_install': False, 'test_result_base': None}
[0.258s] Level 5:colcon.colcon_core.verb:set package 'robot_cpp' build argument 'cmake_args' from command line to 'None'
[0.258s] Level 5:colcon.colcon_core.verb:set package 'robot_cpp' build argument 'cmake_target' from command line to 'None'
[0.258s] Level 5:colcon.colcon_core.verb:set package 'robot_cpp' build argument 'cmake_target_skip_unavailable' from command line to 'False'
[0.258s] Level 5:colcon.colcon_core.verb:set package 'robot_cpp' build argument 'cmake_clean_cache' from command line to 'False'
[0.258s] Level 5:colcon.colcon_core.verb:set package 'robot_cpp' build argument 'cmake_clean_first' from command line to 'False'
[0.258s] Level 5:colcon.colcon_core.verb:set package 'robot_cpp' build argument 'cmake_force_configure' from command line to 'False'
[0.258s] Level 5:colcon.colcon_core.verb:set package 'robot_cpp' build argument 'ament_cmake_args' from command line to 'None'
[0.258s] Level 5:colcon.colcon_core.verb:set package 'robot_cpp' build argument 'catkin_cmake_args' from command line to 'None'
[0.258s] Level 5:colcon.colcon_core.verb:set package 'robot_cpp' build argument 'catkin_skip_building_tests' from command line to 'False'
[0.258s] DEBUG:colcon.colcon_core.verb:Building package 'robot_cpp' with the following arguments: {'ament_cmake_args': None, 'build_base': '/home/vincent-pc/ros2_jazzy/build/robot_cpp', 'catkin_cmake_args': None, 'catkin_skip_building_tests': False, 'cmake_args': None, 'cmake_clean_cache': False, 'cmake_clean_first': False, 'cmake_force_configure': False, 'cmake_target': None, 'cmake_target_skip_unavailable': False, 'install_base': '/home/vincent-pc/ros2_jazzy/install/robot_cpp', 'merge_install': False, 'path': '/home/vincent-pc/ros2_jazzy/src/robot_cpp', 'symlink_install': False, 'test_result_base': None}
[0.258s] Level 5:colcon.colcon_core.verb:set package 'my_robot_bringup' build argument 'cmake_args' from command line to 'None'
[0.258s] Level 5:colcon.colcon_core.verb:set package 'my_robot_bringup' build argument 'cmake_target' from command line to 'None'
[0.258s] Level 5:colcon.colcon_core.verb:set package 'my_robot_bringup' build argument 'cmake_target_skip_unavailable' from command line to 'False'
[0.258s] Level 5:colcon.colcon_core.verb:set package 'my_robot_bringup' build argument 'cmake_clean_cache' from command line to 'False'
[0.258s] Level 5:colcon.colcon_core.verb:set package 'my_robot_bringup' build argument 'cmake_clean_first' from command line to 'False'
[0.258s] Level 5:colcon.colcon_core.verb:set package 'my_robot_bringup' build argument 'cmake_force_configure' from command line to 'False'
[0.258s] Level 5:colcon.colcon_core.verb:set package 'my_robot_bringup' build argument 'ament_cmake_args' from command line to 'None'
[0.258s] Level 5:colcon.colcon_core.verb:set package 'my_robot_bringup' build argument 'catkin_cmake_args' from command line to 'None'
[0.258s] Level 5:colcon.colcon_core.verb:set package 'my_robot_bringup' build argument 'catkin_skip_building_tests' from command line to 'False'
[0.258s] DEBUG:colcon.colcon_core.verb:Building package 'my_robot_bringup' with the following arguments: {'ament_cmake_args': None, 'build_base': '/home/vincent-pc/ros2_jazzy/build/my_robot_bringup', 'catkin_cmake_args': None, 'catkin_skip_building_tests': False, 'cmake_args': None, 'cmake_clean_cache': False, 'cmake_clean_first': False, 'cmake_force_configure': False, 'cmake_target': None, 'cmake_target_skip_unavailable': False, 'install_base': '/home/vincent-pc/ros2_jazzy/install/my_robot_bringup', 'merge_install': False, 'path': '/home/vincent-pc/ros2_jazzy/src/my_robot_bringup', 'symlink_install': False, 'test_result_base': None}
[0.258s] INFO:colcon.colcon_core.executor:Executing jobs using 'parallel' executor
[0.259s] DEBUG:colcon.colcon_parallel_executor.executor.parallel:run_until_complete
[0.259s] INFO:colcon.colcon_ros.task.ament_cmake.build:Building ROS package in '/home/vincent-pc/ros2_jazzy/src/my_robot_interfaces' with build type 'ament_cmake'
[0.260s] INFO:colcon.colcon_cmake.task.cmake.build:Building CMake package in '/home/vincent-pc/ros2_jazzy/src/my_robot_interfaces'
[0.263s] INFO:colcon.colcon_core.plugin_system:Skipping extension 'colcon_core.shell.bat': Not used on non-Windows systems
[0.263s] INFO:colcon.colcon_core.shell:Skip shell extension 'powershell' for command environment: Not usable outside of PowerShell
[0.263s] DEBUG:colcon.colcon_core.shell:Skip shell extension 'dsv' for command environment
[0.268s] INFO:colcon.colcon_ros.task.ament_cmake.build:Building ROS package in '/home/vincent-pc/ros2_jazzy/src/my_robot_description' with build type 'ament_cmake'
[0.268s] INFO:colcon.colcon_cmake.task.cmake.build:Building CMake package in '/home/vincent-pc/ros2_jazzy/src/my_robot_description'
[0.268s] INFO:colcon.colcon_core.shell:Skip shell extension 'powershell' for command environment: Not usable outside of PowerShell
[0.269s] DEBUG:colcon.colcon_core.shell:Skip shell extension 'dsv' for command environment
[0.273s] INFO:colcon.colcon_ros.task.ament_python.build:Building ROS package in '/home/vincent-pc/ros2_jazzy/src/my_robot_python' with build type 'ament_python'
[0.273s] Level 1:colcon.colcon_core.shell:create_environment_hook('my_robot_python', 'ament_prefix_path')
[0.273s] INFO:colcon.colcon_core.shell:Creating environment hook '/home/vincent-pc/ros2_jazzy/install/my_robot_python/share/my_robot_python/hook/ament_prefix_path.ps1'
[0.274s] INFO:colcon.colcon_core.shell:Creating environment descriptor '/home/vincent-pc/ros2_jazzy/install/my_robot_python/share/my_robot_python/hook/ament_prefix_path.dsv'
[0.274s] INFO:colcon.colcon_core.shell:Creating environment hook '/home/vincent-pc/ros2_jazzy/install/my_robot_python/share/my_robot_python/hook/ament_prefix_path.sh'
[0.275s] INFO:colcon.colcon_core.shell:Skip shell extension 'powershell' for command environment: Not usable outside of PowerShell
[0.275s] DEBUG:colcon.colcon_core.shell:Skip shell extension 'dsv' for command environment
[0.278s] INFO:colcon.colcon_ros.task.ament_python.build:Building ROS package in '/home/vincent-pc/ros2_jazzy/src/robot_py' with build type 'ament_python'
[0.279s] Level 1:colcon.colcon_core.shell:create_environment_hook('robot_py', 'ament_prefix_path')
[0.279s] INFO:colcon.colcon_core.shell:Creating environment hook '/home/vincent-pc/ros2_jazzy/install/robot_py/share/robot_py/hook/ament_prefix_path.ps1'
[0.279s] INFO:colcon.colcon_core.shell:Creating environment descriptor '/home/vincent-pc/ros2_jazzy/install/robot_py/share/robot_py/hook/ament_prefix_path.dsv'
[0.280s] INFO:colcon.colcon_core.shell:Creating environment hook '/home/vincent-pc/ros2_jazzy/install/robot_py/share/robot_py/hook/ament_prefix_path.sh'
[0.280s] INFO:colcon.colcon_core.shell:Skip shell extension 'powershell' for command environment: Not usable outside of PowerShell
[0.280s] DEBUG:colcon.colcon_core.shell:Skip shell extension 'dsv' for command environment
[0.290s] DEBUG:colcon.colcon_core.event_handler.log_command:Invoking command in '/home/vincent-pc/ros2_jazzy/build/my_robot_interfaces': CMAKE_PREFIX_PATH=${CMAKE_PREFIX_PATH}:/home/vincent-pc/ros2_jazzy/install/robot_py:/home/vincent-pc/ros2_jazzy/install/my_robot_python:/home/vincent-pc/ros2_jazzy/install/lifecycle_py:/home/vincent-pc/ros2_jazzy/install/executors_py:/home/vincent-pc/ros2_jazzy/install/components_py:/home/vincent-pc/ros2_jazzy/install/actions_py:/opt/ros/jazzy DEBUGINFOD_URLS=https://debuginfod.ubuntu.com /usr/bin/cmake --build /home/vincent-pc/ros2_jazzy/build/my_robot_interfaces -- -j8 -l8
[0.294s] DEBUG:colcon.colcon_core.event_handler.log_command:Invoking command in '/home/vincent-pc/ros2_jazzy/build/my_robot_description': CMAKE_PREFIX_PATH=${CMAKE_PREFIX_PATH}:/home/vincent-pc/ros2_jazzy/install/robot_py:/home/vincent-pc/ros2_jazzy/install/my_robot_python:/home/vincent-pc/ros2_jazzy/install/lifecycle_py:/home/vincent-pc/ros2_jazzy/install/executors_py:/home/vincent-pc/ros2_jazzy/install/components_py:/home/vincent-pc/ros2_jazzy/install/actions_py:/opt/ros/jazzy DEBUGINFOD_URLS=https://debuginfod.ubuntu.com /usr/bin/cmake --build /home/vincent-pc/ros2_jazzy/build/my_robot_description -- -j8 -l8
[0.607s] INFO:colcon.colcon_core.task.python.build:Building Python package in '/home/vincent-pc/ros2_jazzy/src/my_robot_python'
[0.607s] INFO:colcon.colcon_core.shell:Skip shell extension 'powershell' for command environment: Not usable outside of PowerShell
[0.608s] DEBUG:colcon.colcon_core.shell:Skip shell extension 'dsv' for command environment
[0.616s] DEBUG:colcon.colcon_core.event_handler.log_command:Invoked command in '/home/vincent-pc/ros2_jazzy/build/my_robot_description' returned '0': CMAKE_PREFIX_PATH=${CMAKE_PREFIX_PATH}:/home/vincent-pc/ros2_jazzy/install/robot_py:/home/vincent-pc/ros2_jazzy/install/my_robot_python:/home/vincent-pc/ros2_jazzy/install/lifecycle_py:/home/vincent-pc/ros2_jazzy/install/executors_py:/home/vincent-pc/ros2_jazzy/install/components_py:/home/vincent-pc/ros2_jazzy/install/actions_py:/opt/ros/jazzy DEBUGINFOD_URLS=https://debuginfod.ubuntu.com /usr/bin/cmake --build /home/vincent-pc/ros2_jazzy/build/my_robot_description -- -j8 -l8
[0.629s] DEBUG:colcon.colcon_core.event_handler.log_command:Invoking command in '/home/vincent-pc/ros2_jazzy/build/my_robot_description': CMAKE_PREFIX_PATH=${CMAKE_PREFIX_PATH}:/home/vincent-pc/ros2_jazzy/install/robot_py:/home/vincent-pc/ros2_jazzy/install/my_robot_python:/home/vincent-pc/ros2_jazzy/install/lifecycle_py:/home/vincent-pc/ros2_jazzy/install/executors_py:/home/vincent-pc/ros2_jazzy/install/components_py:/home/vincent-pc/ros2_jazzy/install/actions_py:/opt/ros/jazzy DEBUGINFOD_URLS=https://debuginfod.ubuntu.com /usr/bin/cmake --install /home/vincent-pc/ros2_jazzy/build/my_robot_description
[0.883s] INFO:colcon.colcon_core.task.python.build:Building Python package in '/home/vincent-pc/ros2_jazzy/src/robot_py'
[0.883s] INFO:colcon.colcon_core.shell:Skip shell extension 'powershell' for command environment: Not usable outside of PowerShell
[0.883s] DEBUG:colcon.colcon_core.shell:Skip shell extension 'dsv' for command environment
[0.894s] Level 1:colcon.colcon_core.environment:create_environment_scripts_only(my_robot_description)
[0.895s] DEBUG:colcon.colcon_core.event_handler.log_command:Invoked command in '/home/vincent-pc/ros2_jazzy/build/my_robot_description' returned '0': CMAKE_PREFIX_PATH=${CMAKE_PREFIX_PATH}:/home/vincent-pc/ros2_jazzy/install/robot_py:/home/vincent-pc/ros2_jazzy/install/my_robot_python:/home/vincent-pc/ros2_jazzy/install/lifecycle_py:/home/vincent-pc/ros2_jazzy/install/executors_py:/home/vincent-pc/ros2_jazzy/install/components_py:/home/vincent-pc/ros2_jazzy/install/actions_py:/opt/ros/jazzy DEBUGINFOD_URLS=https://debuginfod.ubuntu.com /usr/bin/cmake --install /home/vincent-pc/ros2_jazzy/build/my_robot_description
[0.897s] Level 1:colcon.colcon_core.environment:checking '/home/vincent-pc/ros2_jazzy/install/my_robot_description' for CMake module files
[0.898s] Level 1:colcon.colcon_core.environment:checking '/home/vincent-pc/ros2_jazzy/install/my_robot_description' for CMake config files
[0.899s] Level 1:colcon.colcon_core.shell:create_environment_hook('my_robot_description', 'cmake_prefix_path')
[0.899s] INFO:colcon.colcon_core.shell:Creating environment hook '/home/vincent-pc/ros2_jazzy/install/my_robot_description/share/my_robot_description/hook/cmake_prefix_path.ps1'
[0.899s] INFO:colcon.colcon_core.shell:Creating environment descriptor '/home/vincent-pc/ros2_jazzy/install/my_robot_description/share/my_robot_description/hook/cmake_prefix_path.dsv'
[0.900s] INFO:colcon.colcon_core.shell:Creating environment hook '/home/vincent-pc/ros2_jazzy/install/my_robot_description/share/my_robot_description/hook/cmake_prefix_path.sh'
[0.900s] Level 1:colcon.colcon_core.environment:checking '/home/vincent-pc/ros2_jazzy/install/my_robot_description/bin'
[0.901s] Level 1:colcon.colcon_core.environment:checking '/home/vincent-pc/ros2_jazzy/install/my_robot_description/lib/pkgconfig/my_robot_description.pc'
[0.901s] Level 1:colcon.colcon_core.environment:checking '/home/vincent-pc/ros2_jazzy/install/my_robot_description/lib/python3.12/site-packages'
[0.901s] Level 1:colcon.colcon_core.environment:checking '/home/vincent-pc/ros2_jazzy/install/my_robot_description/bin'
[0.901s] INFO:colcon.colcon_core.shell:Creating package script '/home/vincent-pc/ros2_jazzy/install/my_robot_description/share/my_robot_description/package.ps1'
[0.902s] INFO:colcon.colcon_core.shell:Creating package descriptor '/home/vincent-pc/ros2_jazzy/install/my_robot_description/share/my_robot_description/package.dsv'
[0.903s] INFO:colcon.colcon_core.shell:Creating package script '/home/vincent-pc/ros2_jazzy/install/my_robot_description/share/my_robot_description/package.sh'
[0.903s] INFO:colcon.colcon_core.shell:Creating package script '/home/vincent-pc/ros2_jazzy/install/my_robot_description/share/my_robot_description/package.bash'
[0.904s] INFO:colcon.colcon_core.shell:Creating package script '/home/vincent-pc/ros2_jazzy/install/my_robot_description/share/my_robot_description/package.zsh'
[0.905s] Level 1:colcon.colcon_core.environment:create_file_with_runtime_dependencies(/home/vincent-pc/ros2_jazzy/install/my_robot_description/share/colcon-core/packages/my_robot_description)
[0.905s] Level 1:colcon.colcon_core.environment:create_environment_scripts_only(my_robot_description)
[0.906s] Level 1:colcon.colcon_core.environment:checking '/home/vincent-pc/ros2_jazzy/install/my_robot_description' for CMake module files
[0.906s] Level 1:colcon.colcon_core.environment:checking '/home/vincent-pc/ros2_jazzy/install/my_robot_description' for CMake config files
[0.907s] Level 1:colcon.colcon_core.shell:create_environment_hook('my_robot_description', 'cmake_prefix_path')
[0.907s] INFO:colcon.colcon_core.shell:Creating environment hook '/home/vincent-pc/ros2_jazzy/install/my_robot_description/share/my_robot_description/hook/cmake_prefix_path.ps1'
[0.907s] INFO:colcon.colcon_core.shell:Creating environment descriptor '/home/vincent-pc/ros2_jazzy/install/my_robot_description/share/my_robot_description/hook/cmake_prefix_path.dsv'
[0.908s] INFO:colcon.colcon_core.shell:Creating environment hook '/home/vincent-pc/ros2_jazzy/install/my_robot_description/share/my_robot_description/hook/cmake_prefix_path.sh'
[0.908s] Level 1:colcon.colcon_core.environment:checking '/home/vincent-pc/ros2_jazzy/install/my_robot_description/bin'
[0.908s] Level 1:colcon.colcon_core.environment:checking '/home/vincent-pc/ros2_jazzy/install/my_robot_description/lib/pkgconfig/my_robot_description.pc'
[0.908s] Level 1:colcon.colcon_core.environment:checking '/home/vincent-pc/ros2_jazzy/install/my_robot_description/lib/python3.12/site-packages'
[0.909s] Level 1:colcon.colcon_core.environment:checking '/home/vincent-pc/ros2_jazzy/install/my_robot_description/bin'
[0.909s] INFO:colcon.colcon_core.shell:Creating package script '/home/vincent-pc/ros2_jazzy/install/my_robot_description/share/my_robot_description/package.ps1'
[0.910s] INFO:colcon.colcon_core.shell:Creating package descriptor '/home/vincent-pc/ros2_jazzy/install/my_robot_description/share/my_robot_description/package.dsv'
[0.910s] INFO:colcon.colcon_core.shell:Creating package script '/home/vincent-pc/ros2_jazzy/install/my_robot_description/share/my_robot_description/package.sh'
[0.910s] INFO:colcon.colcon_core.shell:Creating package script '/home/vincent-pc/ros2_jazzy/install/my_robot_description/share/my_robot_description/package.bash'
[0.911s] INFO:colcon.colcon_core.shell:Creating package script '/home/vincent-pc/ros2_jazzy/install/my_robot_description/share/my_robot_description/package.zsh'
[0.911s] Level 1:colcon.colcon_core.environment:create_file_with_runtime_dependencies(/home/vincent-pc/ros2_jazzy/install/my_robot_description/share/colcon-core/packages/my_robot_description)
[0.912s] DEBUG:colcon.colcon_core.event_handler.log_command:Invoked command in '/home/vincent-pc/ros2_jazzy/build/my_robot_interfaces' returned '0': CMAKE_PREFIX_PATH=${CMAKE_PREFIX_PATH}:/home/vincent-pc/ros2_jazzy/install/robot_py:/home/vincent-pc/ros2_jazzy/install/my_robot_python:/home/vincent-pc/ros2_jazzy/install/lifecycle_py:/home/vincent-pc/ros2_jazzy/install/executors_py:/home/vincent-pc/ros2_jazzy/install/components_py:/home/vincent-pc/ros2_jazzy/install/actions_py:/opt/ros/jazzy DEBUGINFOD_URLS=https://debuginfod.ubuntu.com /usr/bin/cmake --build /home/vincent-pc/ros2_jazzy/build/my_robot_interfaces -- -j8 -l8
[0.913s] DEBUG:colcon.colcon_core.event_handler.log_command:Invoking command in '/home/vincent-pc/ros2_jazzy/build/my_robot_interfaces': CMAKE_PREFIX_PATH=${CMAKE_PREFIX_PATH}:/home/vincent-pc/ros2_jazzy/install/robot_py:/home/vincent-pc/ros2_jazzy/install/my_robot_python:/home/vincent-pc/ros2_jazzy/install/lifecycle_py:/home/vincent-pc/ros2_jazzy/install/executors_py:/home/vincent-pc/ros2_jazzy/install/components_py:/home/vincent-pc/ros2_jazzy/install/actions_py:/opt/ros/jazzy DEBUGINFOD_URLS=https://debuginfod.ubuntu.com /usr/bin/cmake --install /home/vincent-pc/ros2_jazzy/build/my_robot_interfaces
[1.014s] Level 1:colcon.colcon_core.environment:create_environment_scripts_only(my_robot_interfaces)
[1.014s] Level 1:colcon.colcon_core.environment:checking '/home/vincent-pc/ros2_jazzy/install/my_robot_interfaces' for CMake module files
[1.016s] DEBUG:colcon.colcon_core.event_handler.log_command:Invoked command in '/home/vincent-pc/ros2_jazzy/build/my_robot_interfaces' returned '0': CMAKE_PREFIX_PATH=${CMAKE_PREFIX_PATH}:/home/vincent-pc/ros2_jazzy/install/robot_py:/home/vincent-pc/ros2_jazzy/install/my_robot_python:/home/vincent-pc/ros2_jazzy/install/lifecycle_py:/home/vincent-pc/ros2_jazzy/install/executors_py:/home/vincent-pc/ros2_jazzy/install/components_py:/home/vincent-pc/ros2_jazzy/install/actions_py:/opt/ros/jazzy DEBUGINFOD_URLS=https://debuginfod.ubuntu.com /usr/bin/cmake --install /home/vincent-pc/ros2_jazzy/build/my_robot_interfaces
[1.016s] Level 1:colcon.colcon_core.environment:checking '/home/vincent-pc/ros2_jazzy/install/my_robot_interfaces' for CMake config files
[1.017s] Level 1:colcon.colcon_core.shell:create_environment_hook('my_robot_interfaces', 'cmake_prefix_path')
[1.018s] INFO:colcon.colcon_core.shell:Creating environment hook '/home/vincent-pc/ros2_jazzy/install/my_robot_interfaces/share/my_robot_interfaces/hook/cmake_prefix_path.ps1'
[1.018s] INFO:colcon.colcon_core.shell:Creating environment descriptor '/home/vincent-pc/ros2_jazzy/install/my_robot_interfaces/share/my_robot_interfaces/hook/cmake_prefix_path.dsv'
[1.019s] INFO:colcon.colcon_core.shell:Creating environment hook '/home/vincent-pc/ros2_jazzy/install/my_robot_interfaces/share/my_robot_interfaces/hook/cmake_prefix_path.sh'
[1.020s] Level 1:colcon.colcon_core.environment:checking '/home/vincent-pc/ros2_jazzy/install/my_robot_interfaces/lib'
[1.020s] Level 1:colcon.colcon_core.shell:create_environment_hook('my_robot_interfaces', 'ld_library_path_lib')
[1.020s] INFO:colcon.colcon_core.shell:Creating environment hook '/home/vincent-pc/ros2_jazzy/install/my_robot_interfaces/share/my_robot_interfaces/hook/ld_library_path_lib.ps1'
[1.021s] INFO:colcon.colcon_core.shell:Creating environment descriptor '/home/vincent-pc/ros2_jazzy/install/my_robot_interfaces/share/my_robot_interfaces/hook/ld_library_path_lib.dsv'
[1.021s] INFO:colcon.colcon_core.shell:Creating environment hook '/home/vincent-pc/ros2_jazzy/install/my_robot_interfaces/share/my_robot_interfaces/hook/ld_library_path_lib.sh'
[1.022s] Level 1:colcon.colcon_core.environment:checking '/home/vincent-pc/ros2_jazzy/install/my_robot_interfaces/bin'
[1.022s] Level 1:colcon.colcon_core.environment:checking '/home/vincent-pc/ros2_jazzy/install/my_robot_interfaces/lib/pkgconfig/my_robot_interfaces.pc'
[1.023s] Level 1:colcon.colcon_core.environment:checking '/home/vincent-pc/ros2_jazzy/install/my_robot_interfaces/lib/python3.12/site-packages'
[1.023s] Level 1:colcon.colcon_core.shell:create_environment_hook('my_robot_interfaces', 'pythonpath')
[1.023s] INFO:colcon.colcon_core.shell:Creating environment hook '/home/vincent-pc/ros2_jazzy/install/my_robot_interfaces/share/my_robot_interfaces/hook/pythonpath.ps1'
[1.024s] INFO:colcon.colcon_core.shell:Creating environment descriptor '/home/vincent-pc/ros2_jazzy/install/my_robot_interfaces/share/my_robot_interfaces/hook/pythonpath.dsv'
[1.025s] INFO:colcon.colcon_core.shell:Creating environment hook '/home/vincent-pc/ros2_jazzy/install/my_robot_interfaces/share/my_robot_interfaces/hook/pythonpath.sh'
[1.026s] Level 1:colcon.colcon_core.environment:checking '/home/vincent-pc/ros2_jazzy/install/my_robot_interfaces/bin'
[1.027s] INFO:colcon.colcon_core.shell:Creating package script '/home/vincent-pc/ros2_jazzy/install/my_robot_interfaces/share/my_robot_interfaces/package.ps1'
[1.027s] INFO:colcon.colcon_core.shell:Creating package descriptor '/home/vincent-pc/ros2_jazzy/install/my_robot_interfaces/share/my_robot_interfaces/package.dsv'
[1.028s] INFO:colcon.colcon_core.shell:Creating package script '/home/vincent-pc/ros2_jazzy/install/my_robot_interfaces/share/my_robot_interfaces/package.sh'
[1.029s] INFO:colcon.colcon_core.shell:Creating package script '/home/vincent-pc/ros2_jazzy/install/my_robot_interfaces/share/my_robot_interfaces/package.bash'
[1.029s] INFO:colcon.colcon_core.shell:Creating package script '/home/vincent-pc/ros2_jazzy/install/my_robot_interfaces/share/my_robot_interfaces/package.zsh'
[1.030s] Level 1:colcon.colcon_core.environment:create_file_with_runtime_dependencies(/home/vincent-pc/ros2_jazzy/install/my_robot_interfaces/share/colcon-core/packages/my_robot_interfaces)
[1.030s] Level 1:colcon.colcon_core.environment:create_environment_scripts_only(my_robot_interfaces)
[1.030s] Level 1:colcon.colcon_core.environment:checking '/home/vincent-pc/ros2_jazzy/install/my_robot_interfaces' for CMake module files
[1.031s] Level 1:colcon.colcon_core.environment:checking '/home/vincent-pc/ros2_jazzy/install/my_robot_interfaces' for CMake config files
[1.032s] Level 1:colcon.colcon_core.shell:create_environment_hook('my_robot_interfaces', 'cmake_prefix_path')
[1.032s] INFO:colcon.colcon_core.shell:Creating environment hook '/home/vincent-pc/ros2_jazzy/install/my_robot_interfaces/share/my_robot_interfaces/hook/cmake_prefix_path.ps1'
[1.033s] INFO:colcon.colcon_core.shell:Creating environment descriptor '/home/vincent-pc/ros2_jazzy/install/my_robot_interfaces/share/my_robot_interfaces/hook/cmake_prefix_path.dsv'
[1.033s] INFO:colcon.colcon_core.shell:Creating environment hook '/home/vincent-pc/ros2_jazzy/install/my_robot_interfaces/share/my_robot_interfaces/hook/cmake_prefix_path.sh'
[1.034s] Level 1:colcon.colcon_core.environment:checking '/home/vincent-pc/ros2_jazzy/install/my_robot_interfaces/lib'
[1.034s] Level 1:colcon.colcon_core.shell:create_environment_hook('my_robot_interfaces', 'ld_library_path_lib')
[1.034s] INFO:colcon.colcon_core.shell:Creating environment hook '/home/vincent-pc/ros2_jazzy/install/my_robot_interfaces/share/my_robot_interfaces/hook/ld_library_path_lib.ps1'
[1.035s] INFO:colcon.colcon_core.shell:Creating environment descriptor '/home/vincent-pc/ros2_jazzy/install/my_robot_interfaces/share/my_robot_interfaces/hook/ld_library_path_lib.dsv'
[1.035s] INFO:colcon.colcon_core.shell:Creating environment hook '/home/vincent-pc/ros2_jazzy/install/my_robot_interfaces/share/my_robot_interfaces/hook/ld_library_path_lib.sh'
[1.036s] Level 1:colcon.colcon_core.environment:checking '/home/vincent-pc/ros2_jazzy/install/my_robot_interfaces/bin'
[1.036s] Level 1:colcon.colcon_core.environment:checking '/home/vincent-pc/ros2_jazzy/install/my_robot_interfaces/lib/pkgconfig/my_robot_interfaces.pc'
[1.036s] Level 1:colcon.colcon_core.environment:checking '/home/vincent-pc/ros2_jazzy/install/my_robot_interfaces/lib/python3.12/site-packages'
[1.036s] Level 1:colcon.colcon_core.shell:create_environment_hook('my_robot_interfaces', 'pythonpath')
[1.037s] INFO:colcon.colcon_core.shell:Creating environment hook '/home/vincent-pc/ros2_jazzy/install/my_robot_interfaces/share/my_robot_interfaces/hook/pythonpath.ps1'
[1.037s] INFO:colcon.colcon_core.shell:Creating environment descriptor '/home/vincent-pc/ros2_jazzy/install/my_robot_interfaces/share/my_robot_interfaces/hook/pythonpath.dsv'
[1.038s] INFO:colcon.colcon_core.shell:Creating environment hook '/home/vincent-pc/ros2_jazzy/install/my_robot_interfaces/share/my_robot_interfaces/hook/pythonpath.sh'
[1.039s] Level 1:colcon.colcon_core.environment:checking '/home/vincent-pc/ros2_jazzy/install/my_robot_interfaces/bin'
[1.039s] INFO:colcon.colcon_core.shell:Creating package script '/home/vincent-pc/ros2_jazzy/install/my_robot_interfaces/share/my_robot_interfaces/package.ps1'
[1.040s] INFO:colcon.colcon_core.shell:Creating package descriptor '/home/vincent-pc/ros2_jazzy/install/my_robot_interfaces/share/my_robot_interfaces/package.dsv'
[1.042s] INFO:colcon.colcon_core.shell:Creating package script '/home/vincent-pc/ros2_jazzy/install/my_robot_interfaces/share/my_robot_interfaces/package.sh'
[1.043s] INFO:colcon.colcon_core.shell:Creating package script '/home/vincent-pc/ros2_jazzy/install/my_robot_interfaces/share/my_robot_interfaces/package.bash'
[1.043s] INFO:colcon.colcon_core.shell:Creating package script '/home/vincent-pc/ros2_jazzy/install/my_robot_interfaces/share/my_robot_interfaces/package.zsh'
[1.044s] Level 1:colcon.colcon_core.environment:create_file_with_runtime_dependencies(/home/vincent-pc/ros2_jazzy/install/my_robot_interfaces/share/colcon-core/packages/my_robot_interfaces)
[1.044s] INFO:colcon.colcon_ros.task.ament_cmake.build:Building ROS package in '/home/vincent-pc/ros2_jazzy/src/lifecycle_cpp' with build type 'ament_cmake'
[1.044s] INFO:colcon.colcon_cmake.task.cmake.build:Building CMake package in '/home/vincent-pc/ros2_jazzy/src/lifecycle_cpp'
[1.044s] INFO:colcon.colcon_core.shell:Skip shell extension 'powershell' for command environment: Not usable outside of PowerShell
[1.044s] DEBUG:colcon.colcon_core.shell:Skip shell extension 'dsv' for command environment
[1.051s] INFO:colcon.colcon_ros.task.ament_python.build:Building ROS package in '/home/vincent-pc/ros2_jazzy/src/lifecycle_py' with build type 'ament_python'
[1.051s] Level 1:colcon.colcon_core.shell:create_environment_hook('lifecycle_py', 'ament_prefix_path')
[1.051s] INFO:colcon.colcon_core.shell:Creating environment hook '/home/vincent-pc/ros2_jazzy/install/lifecycle_py/share/lifecycle_py/hook/ament_prefix_path.ps1'
[1.052s] INFO:colcon.colcon_core.shell:Creating environment descriptor '/home/vincent-pc/ros2_jazzy/install/lifecycle_py/share/lifecycle_py/hook/ament_prefix_path.dsv'
[1.053s] INFO:colcon.colcon_core.shell:Creating environment hook '/home/vincent-pc/ros2_jazzy/install/lifecycle_py/share/lifecycle_py/hook/ament_prefix_path.sh'
[1.054s] INFO:colcon.colcon_core.shell:Skip shell extension 'powershell' for command environment: Not usable outside of PowerShell
[1.054s] DEBUG:colcon.colcon_core.shell:Skip shell extension 'dsv' for command environment
[1.062s] INFO:colcon.colcon_ros.task.ament_cmake.build:Building ROS package in '/home/vincent-pc/ros2_jazzy/src/actions_cpp' with build type 'ament_cmake'
[1.062s] INFO:colcon.colcon_cmake.task.cmake.build:Building CMake package in '/home/vincent-pc/ros2_jazzy/src/actions_cpp'
[1.063s] INFO:colcon.colcon_core.shell:Skip shell extension 'powershell' for command environment: Not usable outside of PowerShell
[1.063s] DEBUG:colcon.colcon_core.shell:Skip shell extension 'dsv' for command environment
[1.068s] INFO:colcon.colcon_ros.task.ament_python.build:Building ROS package in '/home/vincent-pc/ros2_jazzy/src/actions_py' with build type 'ament_python'
[1.068s] Level 1:colcon.colcon_core.shell:create_environment_hook('actions_py', 'ament_prefix_path')
[1.069s] INFO:colcon.colcon_core.shell:Creating environment hook '/home/vincent-pc/ros2_jazzy/install/actions_py/share/actions_py/hook/ament_prefix_path.ps1'
[1.069s] INFO:colcon.colcon_core.shell:Creating environment descriptor '/home/vincent-pc/ros2_jazzy/install/actions_py/share/actions_py/hook/ament_prefix_path.dsv'
[1.070s] INFO:colcon.colcon_core.shell:Creating environment hook '/home/vincent-pc/ros2_jazzy/install/actions_py/share/actions_py/hook/ament_prefix_path.sh'
[1.070s] INFO:colcon.colcon_core.shell:Skip shell extension 'powershell' for command environment: Not usable outside of PowerShell
[1.070s] DEBUG:colcon.colcon_core.shell:Skip shell extension 'dsv' for command environment
[1.076s] INFO:colcon.colcon_ros.task.ament_cmake.build:Building ROS package in '/home/vincent-pc/ros2_jazzy/src/components_cpp' with build type 'ament_cmake'
[1.077s] INFO:colcon.colcon_cmake.task.cmake.build:Building CMake package in '/home/vincent-pc/ros2_jazzy/src/components_cpp'
[1.077s] INFO:colcon.colcon_core.shell:Skip shell extension 'powershell' for command environment: Not usable outside of PowerShell
[1.077s] DEBUG:colcon.colcon_core.shell:Skip shell extension 'dsv' for command environment
[1.085s] INFO:colcon.colcon_ros.task.ament_python.build:Building ROS package in '/home/vincent-pc/ros2_jazzy/src/components_py' with build type 'ament_python'
[1.085s] Level 1:colcon.colcon_core.shell:create_environment_hook('components_py', 'ament_prefix_path')
[1.085s] INFO:colcon.colcon_core.shell:Creating environment hook '/home/vincent-pc/ros2_jazzy/install/components_py/share/components_py/hook/ament_prefix_path.ps1'
[1.086s] INFO:colcon.colcon_core.shell:Creating environment descriptor '/home/vincent-pc/ros2_jazzy/install/components_py/share/components_py/hook/ament_prefix_path.dsv'
[1.087s] INFO:colcon.colcon_core.shell:Creating environment hook '/home/vincent-pc/ros2_jazzy/install/components_py/share/components_py/hook/ament_prefix_path.sh'
[1.087s] INFO:colcon.colcon_core.shell:Skip shell extension 'powershell' for command environment: Not usable outside of PowerShell
[1.087s] DEBUG:colcon.colcon_core.shell:Skip shell extension 'dsv' for command environment
[1.101s] DEBUG:colcon.colcon_core.event_handler.log_command:Invoking command in '/home/vincent-pc/ros2_jazzy/build/lifecycle_cpp': CMAKE_PREFIX_PATH=/home/vincent-pc/ros2_jazzy/install/my_robot_interfaces:/home/vincent-pc/ros2_jazzy/install/robot_cpp:/home/vincent-pc/ros2_jazzy/install/my_robot_cpp:/home/vincent-pc/ros2_jazzy/install/my_robot_bringup:/home/vincent-pc/ros2_jazzy/install/lifecycle_cpp:/home/vincent-pc/ros2_jazzy/install/final_project:/home/vincent-pc/ros2_jazzy/install/executors_cpp:/home/vincent-pc/ros2_jazzy/install/components_cpp:/home/vincent-pc/ros2_jazzy/install/actions_cpp:/home/vincent-pc/ros2_jazzy/install/my_robot_description:/opt/ros/jazzy/opt/gz_sim_vendor:/opt/ros/jazzy/opt/gz_sensors_vendor:/opt/ros/jazzy/opt/gz_physics_vendor:/opt/ros/jazzy/opt/sdformat_vendor:/opt/ros/jazzy/opt/gz_gui_vendor:/opt/ros/jazzy/opt/gz_transport_vendor:/opt/ros/jazzy/opt/gz_rendering_vendor:/opt/ros/jazzy/opt/gz_plugin_vendor:/opt/ros/jazzy/opt/gz_fuel_tools_vendor:/opt/ros/jazzy/opt/gz_msgs_vendor:/opt/ros/jazzy/opt/gz_common_vendor:/opt/ros/jazzy/opt/gz_math_vendor:/opt/ros/jazzy/opt/gz_utils_vendor:/opt/ros/jazzy/opt/gz_tools_vendor:/opt/ros/jazzy/opt/gz_ogre_next_vendor:/opt/ros/jazzy/opt/gz_dartsim_vendor:/opt/ros/jazzy/opt/gz_cmake_vendor:/home/vincent-pc/ros2_jazzy/install/robot_py:/home/vincent-pc/ros2_jazzy/install/my_robot_python:/home/vincent-pc/ros2_jazzy/install/lifecycle_py:/home/vincent-pc/ros2_jazzy/install/executors_py:/home/vincent-pc/ros2_jazzy/install/components_py:/home/vincent-pc/ros2_jazzy/install/actions_py:/opt/ros/jazzy DEBUGINFOD_URLS=https://debuginfod.ubuntu.com LD_LIBRARY_PATH=/home/vincent-pc/ros2_jazzy/install/my_robot_interfaces/lib:/home/vincent-pc/ros2_jazzy/install/components_cpp/lib:/opt/ros/jazzy/opt/gz_sim_vendor/lib:/opt/ros/jazzy/opt/gz_sensors_vendor/lib:/opt/ros/jazzy/opt/gz_physics_vendor/lib:/opt/ros/jazzy/opt/sdformat_vendor/lib:/opt/ros/jazzy/opt/rviz_ogre_vendor/lib:/opt/ros/jazzy/lib/x86_64-linux-gnu:/opt/ros/jazzy/opt/gz_gui_vendor/lib:/opt/ros/jazzy/opt/gz_transport_vendor/lib:/opt/ros/jazzy/opt/gz_rendering_vendor/lib:/opt/ros/jazzy/opt/gz_plugin_vendor/lib:/opt/ros/jazzy/opt/gz_fuel_tools_vendor/lib:/opt/ros/jazzy/opt/gz_msgs_vendor/lib:/opt/ros/jazzy/opt/gz_common_vendor/lib:/opt/ros/jazzy/opt/gz_math_vendor/lib:/opt/ros/jazzy/opt/gz_utils_vendor/lib:/opt/ros/jazzy/opt/gz_tools_vendor/lib:/opt/ros/jazzy/opt/gz_ogre_next_vendor/lib:/opt/ros/jazzy/opt/gz_dartsim_vendor/lib:/opt/ros/jazzy/opt/gz_cmake_vendor/lib:/opt/ros/jazzy/lib PYTHONPATH=/home/vincent-pc/ros2_jazzy/install/my_robot_interfaces/lib/python3.12/site-packages:/home/vincent-pc/ros2_jazzy/install/robot_py/lib/python3.12/site-packages:/home/vincent-pc/ros2_jazzy/install/my_robot_python/lib/python3.12/site-packages:/home/vincent-pc/ros2_jazzy/install/lifecycle_py/lib/python3.12/site-packages:/home/vincent-pc/ros2_jazzy/install/executors_py/lib/python3.12/site-packages:/home/vincent-pc/ros2_jazzy/install/components_py/lib/python3.12/site-packages:/home/vincent-pc/ros2_jazzy/install/actions_py/lib/python3.12/site-packages:/opt/ros/jazzy/lib/python3.12/site-packages /usr/bin/cmake --build /home/vincent-pc/ros2_jazzy/build/lifecycle_cpp -- -j8 -l8
[1.387s] INFO:colcon.colcon_core.task.python.build:Building Python package in '/home/vincent-pc/ros2_jazzy/src/lifecycle_py'
[1.387s] INFO:colcon.colcon_core.shell:Skip shell extension 'powershell' for command environment: Not usable outside of PowerShell
[1.387s] DEBUG:colcon.colcon_core.shell:Skip shell extension 'dsv' for command environment
[1.398s] DEBUG:colcon.colcon_core.event_handler.log_command:Invoking command in '/home/vincent-pc/ros2_jazzy/build/actions_cpp': CMAKE_PREFIX_PATH=/home/vincent-pc/ros2_jazzy/install/my_robot_interfaces:/home/vincent-pc/ros2_jazzy/install/robot_cpp:/home/vincent-pc/ros2_jazzy/install/my_robot_cpp:/home/vincent-pc/ros2_jazzy/install/my_robot_bringup:/home/vincent-pc/ros2_jazzy/install/lifecycle_cpp:/home/vincent-pc/ros2_jazzy/install/final_project:/home/vincent-pc/ros2_jazzy/install/executors_cpp:/home/vincent-pc/ros2_jazzy/install/components_cpp:/home/vincent-pc/ros2_jazzy/install/actions_cpp:/home/vincent-pc/ros2_jazzy/install/my_robot_description:/opt/ros/jazzy/opt/gz_sim_vendor:/opt/ros/jazzy/opt/gz_sensors_vendor:/opt/ros/jazzy/opt/gz_physics_vendor:/opt/ros/jazzy/opt/sdformat_vendor:/opt/ros/jazzy/opt/gz_gui_vendor:/opt/ros/jazzy/opt/gz_transport_vendor:/opt/ros/jazzy/opt/gz_rendering_vendor:/opt/ros/jazzy/opt/gz_plugin_vendor:/opt/ros/jazzy/opt/gz_fuel_tools_vendor:/opt/ros/jazzy/opt/gz_msgs_vendor:/opt/ros/jazzy/opt/gz_common_vendor:/opt/ros/jazzy/opt/gz_math_vendor:/opt/ros/jazzy/opt/gz_utils_vendor:/opt/ros/jazzy/opt/gz_tools_vendor:/opt/ros/jazzy/opt/gz_ogre_next_vendor:/opt/ros/jazzy/opt/gz_dartsim_vendor:/opt/ros/jazzy/opt/gz_cmake_vendor:/home/vincent-pc/ros2_jazzy/install/robot_py:/home/vincent-pc/ros2_jazzy/install/my_robot_python:/home/vincent-pc/ros2_jazzy/install/lifecycle_py:/home/vincent-pc/ros2_jazzy/install/executors_py:/home/vincent-pc/ros2_jazzy/install/components_py:/home/vincent-pc/ros2_jazzy/install/actions_py:/opt/ros/jazzy DEBUGINFOD_URLS=https://debuginfod.ubuntu.com LD_LIBRARY_PATH=/home/vincent-pc/ros2_jazzy/install/my_robot_interfaces/lib:/home/vincent-pc/ros2_jazzy/install/components_cpp/lib:/opt/ros/jazzy/opt/gz_sim_vendor/lib:/opt/ros/jazzy/opt/gz_sensors_vendor/lib:/opt/ros/jazzy/opt/gz_physics_vendor/lib:/opt/ros/jazzy/opt/sdformat_vendor/lib:/opt/ros/jazzy/opt/rviz_ogre_vendor/lib:/opt/ros/jazzy/lib/x86_64-linux-gnu:/opt/ros/jazzy/opt/gz_gui_vendor/lib:/opt/ros/jazzy/opt/gz_transport_vendor/lib:/opt/ros/jazzy/opt/gz_rendering_vendor/lib:/opt/ros/jazzy/opt/gz_plugin_vendor/lib:/opt/ros/jazzy/opt/gz_fuel_tools_vendor/lib:/opt/ros/jazzy/opt/gz_msgs_vendor/lib:/opt/ros/jazzy/opt/gz_common_vendor/lib:/opt/ros/jazzy/opt/gz_math_vendor/lib:/opt/ros/jazzy/opt/gz_utils_vendor/lib:/opt/ros/jazzy/opt/gz_tools_vendor/lib:/opt/ros/jazzy/opt/gz_ogre_next_vendor/lib:/opt/ros/jazzy/opt/gz_dartsim_vendor/lib:/opt/ros/jazzy/opt/gz_cmake_vendor/lib:/opt/ros/jazzy/lib PYTHONPATH=/home/vincent-pc/ros2_jazzy/install/my_robot_interfaces/lib/python3.12/site-packages:/home/vincent-pc/ros2_jazzy/install/robot_py/lib/python3.12/site-packages:/home/vincent-pc/ros2_jazzy/install/my_robot_python/lib/python3.12/site-packages:/home/vincent-pc/ros2_jazzy/install/lifecycle_py/lib/python3.12/site-packages:/home/vincent-pc/ros2_jazzy/install/executors_py/lib/python3.12/site-packages:/home/vincent-pc/ros2_jazzy/install/components_py/lib/python3.12/site-packages:/home/vincent-pc/ros2_jazzy/install/actions_py/lib/python3.12/site-packages:/opt/ros/jazzy/lib/python3.12/site-packages /usr/bin/cmake --build /home/vincent-pc/ros2_jazzy/build/actions_cpp -- -j8 -l8
[1.702s] INFO:colcon.colcon_core.task.python.build:Building Python package in '/home/vincent-pc/ros2_jazzy/src/actions_py'
[1.702s] INFO:colcon.colcon_core.shell:Skip shell extension 'powershell' for command environment: Not usable outside of PowerShell
[1.702s] DEBUG:colcon.colcon_core.shell:Skip shell extension 'dsv' for command environment
[1.718s] DEBUG:colcon.colcon_core.event_handler.log_command:Invoking command in '/home/vincent-pc/ros2_jazzy/build/components_cpp': CMAKE_PREFIX_PATH=/home/vincent-pc/ros2_jazzy/install/my_robot_interfaces:/home/vincent-pc/ros2_jazzy/install/robot_cpp:/home/vincent-pc/ros2_jazzy/install/my_robot_cpp:/home/vincent-pc/ros2_jazzy/install/my_robot_bringup:/home/vincent-pc/ros2_jazzy/install/lifecycle_cpp:/home/vincent-pc/ros2_jazzy/install/final_project:/home/vincent-pc/ros2_jazzy/install/executors_cpp:/home/vincent-pc/ros2_jazzy/install/components_cpp:/home/vincent-pc/ros2_jazzy/install/actions_cpp:/home/vincent-pc/ros2_jazzy/install/my_robot_description:/opt/ros/jazzy/opt/gz_sim_vendor:/opt/ros/jazzy/opt/gz_sensors_vendor:/opt/ros/jazzy/opt/gz_physics_vendor:/opt/ros/jazzy/opt/sdformat_vendor:/opt/ros/jazzy/opt/gz_gui_vendor:/opt/ros/jazzy/opt/gz_transport_vendor:/opt/ros/jazzy/opt/gz_rendering_vendor:/opt/ros/jazzy/opt/gz_plugin_vendor:/opt/ros/jazzy/opt/gz_fuel_tools_vendor:/opt/ros/jazzy/opt/gz_msgs_vendor:/opt/ros/jazzy/opt/gz_common_vendor:/opt/ros/jazzy/opt/gz_math_vendor:/opt/ros/jazzy/opt/gz_utils_vendor:/opt/ros/jazzy/opt/gz_tools_vendor:/opt/ros/jazzy/opt/gz_ogre_next_vendor:/opt/ros/jazzy/opt/gz_dartsim_vendor:/opt/ros/jazzy/opt/gz_cmake_vendor:/home/vincent-pc/ros2_jazzy/install/robot_py:/home/vincent-pc/ros2_jazzy/install/my_robot_python:/home/vincent-pc/ros2_jazzy/install/lifecycle_py:/home/vincent-pc/ros2_jazzy/install/executors_py:/home/vincent-pc/ros2_jazzy/install/components_py:/home/vincent-pc/ros2_jazzy/install/actions_py:/opt/ros/jazzy DEBUGINFOD_URLS=https://debuginfod.ubuntu.com LD_LIBRARY_PATH=/home/vincent-pc/ros2_jazzy/install/my_robot_interfaces/lib:/home/vincent-pc/ros2_jazzy/install/components_cpp/lib:/opt/ros/jazzy/opt/gz_sim_vendor/lib:/opt/ros/jazzy/opt/gz_sensors_vendor/lib:/opt/ros/jazzy/opt/gz_physics_vendor/lib:/opt/ros/jazzy/opt/sdformat_vendor/lib:/opt/ros/jazzy/opt/rviz_ogre_vendor/lib:/opt/ros/jazzy/lib/x86_64-linux-gnu:/opt/ros/jazzy/opt/gz_gui_vendor/lib:/opt/ros/jazzy/opt/gz_transport_vendor/lib:/opt/ros/jazzy/opt/gz_rendering_vendor/lib:/opt/ros/jazzy/opt/gz_plugin_vendor/lib:/opt/ros/jazzy/opt/gz_fuel_tools_vendor/lib:/opt/ros/jazzy/opt/gz_msgs_vendor/lib:/opt/ros/jazzy/opt/gz_common_vendor/lib:/opt/ros/jazzy/opt/gz_math_vendor/lib:/opt/ros/jazzy/opt/gz_utils_vendor/lib:/opt/ros/jazzy/opt/gz_tools_vendor/lib:/opt/ros/jazzy/opt/gz_ogre_next_vendor/lib:/opt/ros/jazzy/opt/gz_dartsim_vendor/lib:/opt/ros/jazzy/opt/gz_cmake_vendor/lib:/opt/ros/jazzy/lib PYTHONPATH=/home/vincent-pc/ros2_jazzy/install/my_robot_interfaces/lib/python3.12/site-packages:/home/vincent-pc/ros2_jazzy/install/robot_py/lib/python3.12/site-packages:/home/vincent-pc/ros2_jazzy/install/my_robot_python/lib/python3.12/site-packages:/home/vincent-pc/ros2_jazzy/install/lifecycle_py/lib/python3.12/site-packages:/home/vincent-pc/ros2_jazzy/install/executors_py/lib/python3.12/site-packages:/home/vincent-pc/ros2_jazzy/install/components_py/lib/python3.12/site-packages:/home/vincent-pc/ros2_jazzy/install/actions_py/lib/python3.12/site-packages:/opt/ros/jazzy/lib/python3.12/site-packages /usr/bin/cmake --build /home/vincent-pc/ros2_jazzy/build/components_cpp -- -j8 -l8
[1.722s] DEBUG:colcon.colcon_core.event_handler.log_command:Invoked command in '/home/vincent-pc/ros2_jazzy/build/lifecycle_cpp' returned '0': CMAKE_PREFIX_PATH=/home/vincent-pc/ros2_jazzy/install/my_robot_interfaces:/home/vincent-pc/ros2_jazzy/install/robot_cpp:/home/vincent-pc/ros2_jazzy/install/my_robot_cpp:/home/vincent-pc/ros2_jazzy/install/my_robot_bringup:/home/vincent-pc/ros2_jazzy/install/lifecycle_cpp:/home/vincent-pc/ros2_jazzy/install/final_project:/home/vincent-pc/ros2_jazzy/install/executors_cpp:/home/vincent-pc/ros2_jazzy/install/components_cpp:/home/vincent-pc/ros2_jazzy/install/actions_cpp:/home/vincent-pc/ros2_jazzy/install/my_robot_description:/opt/ros/jazzy/opt/gz_sim_vendor:/opt/ros/jazzy/opt/gz_sensors_vendor:/opt/ros/jazzy/opt/gz_physics_vendor:/opt/ros/jazzy/opt/sdformat_vendor:/opt/ros/jazzy/opt/gz_gui_vendor:/opt/ros/jazzy/opt/gz_transport_vendor:/opt/ros/jazzy/opt/gz_rendering_vendor:/opt/ros/jazzy/opt/gz_plugin_vendor:/opt/ros/jazzy/opt/gz_fuel_tools_vendor:/opt/ros/jazzy/opt/gz_msgs_vendor:/opt/ros/jazzy/opt/gz_common_vendor:/opt/ros/jazzy/opt/gz_math_vendor:/opt/ros/jazzy/opt/gz_utils_vendor:/opt/ros/jazzy/opt/gz_tools_vendor:/opt/ros/jazzy/opt/gz_ogre_next_vendor:/opt/ros/jazzy/opt/gz_dartsim_vendor:/opt/ros/jazzy/opt/gz_cmake_vendor:/home/vincent-pc/ros2_jazzy/install/robot_py:/home/vincent-pc/ros2_jazzy/install/my_robot_python:/home/vincent-pc/ros2_jazzy/install/lifecycle_py:/home/vincent-pc/ros2_jazzy/install/executors_py:/home/vincent-pc/ros2_jazzy/install/components_py:/home/vincent-pc/ros2_jazzy/install/actions_py:/opt/ros/jazzy DEBUGINFOD_URLS=https://debuginfod.ubuntu.com LD_LIBRARY_PATH=/home/vincent-pc/ros2_jazzy/install/my_robot_interfaces/lib:/home/vincent-pc/ros2_jazzy/install/components_cpp/lib:/opt/ros/jazzy/opt/gz_sim_vendor/lib:/opt/ros/jazzy/opt/gz_sensors_vendor/lib:/opt/ros/jazzy/opt/gz_physics_vendor/lib:/opt/ros/jazzy/opt/sdformat_vendor/lib:/opt/ros/jazzy/opt/rviz_ogre_vendor/lib:/opt/ros/jazzy/lib/x86_64-linux-gnu:/opt/ros/jazzy/opt/gz_gui_vendor/lib:/opt/ros/jazzy/opt/gz_transport_vendor/lib:/opt/ros/jazzy/opt/gz_rendering_vendor/lib:/opt/ros/jazzy/opt/gz_plugin_vendor/lib:/opt/ros/jazzy/opt/gz_fuel_tools_vendor/lib:/opt/ros/jazzy/opt/gz_msgs_vendor/lib:/opt/ros/jazzy/opt/gz_common_vendor/lib:/opt/ros/jazzy/opt/gz_math_vendor/lib:/opt/ros/jazzy/opt/gz_utils_vendor/lib:/opt/ros/jazzy/opt/gz_tools_vendor/lib:/opt/ros/jazzy/opt/gz_ogre_next_vendor/lib:/opt/ros/jazzy/opt/gz_dartsim_vendor/lib:/opt/ros/jazzy/opt/gz_cmake_vendor/lib:/opt/ros/jazzy/lib PYTHONPATH=/home/vincent-pc/ros2_jazzy/install/my_robot_interfaces/lib/python3.12/site-packages:/home/vincent-pc/ros2_jazzy/install/robot_py/lib/python3.12/site-packages:/home/vincent-pc/ros2_jazzy/install/my_robot_python/lib/python3.12/site-packages:/home/vincent-pc/ros2_jazzy/install/lifecycle_py/lib/python3.12/site-packages:/home/vincent-pc/ros2_jazzy/install/executors_py/lib/python3.12/site-packages:/home/vincent-pc/ros2_jazzy/install/components_py/lib/python3.12/site-packages:/home/vincent-pc/ros2_jazzy/install/actions_py/lib/python3.12/site-packages:/opt/ros/jazzy/lib/python3.12/site-packages /usr/bin/cmake --build /home/vincent-pc/ros2_jazzy/build/lifecycle_cpp -- -j8 -l8
[1.723s] DEBUG:colcon.colcon_core.event_handler.log_command:Invoking command in '/home/vincent-pc/ros2_jazzy/build/lifecycle_cpp': CMAKE_PREFIX_PATH=/home/vincent-pc/ros2_jazzy/install/my_robot_interfaces:/home/vincent-pc/ros2_jazzy/install/robot_cpp:/home/vincent-pc/ros2_jazzy/install/my_robot_cpp:/home/vincent-pc/ros2_jazzy/install/my_robot_bringup:/home/vincent-pc/ros2_jazzy/install/lifecycle_cpp:/home/vincent-pc/ros2_jazzy/install/final_project:/home/vincent-pc/ros2_jazzy/install/executors_cpp:/home/vincent-pc/ros2_jazzy/install/components_cpp:/home/vincent-pc/ros2_jazzy/install/actions_cpp:/home/vincent-pc/ros2_jazzy/install/my_robot_description:/opt/ros/jazzy/opt/gz_sim_vendor:/opt/ros/jazzy/opt/gz_sensors_vendor:/opt/ros/jazzy/opt/gz_physics_vendor:/opt/ros/jazzy/opt/sdformat_vendor:/opt/ros/jazzy/opt/gz_gui_vendor:/opt/ros/jazzy/opt/gz_transport_vendor:/opt/ros/jazzy/opt/gz_rendering_vendor:/opt/ros/jazzy/opt/gz_plugin_vendor:/opt/ros/jazzy/opt/gz_fuel_tools_vendor:/opt/ros/jazzy/opt/gz_msgs_vendor:/opt/ros/jazzy/opt/gz_common_vendor:/opt/ros/jazzy/opt/gz_math_vendor:/opt/ros/jazzy/opt/gz_utils_vendor:/opt/ros/jazzy/opt/gz_tools_vendor:/opt/ros/jazzy/opt/gz_ogre_next_vendor:/opt/ros/jazzy/opt/gz_dartsim_vendor:/opt/ros/jazzy/opt/gz_cmake_vendor:/home/vincent-pc/ros2_jazzy/install/robot_py:/home/vincent-pc/ros2_jazzy/install/my_robot_python:/home/vincent-pc/ros2_jazzy/install/lifecycle_py:/home/vincent-pc/ros2_jazzy/install/executors_py:/home/vincent-pc/ros2_jazzy/install/components_py:/home/vincent-pc/ros2_jazzy/install/actions_py:/opt/ros/jazzy DEBUGINFOD_URLS=https://debuginfod.ubuntu.com LD_LIBRARY_PATH=/home/vincent-pc/ros2_jazzy/install/my_robot_interfaces/lib:/home/vincent-pc/ros2_jazzy/install/components_cpp/lib:/opt/ros/jazzy/opt/gz_sim_vendor/lib:/opt/ros/jazzy/opt/gz_sensors_vendor/lib:/opt/ros/jazzy/opt/gz_physics_vendor/lib:/opt/ros/jazzy/opt/sdformat_vendor/lib:/opt/ros/jazzy/opt/rviz_ogre_vendor/lib:/opt/ros/jazzy/lib/x86_64-linux-gnu:/opt/ros/jazzy/opt/gz_gui_vendor/lib:/opt/ros/jazzy/opt/gz_transport_vendor/lib:/opt/ros/jazzy/opt/gz_rendering_vendor/lib:/opt/ros/jazzy/opt/gz_plugin_vendor/lib:/opt/ros/jazzy/opt/gz_fuel_tools_vendor/lib:/opt/ros/jazzy/opt/gz_msgs_vendor/lib:/opt/ros/jazzy/opt/gz_common_vendor/lib:/opt/ros/jazzy/opt/gz_math_vendor/lib:/opt/ros/jazzy/opt/gz_utils_vendor/lib:/opt/ros/jazzy/opt/gz_tools_vendor/lib:/opt/ros/jazzy/opt/gz_ogre_next_vendor/lib:/opt/ros/jazzy/opt/gz_dartsim_vendor/lib:/opt/ros/jazzy/opt/gz_cmake_vendor/lib:/opt/ros/jazzy/lib PYTHONPATH=/home/vincent-pc/ros2_jazzy/install/my_robot_interfaces/lib/python3.12/site-packages:/home/vincent-pc/ros2_jazzy/install/robot_py/lib/python3.12/site-packages:/home/vincent-pc/ros2_jazzy/install/my_robot_python/lib/python3.12/site-packages:/home/vincent-pc/ros2_jazzy/install/lifecycle_py/lib/python3.12/site-packages:/home/vincent-pc/ros2_jazzy/install/executors_py/lib/python3.12/site-packages:/home/vincent-pc/ros2_jazzy/install/components_py/lib/python3.12/site-packages:/home/vincent-pc/ros2_jazzy/install/actions_py/lib/python3.12/site-packages:/opt/ros/jazzy/lib/python3.12/site-packages /usr/bin/cmake --install /home/vincent-pc/ros2_jazzy/build/lifecycle_cpp
[1.724s] DEBUG:colcon.colcon_core.event_handler.log_command:Invoked command in '/home/vincent-pc/ros2_jazzy/build/actions_cpp' returned '0': CMAKE_PREFIX_PATH=/home/vincent-pc/ros2_jazzy/install/my_robot_interfaces:/home/vincent-pc/ros2_jazzy/install/robot_cpp:/home/vincent-pc/ros2_jazzy/install/my_robot_cpp:/home/vincent-pc/ros2_jazzy/install/my_robot_bringup:/home/vincent-pc/ros2_jazzy/install/lifecycle_cpp:/home/vincent-pc/ros2_jazzy/install/final_project:/home/vincent-pc/ros2_jazzy/install/executors_cpp:/home/vincent-pc/ros2_jazzy/install/components_cpp:/home/vincent-pc/ros2_jazzy/install/actions_cpp:/home/vincent-pc/ros2_jazzy/install/my_robot_description:/opt/ros/jazzy/opt/gz_sim_vendor:/opt/ros/jazzy/opt/gz_sensors_vendor:/opt/ros/jazzy/opt/gz_physics_vendor:/opt/ros/jazzy/opt/sdformat_vendor:/opt/ros/jazzy/opt/gz_gui_vendor:/opt/ros/jazzy/opt/gz_transport_vendor:/opt/ros/jazzy/opt/gz_rendering_vendor:/opt/ros/jazzy/opt/gz_plugin_vendor:/opt/ros/jazzy/opt/gz_fuel_tools_vendor:/opt/ros/jazzy/opt/gz_msgs_vendor:/opt/ros/jazzy/opt/gz_common_vendor:/opt/ros/jazzy/opt/gz_math_vendor:/opt/ros/jazzy/opt/gz_utils_vendor:/opt/ros/jazzy/opt/gz_tools_vendor:/opt/ros/jazzy/opt/gz_ogre_next_vendor:/opt/ros/jazzy/opt/gz_dartsim_vendor:/opt/ros/jazzy/opt/gz_cmake_vendor:/home/vincent-pc/ros2_jazzy/install/robot_py:/home/vincent-pc/ros2_jazzy/install/my_robot_python:/home/vincent-pc/ros2_jazzy/install/lifecycle_py:/home/vincent-pc/ros2_jazzy/install/executors_py:/home/vincent-pc/ros2_jazzy/install/components_py:/home/vincent-pc/ros2_jazzy/install/actions_py:/opt/ros/jazzy DEBUGINFOD_URLS=https://debuginfod.ubuntu.com LD_LIBRARY_PATH=/home/vincent-pc/ros2_jazzy/install/my_robot_interfaces/lib:/home/vincent-pc/ros2_jazzy/install/components_cpp/lib:/opt/ros/jazzy/opt/gz_sim_vendor/lib:/opt/ros/jazzy/opt/gz_sensors_vendor/lib:/opt/ros/jazzy/opt/gz_physics_vendor/lib:/opt/ros/jazzy/opt/sdformat_vendor/lib:/opt/ros/jazzy/opt/rviz_ogre_vendor/lib:/opt/ros/jazzy/lib/x86_64-linux-gnu:/opt/ros/jazzy/opt/gz_gui_vendor/lib:/opt/ros/jazzy/opt/gz_transport_vendor/lib:/opt/ros/jazzy/opt/gz_rendering_vendor/lib:/opt/ros/jazzy/opt/gz_plugin_vendor/lib:/opt/ros/jazzy/opt/gz_fuel_tools_vendor/lib:/opt/ros/jazzy/opt/gz_msgs_vendor/lib:/opt/ros/jazzy/opt/gz_common_vendor/lib:/opt/ros/jazzy/opt/gz_math_vendor/lib:/opt/ros/jazzy/opt/gz_utils_vendor/lib:/opt/ros/jazzy/opt/gz_tools_vendor/lib:/opt/ros/jazzy/opt/gz_ogre_next_vendor/lib:/opt/ros/jazzy/opt/gz_dartsim_vendor/lib:/opt/ros/jazzy/opt/gz_cmake_vendor/lib:/opt/ros/jazzy/lib PYTHONPATH=/home/vincent-pc/ros2_jazzy/install/my_robot_interfaces/lib/python3.12/site-packages:/home/vincent-pc/ros2_jazzy/install/robot_py/lib/python3.12/site-packages:/home/vincent-pc/ros2_jazzy/install/my_robot_python/lib/python3.12/site-packages:/home/vincent-pc/ros2_jazzy/install/lifecycle_py/lib/python3.12/site-packages:/home/vincent-pc/ros2_jazzy/install/executors_py/lib/python3.12/site-packages:/home/vincent-pc/ros2_jazzy/install/components_py/lib/python3.12/site-packages:/home/vincent-pc/ros2_jazzy/install/actions_py/lib/python3.12/site-packages:/opt/ros/jazzy/lib/python3.12/site-packages /usr/bin/cmake --build /home/vincent-pc/ros2_jazzy/build/actions_cpp -- -j8 -l8
[1.727s] DEBUG:colcon.colcon_core.event_handler.log_command:Invoking command in '/home/vincent-pc/ros2_jazzy/build/actions_cpp': CMAKE_PREFIX_PATH=/home/vincent-pc/ros2_jazzy/install/my_robot_interfaces:/home/vincent-pc/ros2_jazzy/install/robot_cpp:/home/vincent-pc/ros2_jazzy/install/my_robot_cpp:/home/vincent-pc/ros2_jazzy/install/my_robot_bringup:/home/vincent-pc/ros2_jazzy/install/lifecycle_cpp:/home/vincent-pc/ros2_jazzy/install/final_project:/home/vincent-pc/ros2_jazzy/install/executors_cpp:/home/vincent-pc/ros2_jazzy/install/components_cpp:/home/vincent-pc/ros2_jazzy/install/actions_cpp:/home/vincent-pc/ros2_jazzy/install/my_robot_description:/opt/ros/jazzy/opt/gz_sim_vendor:/opt/ros/jazzy/opt/gz_sensors_vendor:/opt/ros/jazzy/opt/gz_physics_vendor:/opt/ros/jazzy/opt/sdformat_vendor:/opt/ros/jazzy/opt/gz_gui_vendor:/opt/ros/jazzy/opt/gz_transport_vendor:/opt/ros/jazzy/opt/gz_rendering_vendor:/opt/ros/jazzy/opt/gz_plugin_vendor:/opt/ros/jazzy/opt/gz_fuel_tools_vendor:/opt/ros/jazzy/opt/gz_msgs_vendor:/opt/ros/jazzy/opt/gz_common_vendor:/opt/ros/jazzy/opt/gz_math_vendor:/opt/ros/jazzy/opt/gz_utils_vendor:/opt/ros/jazzy/opt/gz_tools_vendor:/opt/ros/jazzy/opt/gz_ogre_next_vendor:/opt/ros/jazzy/opt/gz_dartsim_vendor:/opt/ros/jazzy/opt/gz_cmake_vendor:/home/vincent-pc/ros2_jazzy/install/robot_py:/home/vincent-pc/ros2_jazzy/install/my_robot_python:/home/vincent-pc/ros2_jazzy/install/lifecycle_py:/home/vincent-pc/ros2_jazzy/install/executors_py:/home/vincent-pc/ros2_jazzy/install/components_py:/home/vincent-pc/ros2_jazzy/install/actions_py:/opt/ros/jazzy DEBUGINFOD_URLS=https://debuginfod.ubuntu.com LD_LIBRARY_PATH=/home/vincent-pc/ros2_jazzy/install/my_robot_interfaces/lib:/home/vincent-pc/ros2_jazzy/install/components_cpp/lib:/opt/ros/jazzy/opt/gz_sim_vendor/lib:/opt/ros/jazzy/opt/gz_sensors_vendor/lib:/opt/ros/jazzy/opt/gz_physics_vendor/lib:/opt/ros/jazzy/opt/sdformat_vendor/lib:/opt/ros/jazzy/opt/rviz_ogre_vendor/lib:/opt/ros/jazzy/lib/x86_64-linux-gnu:/opt/ros/jazzy/opt/gz_gui_vendor/lib:/opt/ros/jazzy/opt/gz_transport_vendor/lib:/opt/ros/jazzy/opt/gz_rendering_vendor/lib:/opt/ros/jazzy/opt/gz_plugin_vendor/lib:/opt/ros/jazzy/opt/gz_fuel_tools_vendor/lib:/opt/ros/jazzy/opt/gz_msgs_vendor/lib:/opt/ros/jazzy/opt/gz_common_vendor/lib:/opt/ros/jazzy/opt/gz_math_vendor/lib:/opt/ros/jazzy/opt/gz_utils_vendor/lib:/opt/ros/jazzy/opt/gz_tools_vendor/lib:/opt/ros/jazzy/opt/gz_ogre_next_vendor/lib:/opt/ros/jazzy/opt/gz_dartsim_vendor/lib:/opt/ros/jazzy/opt/gz_cmake_vendor/lib:/opt/ros/jazzy/lib PYTHONPATH=/home/vincent-pc/ros2_jazzy/install/my_robot_interfaces/lib/python3.12/site-packages:/home/vincent-pc/ros2_jazzy/install/robot_py/lib/python3.12/site-packages:/home/vincent-pc/ros2_jazzy/install/my_robot_python/lib/python3.12/site-packages:/home/vincent-pc/ros2_jazzy/install/lifecycle_py/lib/python3.12/site-packages:/home/vincent-pc/ros2_jazzy/install/executors_py/lib/python3.12/site-packages:/home/vincent-pc/ros2_jazzy/install/components_py/lib/python3.12/site-packages:/home/vincent-pc/ros2_jazzy/install/actions_py/lib/python3.12/site-packages:/opt/ros/jazzy/lib/python3.12/site-packages /usr/bin/cmake --install /home/vincent-pc/ros2_jazzy/build/actions_cpp
[1.972s] INFO:colcon.colcon_core.task.python.build:Building Python package in '/home/vincent-pc/ros2_jazzy/src/components_py'
[1.972s] INFO:colcon.colcon_core.shell:Skip shell extension 'powershell' for command environment: Not usable outside of PowerShell
[1.973s] DEBUG:colcon.colcon_core.shell:Skip shell extension 'dsv' for command environment
[1.982s] DEBUG:colcon.colcon_core.event_handler.log_command:Invoking command in '/home/vincent-pc/ros2_jazzy/src/my_robot_python': DEBUGINFOD_URLS=https://debuginfod.ubuntu.com PYTHONPATH=/home/vincent-pc/ros2_jazzy/build/my_robot_python/prefix_override:/usr/lib/python3/dist-packages/colcon_core/task/python/colcon_distutils_commands:/home/vincent-pc/ros2_jazzy/install/my_robot_python/lib/python3.12/site-packages:${PYTHONPATH} /usr/bin/python3 -W ignore:setup.py install is deprecated -W ignore:easy_install command is deprecated setup.py egg_info --egg-base ../../build/my_robot_python build --build-base /home/vincent-pc/ros2_jazzy/build/my_robot_python/build install --record /home/vincent-pc/ros2_jazzy/build/my_robot_python/install.log --single-version-externally-managed install_data
[1.996s] Level 1:colcon.colcon_core.environment:create_environment_scripts_only(lifecycle_cpp)
[1.996s] Level 1:colcon.colcon_core.environment:checking '/home/vincent-pc/ros2_jazzy/install/lifecycle_cpp' for CMake module files
[1.997s] Level 1:colcon.colcon_core.environment:checking '/home/vincent-pc/ros2_jazzy/install/lifecycle_cpp' for CMake config files
[1.998s] Level 1:colcon.colcon_core.shell:create_environment_hook('lifecycle_cpp', 'cmake_prefix_path')
[1.998s] INFO:colcon.colcon_core.shell:Creating environment hook '/home/vincent-pc/ros2_jazzy/install/lifecycle_cpp/share/lifecycle_cpp/hook/cmake_prefix_path.ps1'
[2.000s] DEBUG:colcon.colcon_core.event_handler.log_command:Invoking command in '/home/vincent-pc/ros2_jazzy/src/robot_py': DEBUGINFOD_URLS=https://debuginfod.ubuntu.com PYTHONPATH=/home/vincent-pc/ros2_jazzy/build/robot_py/prefix_override:/usr/lib/python3/dist-packages/colcon_core/task/python/colcon_distutils_commands:/home/vincent-pc/ros2_jazzy/install/robot_py/lib/python3.12/site-packages:${PYTHONPATH} /usr/bin/python3 -W ignore:setup.py install is deprecated -W ignore:easy_install command is deprecated setup.py egg_info --egg-base ../../build/robot_py build --build-base /home/vincent-pc/ros2_jazzy/build/robot_py/build install --record /home/vincent-pc/ros2_jazzy/build/robot_py/install.log --single-version-externally-managed install_data
[2.000s] INFO:colcon.colcon_core.shell:Creating environment descriptor '/home/vincent-pc/ros2_jazzy/install/lifecycle_cpp/share/lifecycle_cpp/hook/cmake_prefix_path.dsv'
[2.000s] DEBUG:colcon.colcon_core.event_handler.log_command:Invoked command in '/home/vincent-pc/ros2_jazzy/build/lifecycle_cpp' returned '0': CMAKE_PREFIX_PATH=/home/vincent-pc/ros2_jazzy/install/my_robot_interfaces:/home/vincent-pc/ros2_jazzy/install/robot_cpp:/home/vincent-pc/ros2_jazzy/install/my_robot_cpp:/home/vincent-pc/ros2_jazzy/install/my_robot_bringup:/home/vincent-pc/ros2_jazzy/install/lifecycle_cpp:/home/vincent-pc/ros2_jazzy/install/final_project:/home/vincent-pc/ros2_jazzy/install/executors_cpp:/home/vincent-pc/ros2_jazzy/install/components_cpp:/home/vincent-pc/ros2_jazzy/install/actions_cpp:/home/vincent-pc/ros2_jazzy/install/my_robot_description:/opt/ros/jazzy/opt/gz_sim_vendor:/opt/ros/jazzy/opt/gz_sensors_vendor:/opt/ros/jazzy/opt/gz_physics_vendor:/opt/ros/jazzy/opt/sdformat_vendor:/opt/ros/jazzy/opt/gz_gui_vendor:/opt/ros/jazzy/opt/gz_transport_vendor:/opt/ros/jazzy/opt/gz_rendering_vendor:/opt/ros/jazzy/opt/gz_plugin_vendor:/opt/ros/jazzy/opt/gz_fuel_tools_vendor:/opt/ros/jazzy/opt/gz_msgs_vendor:/opt/ros/jazzy/opt/gz_common_vendor:/opt/ros/jazzy/opt/gz_math_vendor:/opt/ros/jazzy/opt/gz_utils_vendor:/opt/ros/jazzy/opt/gz_tools_vendor:/opt/ros/jazzy/opt/gz_ogre_next_vendor:/opt/ros/jazzy/opt/gz_dartsim_vendor:/opt/ros/jazzy/opt/gz_cmake_vendor:/home/vincent-pc/ros2_jazzy/install/robot_py:/home/vincent-pc/ros2_jazzy/install/my_robot_python:/home/vincent-pc/ros2_jazzy/install/lifecycle_py:/home/vincent-pc/ros2_jazzy/install/executors_py:/home/vincent-pc/ros2_jazzy/install/components_py:/home/vincent-pc/ros2_jazzy/install/actions_py:/opt/ros/jazzy DEBUGINFOD_URLS=https://debuginfod.ubuntu.com LD_LIBRARY_PATH=/home/vincent-pc/ros2_jazzy/install/my_robot_interfaces/lib:/home/vincent-pc/ros2_jazzy/install/components_cpp/lib:/opt/ros/jazzy/opt/gz_sim_vendor/lib:/opt/ros/jazzy/opt/gz_sensors_vendor/lib:/opt/ros/jazzy/opt/gz_physics_vendor/lib:/opt/ros/jazzy/opt/sdformat_vendor/lib:/opt/ros/jazzy/opt/rviz_ogre_vendor/lib:/opt/ros/jazzy/lib/x86_64-linux-gnu:/opt/ros/jazzy/opt/gz_gui_vendor/lib:/opt/ros/jazzy/opt/gz_transport_vendor/lib:/opt/ros/jazzy/opt/gz_rendering_vendor/lib:/opt/ros/jazzy/opt/gz_plugin_vendor/lib:/opt/ros/jazzy/opt/gz_fuel_tools_vendor/lib:/opt/ros/jazzy/opt/gz_msgs_vendor/lib:/opt/ros/jazzy/opt/gz_common_vendor/lib:/opt/ros/jazzy/opt/gz_math_vendor/lib:/opt/ros/jazzy/opt/gz_utils_vendor/lib:/opt/ros/jazzy/opt/gz_tools_vendor/lib:/opt/ros/jazzy/opt/gz_ogre_next_vendor/lib:/opt/ros/jazzy/opt/gz_dartsim_vendor/lib:/opt/ros/jazzy/opt/gz_cmake_vendor/lib:/opt/ros/jazzy/lib PYTHONPATH=/home/vincent-pc/ros2_jazzy/install/my_robot_interfaces/lib/python3.12/site-packages:/home/vincent-pc/ros2_jazzy/install/robot_py/lib/python3.12/site-packages:/home/vincent-pc/ros2_jazzy/install/my_robot_python/lib/python3.12/site-packages:/home/vincent-pc/ros2_jazzy/install/lifecycle_py/lib/python3.12/site-packages:/home/vincent-pc/ros2_jazzy/install/executors_py/lib/python3.12/site-packages:/home/vincent-pc/ros2_jazzy/install/components_py/lib/python3.12/site-packages:/home/vincent-pc/ros2_jazzy/install/actions_py/lib/python3.12/site-packages:/opt/ros/jazzy/lib/python3.12/site-packages /usr/bin/cmake --install /home/vincent-pc/ros2_jazzy/build/lifecycle_cpp
[2.001s] INFO:colcon.colcon_core.shell:Creating environment hook '/home/vincent-pc/ros2_jazzy/install/lifecycle_cpp/share/lifecycle_cpp/hook/cmake_prefix_path.sh'
[2.002s] Level 1:colcon.colcon_core.environment:checking '/home/vincent-pc/ros2_jazzy/install/lifecycle_cpp/lib'
[2.002s] Level 1:colcon.colcon_core.environment:checking '/home/vincent-pc/ros2_jazzy/install/lifecycle_cpp/bin'
[2.002s] Level 1:colcon.colcon_core.environment:checking '/home/vincent-pc/ros2_jazzy/install/lifecycle_cpp/lib/pkgconfig/lifecycle_cpp.pc'
[2.002s] Level 1:colcon.colcon_core.environment:checking '/home/vincent-pc/ros2_jazzy/install/lifecycle_cpp/lib/python3.12/site-packages'
[2.003s] Level 1:colcon.colcon_core.environment:checking '/home/vincent-pc/ros2_jazzy/install/lifecycle_cpp/bin'
[2.003s] INFO:colcon.colcon_core.shell:Creating package script '/home/vincent-pc/ros2_jazzy/install/lifecycle_cpp/share/lifecycle_cpp/package.ps1'
[2.004s] INFO:colcon.colcon_core.shell:Creating package descriptor '/home/vincent-pc/ros2_jazzy/install/lifecycle_cpp/share/lifecycle_cpp/package.dsv'
[2.005s] INFO:colcon.colcon_core.shell:Creating package script '/home/vincent-pc/ros2_jazzy/install/lifecycle_cpp/share/lifecycle_cpp/package.sh'
[2.005s] INFO:colcon.colcon_core.shell:Creating package script '/home/vincent-pc/ros2_jazzy/install/lifecycle_cpp/share/lifecycle_cpp/package.bash'
[2.006s] INFO:colcon.colcon_core.shell:Creating package script '/home/vincent-pc/ros2_jazzy/install/lifecycle_cpp/share/lifecycle_cpp/package.zsh'
[2.006s] Level 1:colcon.colcon_core.environment:create_file_with_runtime_dependencies(/home/vincent-pc/ros2_jazzy/install/lifecycle_cpp/share/colcon-core/packages/lifecycle_cpp)
[2.007s] Level 1:colcon.colcon_core.environment:create_environment_scripts_only(lifecycle_cpp)
[2.008s] Level 1:colcon.colcon_core.environment:checking '/home/vincent-pc/ros2_jazzy/install/lifecycle_cpp' for CMake module files
[2.009s] Level 1:colcon.colcon_core.environment:checking '/home/vincent-pc/ros2_jazzy/install/lifecycle_cpp' for CMake config files
[2.009s] Level 1:colcon.colcon_core.shell:create_environment_hook('lifecycle_cpp', 'cmake_prefix_path')
[2.009s] INFO:colcon.colcon_core.shell:Creating environment hook '/home/vincent-pc/ros2_jazzy/install/lifecycle_cpp/share/lifecycle_cpp/hook/cmake_prefix_path.ps1'
[2.010s] INFO:colcon.colcon_core.shell:Creating environment descriptor '/home/vincent-pc/ros2_jazzy/install/lifecycle_cpp/share/lifecycle_cpp/hook/cmake_prefix_path.dsv'
[2.010s] INFO:colcon.colcon_core.shell:Creating environment hook '/home/vincent-pc/ros2_jazzy/install/lifecycle_cpp/share/lifecycle_cpp/hook/cmake_prefix_path.sh'
[2.012s] Level 1:colcon.colcon_core.environment:checking '/home/vincent-pc/ros2_jazzy/install/lifecycle_cpp/lib'
[2.012s] Level 1:colcon.colcon_core.environment:checking '/home/vincent-pc/ros2_jazzy/install/lifecycle_cpp/bin'
[2.012s] Level 1:colcon.colcon_core.environment:checking '/home/vincent-pc/ros2_jazzy/install/lifecycle_cpp/lib/pkgconfig/lifecycle_cpp.pc'
[2.012s] Level 1:colcon.colcon_core.environment:checking '/home/vincent-pc/ros2_jazzy/install/lifecycle_cpp/lib/python3.12/site-packages'
[2.013s] Level 1:colcon.colcon_core.environment:checking '/home/vincent-pc/ros2_jazzy/install/lifecycle_cpp/bin'
[2.013s] INFO:colcon.colcon_core.shell:Creating package script '/home/vincent-pc/ros2_jazzy/install/lifecycle_cpp/share/lifecycle_cpp/package.ps1'
[2.014s] INFO:colcon.colcon_core.shell:Creating package descriptor '/home/vincent-pc/ros2_jazzy/install/lifecycle_cpp/share/lifecycle_cpp/package.dsv'
[2.015s] INFO:colcon.colcon_core.shell:Creating package script '/home/vincent-pc/ros2_jazzy/install/lifecycle_cpp/share/lifecycle_cpp/package.sh'
[2.016s] INFO:colcon.colcon_core.shell:Creating package script '/home/vincent-pc/ros2_jazzy/install/lifecycle_cpp/share/lifecycle_cpp/package.bash'
[2.016s] INFO:colcon.colcon_core.shell:Creating package script '/home/vincent-pc/ros2_jazzy/install/lifecycle_cpp/share/lifecycle_cpp/package.zsh'
[2.017s] Level 1:colcon.colcon_core.environment:create_file_with_runtime_dependencies(/home/vincent-pc/ros2_jazzy/install/lifecycle_cpp/share/colcon-core/packages/lifecycle_cpp)
[2.017s] Level 1:colcon.colcon_core.environment:create_environment_scripts_only(actions_cpp)
[2.017s] Level 1:colcon.colcon_core.environment:checking '/home/vincent-pc/ros2_jazzy/install/actions_cpp' for CMake module files
[2.019s] DEBUG:colcon.colcon_core.event_handler.log_command:Invoked command in '/home/vincent-pc/ros2_jazzy/build/actions_cpp' returned '0': CMAKE_PREFIX_PATH=/home/vincent-pc/ros2_jazzy/install/my_robot_interfaces:/home/vincent-pc/ros2_jazzy/install/robot_cpp:/home/vincent-pc/ros2_jazzy/install/my_robot_cpp:/home/vincent-pc/ros2_jazzy/install/my_robot_bringup:/home/vincent-pc/ros2_jazzy/install/lifecycle_cpp:/home/vincent-pc/ros2_jazzy/install/final_project:/home/vincent-pc/ros2_jazzy/install/executors_cpp:/home/vincent-pc/ros2_jazzy/install/components_cpp:/home/vincent-pc/ros2_jazzy/install/actions_cpp:/home/vincent-pc/ros2_jazzy/install/my_robot_description:/opt/ros/jazzy/opt/gz_sim_vendor:/opt/ros/jazzy/opt/gz_sensors_vendor:/opt/ros/jazzy/opt/gz_physics_vendor:/opt/ros/jazzy/opt/sdformat_vendor:/opt/ros/jazzy/opt/gz_gui_vendor:/opt/ros/jazzy/opt/gz_transport_vendor:/opt/ros/jazzy/opt/gz_rendering_vendor:/opt/ros/jazzy/opt/gz_plugin_vendor:/opt/ros/jazzy/opt/gz_fuel_tools_vendor:/opt/ros/jazzy/opt/gz_msgs_vendor:/opt/ros/jazzy/opt/gz_common_vendor:/opt/ros/jazzy/opt/gz_math_vendor:/opt/ros/jazzy/opt/gz_utils_vendor:/opt/ros/jazzy/opt/gz_tools_vendor:/opt/ros/jazzy/opt/gz_ogre_next_vendor:/opt/ros/jazzy/opt/gz_dartsim_vendor:/opt/ros/jazzy/opt/gz_cmake_vendor:/home/vincent-pc/ros2_jazzy/install/robot_py:/home/vincent-pc/ros2_jazzy/install/my_robot_python:/home/vincent-pc/ros2_jazzy/install/lifecycle_py:/home/vincent-pc/ros2_jazzy/install/executors_py:/home/vincent-pc/ros2_jazzy/install/components_py:/home/vincent-pc/ros2_jazzy/install/actions_py:/opt/ros/jazzy DEBUGINFOD_URLS=https://debuginfod.ubuntu.com LD_LIBRARY_PATH=/home/vincent-pc/ros2_jazzy/install/my_robot_interfaces/lib:/home/vincent-pc/ros2_jazzy/install/components_cpp/lib:/opt/ros/jazzy/opt/gz_sim_vendor/lib:/opt/ros/jazzy/opt/gz_sensors_vendor/lib:/opt/ros/jazzy/opt/gz_physics_vendor/lib:/opt/ros/jazzy/opt/sdformat_vendor/lib:/opt/ros/jazzy/opt/rviz_ogre_vendor/lib:/opt/ros/jazzy/lib/x86_64-linux-gnu:/opt/ros/jazzy/opt/gz_gui_vendor/lib:/opt/ros/jazzy/opt/gz_transport_vendor/lib:/opt/ros/jazzy/opt/gz_rendering_vendor/lib:/opt/ros/jazzy/opt/gz_plugin_vendor/lib:/opt/ros/jazzy/opt/gz_fuel_tools_vendor/lib:/opt/ros/jazzy/opt/gz_msgs_vendor/lib:/opt/ros/jazzy/opt/gz_common_vendor/lib:/opt/ros/jazzy/opt/gz_math_vendor/lib:/opt/ros/jazzy/opt/gz_utils_vendor/lib:/opt/ros/jazzy/opt/gz_tools_vendor/lib:/opt/ros/jazzy/opt/gz_ogre_next_vendor/lib:/opt/ros/jazzy/opt/gz_dartsim_vendor/lib:/opt/ros/jazzy/opt/gz_cmake_vendor/lib:/opt/ros/jazzy/lib PYTHONPATH=/home/vincent-pc/ros2_jazzy/install/my_robot_interfaces/lib/python3.12/site-packages:/home/vincent-pc/ros2_jazzy/install/robot_py/lib/python3.12/site-packages:/home/vincent-pc/ros2_jazzy/install/my_robot_python/lib/python3.12/site-packages:/home/vincent-pc/ros2_jazzy/install/lifecycle_py/lib/python3.12/site-packages:/home/vincent-pc/ros2_jazzy/install/executors_py/lib/python3.12/site-packages:/home/vincent-pc/ros2_jazzy/install/components_py/lib/python3.12/site-packages:/home/vincent-pc/ros2_jazzy/install/actions_py/lib/python3.12/site-packages:/opt/ros/jazzy/lib/python3.12/site-packages /usr/bin/cmake --install /home/vincent-pc/ros2_jazzy/build/actions_cpp
[2.020s] Level 1:colcon.colcon_core.environment:checking '/home/vincent-pc/ros2_jazzy/install/actions_cpp' for CMake config files
[2.020s] Level 1:colcon.colcon_core.shell:create_environment_hook('actions_cpp', 'cmake_prefix_path')
[2.021s] INFO:colcon.colcon_core.shell:Creating environment hook '/home/vincent-pc/ros2_jazzy/install/actions_cpp/share/actions_cpp/hook/cmake_prefix_path.ps1'
[2.022s] INFO:colcon.colcon_core.shell:Creating environment descriptor '/home/vincent-pc/ros2_jazzy/install/actions_cpp/share/actions_cpp/hook/cmake_prefix_path.dsv'
[2.023s] INFO:colcon.colcon_core.shell:Creating environment hook '/home/vincent-pc/ros2_jazzy/install/actions_cpp/share/actions_cpp/hook/cmake_prefix_path.sh'
[2.024s] Level 1:colcon.colcon_core.environment:checking '/home/vincent-pc/ros2_jazzy/install/actions_cpp/lib'
[2.024s] Level 1:colcon.colcon_core.environment:checking '/home/vincent-pc/ros2_jazzy/install/actions_cpp/bin'
[2.025s] Level 1:colcon.colcon_core.environment:checking '/home/vincent-pc/ros2_jazzy/install/actions_cpp/lib/pkgconfig/actions_cpp.pc'
[2.025s] Level 1:colcon.colcon_core.environment:checking '/home/vincent-pc/ros2_jazzy/install/actions_cpp/lib/python3.12/site-packages'
[2.026s] Level 1:colcon.colcon_core.environment:checking '/home/vincent-pc/ros2_jazzy/install/actions_cpp/bin'
[2.026s] INFO:colcon.colcon_core.shell:Creating package script '/home/vincent-pc/ros2_jazzy/install/actions_cpp/share/actions_cpp/package.ps1'
[2.027s] INFO:colcon.colcon_core.shell:Creating package descriptor '/home/vincent-pc/ros2_jazzy/install/actions_cpp/share/actions_cpp/package.dsv'
[2.027s] INFO:colcon.colcon_core.shell:Creating package script '/home/vincent-pc/ros2_jazzy/install/actions_cpp/share/actions_cpp/package.sh'
[2.028s] INFO:colcon.colcon_core.shell:Creating package script '/home/vincent-pc/ros2_jazzy/install/actions_cpp/share/actions_cpp/package.bash'
[2.029s] INFO:colcon.colcon_core.shell:Creating package script '/home/vincent-pc/ros2_jazzy/install/actions_cpp/share/actions_cpp/package.zsh'
[2.030s] Level 1:colcon.colcon_core.environment:create_file_with_runtime_dependencies(/home/vincent-pc/ros2_jazzy/install/actions_cpp/share/colcon-core/packages/actions_cpp)
[2.031s] Level 1:colcon.colcon_core.environment:create_environment_scripts_only(actions_cpp)
[2.031s] Level 1:colcon.colcon_core.environment:checking '/home/vincent-pc/ros2_jazzy/install/actions_cpp' for CMake module files
[2.032s] Level 1:colcon.colcon_core.environment:checking '/home/vincent-pc/ros2_jazzy/install/actions_cpp' for CMake config files
[2.032s] Level 1:colcon.colcon_core.shell:create_environment_hook('actions_cpp', 'cmake_prefix_path')
[2.032s] INFO:colcon.colcon_core.shell:Creating environment hook '/home/vincent-pc/ros2_jazzy/install/actions_cpp/share/actions_cpp/hook/cmake_prefix_path.ps1'
[2.034s] INFO:colcon.colcon_core.shell:Creating environment descriptor '/home/vincent-pc/ros2_jazzy/install/actions_cpp/share/actions_cpp/hook/cmake_prefix_path.dsv'
[2.034s] INFO:colcon.colcon_core.shell:Creating environment hook '/home/vincent-pc/ros2_jazzy/install/actions_cpp/share/actions_cpp/hook/cmake_prefix_path.sh'
[2.035s] Level 1:colcon.colcon_core.environment:checking '/home/vincent-pc/ros2_jazzy/install/actions_cpp/lib'
[2.036s] Level 1:colcon.colcon_core.environment:checking '/home/vincent-pc/ros2_jazzy/install/actions_cpp/bin'
[2.036s] Level 1:colcon.colcon_core.environment:checking '/home/vincent-pc/ros2_jazzy/install/actions_cpp/lib/pkgconfig/actions_cpp.pc'
[2.036s] Level 1:colcon.colcon_core.environment:checking '/home/vincent-pc/ros2_jazzy/install/actions_cpp/lib/python3.12/site-packages'
[2.037s] Level 1:colcon.colcon_core.environment:checking '/home/vincent-pc/ros2_jazzy/install/actions_cpp/bin'
[2.037s] INFO:colcon.colcon_core.shell:Creating package script '/home/vincent-pc/ros2_jazzy/install/actions_cpp/share/actions_cpp/package.ps1'
[2.038s] INFO:colcon.colcon_core.shell:Creating package descriptor '/home/vincent-pc/ros2_jazzy/install/actions_cpp/share/actions_cpp/package.dsv'
[2.038s] INFO:colcon.colcon_core.shell:Creating package script '/home/vincent-pc/ros2_jazzy/install/actions_cpp/share/actions_cpp/package.sh'
[2.039s] INFO:colcon.colcon_core.shell:Creating package script '/home/vincent-pc/ros2_jazzy/install/actions_cpp/share/actions_cpp/package.bash'
[2.040s] INFO:colcon.colcon_core.shell:Creating package script '/home/vincent-pc/ros2_jazzy/install/actions_cpp/share/actions_cpp/package.zsh'
[2.041s] Level 1:colcon.colcon_core.environment:create_file_with_runtime_dependencies(/home/vincent-pc/ros2_jazzy/install/actions_cpp/share/colcon-core/packages/actions_cpp)
[2.043s] DEBUG:colcon.colcon_core.event_handler.log_command:Invoked command in '/home/vincent-pc/ros2_jazzy/build/components_cpp' returned '0': CMAKE_PREFIX_PATH=/home/vincent-pc/ros2_jazzy/install/my_robot_interfaces:/home/vincent-pc/ros2_jazzy/install/robot_cpp:/home/vincent-pc/ros2_jazzy/install/my_robot_cpp:/home/vincent-pc/ros2_jazzy/install/my_robot_bringup:/home/vincent-pc/ros2_jazzy/install/lifecycle_cpp:/home/vincent-pc/ros2_jazzy/install/final_project:/home/vincent-pc/ros2_jazzy/install/executors_cpp:/home/vincent-pc/ros2_jazzy/install/components_cpp:/home/vincent-pc/ros2_jazzy/install/actions_cpp:/home/vincent-pc/ros2_jazzy/install/my_robot_description:/opt/ros/jazzy/opt/gz_sim_vendor:/opt/ros/jazzy/opt/gz_sensors_vendor:/opt/ros/jazzy/opt/gz_physics_vendor:/opt/ros/jazzy/opt/sdformat_vendor:/opt/ros/jazzy/opt/gz_gui_vendor:/opt/ros/jazzy/opt/gz_transport_vendor:/opt/ros/jazzy/opt/gz_rendering_vendor:/opt/ros/jazzy/opt/gz_plugin_vendor:/opt/ros/jazzy/opt/gz_fuel_tools_vendor:/opt/ros/jazzy/opt/gz_msgs_vendor:/opt/ros/jazzy/opt/gz_common_vendor:/opt/ros/jazzy/opt/gz_math_vendor:/opt/ros/jazzy/opt/gz_utils_vendor:/opt/ros/jazzy/opt/gz_tools_vendor:/opt/ros/jazzy/opt/gz_ogre_next_vendor:/opt/ros/jazzy/opt/gz_dartsim_vendor:/opt/ros/jazzy/opt/gz_cmake_vendor:/home/vincent-pc/ros2_jazzy/install/robot_py:/home/vincent-pc/ros2_jazzy/install/my_robot_python:/home/vincent-pc/ros2_jazzy/install/lifecycle_py:/home/vincent-pc/ros2_jazzy/install/executors_py:/home/vincent-pc/ros2_jazzy/install/components_py:/home/vincent-pc/ros2_jazzy/install/actions_py:/opt/ros/jazzy DEBUGINFOD_URLS=https://debuginfod.ubuntu.com LD_LIBRARY_PATH=/home/vincent-pc/ros2_jazzy/install/my_robot_interfaces/lib:/home/vincent-pc/ros2_jazzy/install/components_cpp/lib:/opt/ros/jazzy/opt/gz_sim_vendor/lib:/opt/ros/jazzy/opt/gz_sensors_vendor/lib:/opt/ros/jazzy/opt/gz_physics_vendor/lib:/opt/ros/jazzy/opt/sdformat_vendor/lib:/opt/ros/jazzy/opt/rviz_ogre_vendor/lib:/opt/ros/jazzy/lib/x86_64-linux-gnu:/opt/ros/jazzy/opt/gz_gui_vendor/lib:/opt/ros/jazzy/opt/gz_transport_vendor/lib:/opt/ros/jazzy/opt/gz_rendering_vendor/lib:/opt/ros/jazzy/opt/gz_plugin_vendor/lib:/opt/ros/jazzy/opt/gz_fuel_tools_vendor/lib:/opt/ros/jazzy/opt/gz_msgs_vendor/lib:/opt/ros/jazzy/opt/gz_common_vendor/lib:/opt/ros/jazzy/opt/gz_math_vendor/lib:/opt/ros/jazzy/opt/gz_utils_vendor/lib:/opt/ros/jazzy/opt/gz_tools_vendor/lib:/opt/ros/jazzy/opt/gz_ogre_next_vendor/lib:/opt/ros/jazzy/opt/gz_dartsim_vendor/lib:/opt/ros/jazzy/opt/gz_cmake_vendor/lib:/opt/ros/jazzy/lib PYTHONPATH=/home/vincent-pc/ros2_jazzy/install/my_robot_interfaces/lib/python3.12/site-packages:/home/vincent-pc/ros2_jazzy/install/robot_py/lib/python3.12/site-packages:/home/vincent-pc/ros2_jazzy/install/my_robot_python/lib/python3.12/site-packages:/home/vincent-pc/ros2_jazzy/install/lifecycle_py/lib/python3.12/site-packages:/home/vincent-pc/ros2_jazzy/install/executors_py/lib/python3.12/site-packages:/home/vincent-pc/ros2_jazzy/install/components_py/lib/python3.12/site-packages:/home/vincent-pc/ros2_jazzy/install/actions_py/lib/python3.12/site-packages:/opt/ros/jazzy/lib/python3.12/site-packages /usr/bin/cmake --build /home/vincent-pc/ros2_jazzy/build/components_cpp -- -j8 -l8
[2.045s] DEBUG:colcon.colcon_core.event_handler.log_command:Invoking command in '/home/vincent-pc/ros2_jazzy/build/components_cpp': CMAKE_PREFIX_PATH=/home/vincent-pc/ros2_jazzy/install/my_robot_interfaces:/home/vincent-pc/ros2_jazzy/install/robot_cpp:/home/vincent-pc/ros2_jazzy/install/my_robot_cpp:/home/vincent-pc/ros2_jazzy/install/my_robot_bringup:/home/vincent-pc/ros2_jazzy/install/lifecycle_cpp:/home/vincent-pc/ros2_jazzy/install/final_project:/home/vincent-pc/ros2_jazzy/install/executors_cpp:/home/vincent-pc/ros2_jazzy/install/components_cpp:/home/vincent-pc/ros2_jazzy/install/actions_cpp:/home/vincent-pc/ros2_jazzy/install/my_robot_description:/opt/ros/jazzy/opt/gz_sim_vendor:/opt/ros/jazzy/opt/gz_sensors_vendor:/opt/ros/jazzy/opt/gz_physics_vendor:/opt/ros/jazzy/opt/sdformat_vendor:/opt/ros/jazzy/opt/gz_gui_vendor:/opt/ros/jazzy/opt/gz_transport_vendor:/opt/ros/jazzy/opt/gz_rendering_vendor:/opt/ros/jazzy/opt/gz_plugin_vendor:/opt/ros/jazzy/opt/gz_fuel_tools_vendor:/opt/ros/jazzy/opt/gz_msgs_vendor:/opt/ros/jazzy/opt/gz_common_vendor:/opt/ros/jazzy/opt/gz_math_vendor:/opt/ros/jazzy/opt/gz_utils_vendor:/opt/ros/jazzy/opt/gz_tools_vendor:/opt/ros/jazzy/opt/gz_ogre_next_vendor:/opt/ros/jazzy/opt/gz_dartsim_vendor:/opt/ros/jazzy/opt/gz_cmake_vendor:/home/vincent-pc/ros2_jazzy/install/robot_py:/home/vincent-pc/ros2_jazzy/install/my_robot_python:/home/vincent-pc/ros2_jazzy/install/lifecycle_py:/home/vincent-pc/ros2_jazzy/install/executors_py:/home/vincent-pc/ros2_jazzy/install/components_py:/home/vincent-pc/ros2_jazzy/install/actions_py:/opt/ros/jazzy DEBUGINFOD_URLS=https://debuginfod.ubuntu.com LD_LIBRARY_PATH=/home/vincent-pc/ros2_jazzy/install/my_robot_interfaces/lib:/home/vincent-pc/ros2_jazzy/install/components_cpp/lib:/opt/ros/jazzy/opt/gz_sim_vendor/lib:/opt/ros/jazzy/opt/gz_sensors_vendor/lib:/opt/ros/jazzy/opt/gz_physics_vendor/lib:/opt/ros/jazzy/opt/sdformat_vendor/lib:/opt/ros/jazzy/opt/rviz_ogre_vendor/lib:/opt/ros/jazzy/lib/x86_64-linux-gnu:/opt/ros/jazzy/opt/gz_gui_vendor/lib:/opt/ros/jazzy/opt/gz_transport_vendor/lib:/opt/ros/jazzy/opt/gz_rendering_vendor/lib:/opt/ros/jazzy/opt/gz_plugin_vendor/lib:/opt/ros/jazzy/opt/gz_fuel_tools_vendor/lib:/opt/ros/jazzy/opt/gz_msgs_vendor/lib:/opt/ros/jazzy/opt/gz_common_vendor/lib:/opt/ros/jazzy/opt/gz_math_vendor/lib:/opt/ros/jazzy/opt/gz_utils_vendor/lib:/opt/ros/jazzy/opt/gz_tools_vendor/lib:/opt/ros/jazzy/opt/gz_ogre_next_vendor/lib:/opt/ros/jazzy/opt/gz_dartsim_vendor/lib:/opt/ros/jazzy/opt/gz_cmake_vendor/lib:/opt/ros/jazzy/lib PYTHONPATH=/home/vincent-pc/ros2_jazzy/install/my_robot_interfaces/lib/python3.12/site-packages:/home/vincent-pc/ros2_jazzy/install/robot_py/lib/python3.12/site-packages:/home/vincent-pc/ros2_jazzy/install/my_robot_python/lib/python3.12/site-packages:/home/vincent-pc/ros2_jazzy/install/lifecycle_py/lib/python3.12/site-packages:/home/vincent-pc/ros2_jazzy/install/executors_py/lib/python3.12/site-packages:/home/vincent-pc/ros2_jazzy/install/components_py/lib/python3.12/site-packages:/home/vincent-pc/ros2_jazzy/install/actions_py/lib/python3.12/site-packages:/opt/ros/jazzy/lib/python3.12/site-packages /usr/bin/cmake --install /home/vincent-pc/ros2_jazzy/build/components_cpp
[2.046s] INFO:colcon.colcon_ros.task.ament_cmake.build:Building ROS package in '/home/vincent-pc/ros2_jazzy/src/executors_cpp' with build type 'ament_cmake'
[2.046s] INFO:colcon.colcon_cmake.task.cmake.build:Building CMake package in '/home/vincent-pc/ros2_jazzy/src/executors_cpp'
[2.047s] INFO:colcon.colcon_core.shell:Skip shell extension 'powershell' for command environment: Not usable outside of PowerShell
[2.047s] DEBUG:colcon.colcon_core.shell:Skip shell extension 'dsv' for command environment
[2.056s] INFO:colcon.colcon_ros.task.ament_python.build:Building ROS package in '/home/vincent-pc/ros2_jazzy/src/executors_py' with build type 'ament_python'
[2.056s] Level 1:colcon.colcon_core.shell:create_environment_hook('executors_py', 'ament_prefix_path')
[2.056s] INFO:colcon.colcon_core.shell:Creating environment hook '/home/vincent-pc/ros2_jazzy/install/executors_py/share/executors_py/hook/ament_prefix_path.ps1'
[2.057s] INFO:colcon.colcon_core.shell:Creating environment descriptor '/home/vincent-pc/ros2_jazzy/install/executors_py/share/executors_py/hook/ament_prefix_path.dsv'
[2.058s] INFO:colcon.colcon_core.shell:Creating environment hook '/home/vincent-pc/ros2_jazzy/install/executors_py/share/executors_py/hook/ament_prefix_path.sh'
[2.058s] INFO:colcon.colcon_core.shell:Skip shell extension 'powershell' for command environment: Not usable outside of PowerShell
[2.059s] DEBUG:colcon.colcon_core.shell:Skip shell extension 'dsv' for command environment
[2.087s] DEBUG:colcon.colcon_core.event_handler.log_command:Invoking command in '/home/vincent-pc/ros2_jazzy/build/executors_cpp': CMAKE_PREFIX_PATH=/home/vincent-pc/ros2_jazzy/install/my_robot_interfaces:/home/vincent-pc/ros2_jazzy/install/robot_cpp:/home/vincent-pc/ros2_jazzy/install/my_robot_cpp:/home/vincent-pc/ros2_jazzy/install/my_robot_bringup:/home/vincent-pc/ros2_jazzy/install/lifecycle_cpp:/home/vincent-pc/ros2_jazzy/install/final_project:/home/vincent-pc/ros2_jazzy/install/executors_cpp:/home/vincent-pc/ros2_jazzy/install/components_cpp:/home/vincent-pc/ros2_jazzy/install/actions_cpp:/home/vincent-pc/ros2_jazzy/install/my_robot_description:/opt/ros/jazzy/opt/gz_sim_vendor:/opt/ros/jazzy/opt/gz_sensors_vendor:/opt/ros/jazzy/opt/gz_physics_vendor:/opt/ros/jazzy/opt/sdformat_vendor:/opt/ros/jazzy/opt/gz_gui_vendor:/opt/ros/jazzy/opt/gz_transport_vendor:/opt/ros/jazzy/opt/gz_rendering_vendor:/opt/ros/jazzy/opt/gz_plugin_vendor:/opt/ros/jazzy/opt/gz_fuel_tools_vendor:/opt/ros/jazzy/opt/gz_msgs_vendor:/opt/ros/jazzy/opt/gz_common_vendor:/opt/ros/jazzy/opt/gz_math_vendor:/opt/ros/jazzy/opt/gz_utils_vendor:/opt/ros/jazzy/opt/gz_tools_vendor:/opt/ros/jazzy/opt/gz_ogre_next_vendor:/opt/ros/jazzy/opt/gz_dartsim_vendor:/opt/ros/jazzy/opt/gz_cmake_vendor:/home/vincent-pc/ros2_jazzy/install/robot_py:/home/vincent-pc/ros2_jazzy/install/my_robot_python:/home/vincent-pc/ros2_jazzy/install/lifecycle_py:/home/vincent-pc/ros2_jazzy/install/executors_py:/home/vincent-pc/ros2_jazzy/install/components_py:/home/vincent-pc/ros2_jazzy/install/actions_py:/opt/ros/jazzy DEBUGINFOD_URLS=https://debuginfod.ubuntu.com LD_LIBRARY_PATH=/home/vincent-pc/ros2_jazzy/install/my_robot_interfaces/lib:/home/vincent-pc/ros2_jazzy/install/components_cpp/lib:/opt/ros/jazzy/opt/gz_sim_vendor/lib:/opt/ros/jazzy/opt/gz_sensors_vendor/lib:/opt/ros/jazzy/opt/gz_physics_vendor/lib:/opt/ros/jazzy/opt/sdformat_vendor/lib:/opt/ros/jazzy/opt/rviz_ogre_vendor/lib:/opt/ros/jazzy/lib/x86_64-linux-gnu:/opt/ros/jazzy/opt/gz_gui_vendor/lib:/opt/ros/jazzy/opt/gz_transport_vendor/lib:/opt/ros/jazzy/opt/gz_rendering_vendor/lib:/opt/ros/jazzy/opt/gz_plugin_vendor/lib:/opt/ros/jazzy/opt/gz_fuel_tools_vendor/lib:/opt/ros/jazzy/opt/gz_msgs_vendor/lib:/opt/ros/jazzy/opt/gz_common_vendor/lib:/opt/ros/jazzy/opt/gz_math_vendor/lib:/opt/ros/jazzy/opt/gz_utils_vendor/lib:/opt/ros/jazzy/opt/gz_tools_vendor/lib:/opt/ros/jazzy/opt/gz_ogre_next_vendor/lib:/opt/ros/jazzy/opt/gz_dartsim_vendor/lib:/opt/ros/jazzy/opt/gz_cmake_vendor/lib:/opt/ros/jazzy/lib PYTHONPATH=/home/vincent-pc/ros2_jazzy/install/my_robot_interfaces/lib/python3.12/site-packages:/home/vincent-pc/ros2_jazzy/install/robot_py/lib/python3.12/site-packages:/home/vincent-pc/ros2_jazzy/install/my_robot_python/lib/python3.12/site-packages:/home/vincent-pc/ros2_jazzy/install/lifecycle_py/lib/python3.12/site-packages:/home/vincent-pc/ros2_jazzy/install/executors_py/lib/python3.12/site-packages:/home/vincent-pc/ros2_jazzy/install/components_py/lib/python3.12/site-packages:/home/vincent-pc/ros2_jazzy/install/actions_py/lib/python3.12/site-packages:/opt/ros/jazzy/lib/python3.12/site-packages /usr/bin/cmake --build /home/vincent-pc/ros2_jazzy/build/executors_cpp -- -j8 -l8
[2.517s] INFO:colcon.colcon_core.task.python.build:Building Python package in '/home/vincent-pc/ros2_jazzy/src/executors_py'
[2.517s] INFO:colcon.colcon_core.shell:Skip shell extension 'powershell' for command environment: Not usable outside of PowerShell
[2.517s] DEBUG:colcon.colcon_core.shell:Skip shell extension 'dsv' for command environment
[2.526s] Level 1:colcon.colcon_core.environment:create_environment_scripts_only(components_cpp)
[2.526s] Level 1:colcon.colcon_core.environment:checking '/home/vincent-pc/ros2_jazzy/install/components_cpp' for CMake module files
[2.528s] DEBUG:colcon.colcon_core.event_handler.log_command:Invoked command in '/home/vincent-pc/ros2_jazzy/build/components_cpp' returned '0': CMAKE_PREFIX_PATH=/home/vincent-pc/ros2_jazzy/install/my_robot_interfaces:/home/vincent-pc/ros2_jazzy/install/robot_cpp:/home/vincent-pc/ros2_jazzy/install/my_robot_cpp:/home/vincent-pc/ros2_jazzy/install/my_robot_bringup:/home/vincent-pc/ros2_jazzy/install/lifecycle_cpp:/home/vincent-pc/ros2_jazzy/install/final_project:/home/vincent-pc/ros2_jazzy/install/executors_cpp:/home/vincent-pc/ros2_jazzy/install/components_cpp:/home/vincent-pc/ros2_jazzy/install/actions_cpp:/home/vincent-pc/ros2_jazzy/install/my_robot_description:/opt/ros/jazzy/opt/gz_sim_vendor:/opt/ros/jazzy/opt/gz_sensors_vendor:/opt/ros/jazzy/opt/gz_physics_vendor:/opt/ros/jazzy/opt/sdformat_vendor:/opt/ros/jazzy/opt/gz_gui_vendor:/opt/ros/jazzy/opt/gz_transport_vendor:/opt/ros/jazzy/opt/gz_rendering_vendor:/opt/ros/jazzy/opt/gz_plugin_vendor:/opt/ros/jazzy/opt/gz_fuel_tools_vendor:/opt/ros/jazzy/opt/gz_msgs_vendor:/opt/ros/jazzy/opt/gz_common_vendor:/opt/ros/jazzy/opt/gz_math_vendor:/opt/ros/jazzy/opt/gz_utils_vendor:/opt/ros/jazzy/opt/gz_tools_vendor:/opt/ros/jazzy/opt/gz_ogre_next_vendor:/opt/ros/jazzy/opt/gz_dartsim_vendor:/opt/ros/jazzy/opt/gz_cmake_vendor:/home/vincent-pc/ros2_jazzy/install/robot_py:/home/vincent-pc/ros2_jazzy/install/my_robot_python:/home/vincent-pc/ros2_jazzy/install/lifecycle_py:/home/vincent-pc/ros2_jazzy/install/executors_py:/home/vincent-pc/ros2_jazzy/install/components_py:/home/vincent-pc/ros2_jazzy/install/actions_py:/opt/ros/jazzy DEBUGINFOD_URLS=https://debuginfod.ubuntu.com LD_LIBRARY_PATH=/home/vincent-pc/ros2_jazzy/install/my_robot_interfaces/lib:/home/vincent-pc/ros2_jazzy/install/components_cpp/lib:/opt/ros/jazzy/opt/gz_sim_vendor/lib:/opt/ros/jazzy/opt/gz_sensors_vendor/lib:/opt/ros/jazzy/opt/gz_physics_vendor/lib:/opt/ros/jazzy/opt/sdformat_vendor/lib:/opt/ros/jazzy/opt/rviz_ogre_vendor/lib:/opt/ros/jazzy/lib/x86_64-linux-gnu:/opt/ros/jazzy/opt/gz_gui_vendor/lib:/opt/ros/jazzy/opt/gz_transport_vendor/lib:/opt/ros/jazzy/opt/gz_rendering_vendor/lib:/opt/ros/jazzy/opt/gz_plugin_vendor/lib:/opt/ros/jazzy/opt/gz_fuel_tools_vendor/lib:/opt/ros/jazzy/opt/gz_msgs_vendor/lib:/opt/ros/jazzy/opt/gz_common_vendor/lib:/opt/ros/jazzy/opt/gz_math_vendor/lib:/opt/ros/jazzy/opt/gz_utils_vendor/lib:/opt/ros/jazzy/opt/gz_tools_vendor/lib:/opt/ros/jazzy/opt/gz_ogre_next_vendor/lib:/opt/ros/jazzy/opt/gz_dartsim_vendor/lib:/opt/ros/jazzy/opt/gz_cmake_vendor/lib:/opt/ros/jazzy/lib PYTHONPATH=/home/vincent-pc/ros2_jazzy/install/my_robot_interfaces/lib/python3.12/site-packages:/home/vincent-pc/ros2_jazzy/install/robot_py/lib/python3.12/site-packages:/home/vincent-pc/ros2_jazzy/install/my_robot_python/lib/python3.12/site-packages:/home/vincent-pc/ros2_jazzy/install/lifecycle_py/lib/python3.12/site-packages:/home/vincent-pc/ros2_jazzy/install/executors_py/lib/python3.12/site-packages:/home/vincent-pc/ros2_jazzy/install/components_py/lib/python3.12/site-packages:/home/vincent-pc/ros2_jazzy/install/actions_py/lib/python3.12/site-packages:/opt/ros/jazzy/lib/python3.12/site-packages /usr/bin/cmake --install /home/vincent-pc/ros2_jazzy/build/components_cpp
[2.528s] Level 1:colcon.colcon_core.environment:checking '/home/vincent-pc/ros2_jazzy/install/components_cpp' for CMake config files
[2.529s] Level 1:colcon.colcon_core.shell:create_environment_hook('components_cpp', 'cmake_prefix_path')
[2.529s] INFO:colcon.colcon_core.shell:Creating environment hook '/home/vincent-pc/ros2_jazzy/install/components_cpp/share/components_cpp/hook/cmake_prefix_path.ps1'
[2.530s] INFO:colcon.colcon_core.shell:Creating environment descriptor '/home/vincent-pc/ros2_jazzy/install/components_cpp/share/components_cpp/hook/cmake_prefix_path.dsv'
[2.531s] INFO:colcon.colcon_core.shell:Creating environment hook '/home/vincent-pc/ros2_jazzy/install/components_cpp/share/components_cpp/hook/cmake_prefix_path.sh'
[2.532s] Level 1:colcon.colcon_core.environment:checking '/home/vincent-pc/ros2_jazzy/install/components_cpp/lib'
[2.532s] Level 1:colcon.colcon_core.shell:create_environment_hook('components_cpp', 'ld_library_path_lib')
[2.532s] INFO:colcon.colcon_core.shell:Creating environment hook '/home/vincent-pc/ros2_jazzy/install/components_cpp/share/components_cpp/hook/ld_library_path_lib.ps1'
[2.533s] INFO:colcon.colcon_core.shell:Creating environment descriptor '/home/vincent-pc/ros2_jazzy/install/components_cpp/share/components_cpp/hook/ld_library_path_lib.dsv'
[2.535s] INFO:colcon.colcon_core.shell:Creating environment hook '/home/vincent-pc/ros2_jazzy/install/components_cpp/share/components_cpp/hook/ld_library_path_lib.sh'
[2.535s] Level 1:colcon.colcon_core.environment:checking '/home/vincent-pc/ros2_jazzy/install/components_cpp/bin'
[2.536s] Level 1:colcon.colcon_core.environment:checking '/home/vincent-pc/ros2_jazzy/install/components_cpp/lib/pkgconfig/components_cpp.pc'
[2.536s] Level 1:colcon.colcon_core.environment:checking '/home/vincent-pc/ros2_jazzy/install/components_cpp/lib/python3.12/site-packages'
[2.536s] Level 1:colcon.colcon_core.environment:checking '/home/vincent-pc/ros2_jazzy/install/components_cpp/bin'
[2.537s] INFO:colcon.colcon_core.shell:Creating package script '/home/vincent-pc/ros2_jazzy/install/components_cpp/share/components_cpp/package.ps1'
[2.537s] INFO:colcon.colcon_core.shell:Creating package descriptor '/home/vincent-pc/ros2_jazzy/install/components_cpp/share/components_cpp/package.dsv'
[2.538s] INFO:colcon.colcon_core.shell:Creating package script '/home/vincent-pc/ros2_jazzy/install/components_cpp/share/components_cpp/package.sh'
[2.539s] INFO:colcon.colcon_core.shell:Creating package script '/home/vincent-pc/ros2_jazzy/install/components_cpp/share/components_cpp/package.bash'
[2.539s] INFO:colcon.colcon_core.shell:Creating package script '/home/vincent-pc/ros2_jazzy/install/components_cpp/share/components_cpp/package.zsh'
[2.540s] Level 1:colcon.colcon_core.environment:create_file_with_runtime_dependencies(/home/vincent-pc/ros2_jazzy/install/components_cpp/share/colcon-core/packages/components_cpp)
[2.541s] Level 1:colcon.colcon_core.environment:create_environment_scripts_only(components_cpp)
[2.541s] Level 1:colcon.colcon_core.environment:checking '/home/vincent-pc/ros2_jazzy/install/components_cpp' for CMake module files
[2.542s] Level 1:colcon.colcon_core.environment:checking '/home/vincent-pc/ros2_jazzy/install/components_cpp' for CMake config files
[2.542s] Level 1:colcon.colcon_core.shell:create_environment_hook('components_cpp', 'cmake_prefix_path')
[2.542s] INFO:colcon.colcon_core.shell:Creating environment hook '/home/vincent-pc/ros2_jazzy/install/components_cpp/share/components_cpp/hook/cmake_prefix_path.ps1'
[2.543s] INFO:colcon.colcon_core.shell:Creating environment descriptor '/home/vincent-pc/ros2_jazzy/install/components_cpp/share/components_cpp/hook/cmake_prefix_path.dsv'
[2.544s] INFO:colcon.colcon_core.shell:Creating environment hook '/home/vincent-pc/ros2_jazzy/install/components_cpp/share/components_cpp/hook/cmake_prefix_path.sh'
[2.545s] Level 1:colcon.colcon_core.environment:checking '/home/vincent-pc/ros2_jazzy/install/components_cpp/lib'
[2.545s] Level 1:colcon.colcon_core.shell:create_environment_hook('components_cpp', 'ld_library_path_lib')
[2.546s] INFO:colcon.colcon_core.shell:Creating environment hook '/home/vincent-pc/ros2_jazzy/install/components_cpp/share/components_cpp/hook/ld_library_path_lib.ps1'
[2.546s] INFO:colcon.colcon_core.shell:Creating environment descriptor '/home/vincent-pc/ros2_jazzy/install/components_cpp/share/components_cpp/hook/ld_library_path_lib.dsv'
[2.547s] INFO:colcon.colcon_core.shell:Creating environment hook '/home/vincent-pc/ros2_jazzy/install/components_cpp/share/components_cpp/hook/ld_library_path_lib.sh'
[2.547s] Level 1:colcon.colcon_core.environment:checking '/home/vincent-pc/ros2_jazzy/install/components_cpp/bin'
[2.548s] Level 1:colcon.colcon_core.environment:checking '/home/vincent-pc/ros2_jazzy/install/components_cpp/lib/pkgconfig/components_cpp.pc'
[2.548s] Level 1:colcon.colcon_core.environment:checking '/home/vincent-pc/ros2_jazzy/install/components_cpp/lib/python3.12/site-packages'
[2.549s] Level 1:colcon.colcon_core.environment:checking '/home/vincent-pc/ros2_jazzy/install/components_cpp/bin'
[2.549s] INFO:colcon.colcon_core.shell:Creating package script '/home/vincent-pc/ros2_jazzy/install/components_cpp/share/components_cpp/package.ps1'
[2.550s] INFO:colcon.colcon_core.shell:Creating package descriptor '/home/vincent-pc/ros2_jazzy/install/components_cpp/share/components_cpp/package.dsv'
[2.551s] INFO:colcon.colcon_core.shell:Creating package script '/home/vincent-pc/ros2_jazzy/install/components_cpp/share/components_cpp/package.sh'
[2.551s] INFO:colcon.colcon_core.shell:Creating package script '/home/vincent-pc/ros2_jazzy/install/components_cpp/share/components_cpp/package.bash'
[2.552s] INFO:colcon.colcon_core.shell:Creating package script '/home/vincent-pc/ros2_jazzy/install/components_cpp/share/components_cpp/package.zsh'
[2.552s] Level 1:colcon.colcon_core.environment:create_file_with_runtime_dependencies(/home/vincent-pc/ros2_jazzy/install/components_cpp/share/colcon-core/packages/components_cpp)
[2.554s] INFO:colcon.colcon_ros.task.ament_cmake.build:Building ROS package in '/home/vincent-pc/ros2_jazzy/src/final_project' with build type 'ament_cmake'
[2.554s] INFO:colcon.colcon_cmake.task.cmake.build:Building CMake package in '/home/vincent-pc/ros2_jazzy/src/final_project'
[2.554s] INFO:colcon.colcon_core.shell:Skip shell extension 'powershell' for command environment: Not usable outside of PowerShell
[2.554s] DEBUG:colcon.colcon_core.shell:Skip shell extension 'dsv' for command environment
[2.566s] DEBUG:colcon.colcon_core.event_handler.log_command:Invoked command in '/home/vincent-pc/ros2_jazzy/build/executors_cpp' returned '0': CMAKE_PREFIX_PATH=/home/vincent-pc/ros2_jazzy/install/my_robot_interfaces:/home/vincent-pc/ros2_jazzy/install/robot_cpp:/home/vincent-pc/ros2_jazzy/install/my_robot_cpp:/home/vincent-pc/ros2_jazzy/install/my_robot_bringup:/home/vincent-pc/ros2_jazzy/install/lifecycle_cpp:/home/vincent-pc/ros2_jazzy/install/final_project:/home/vincent-pc/ros2_jazzy/install/executors_cpp:/home/vincent-pc/ros2_jazzy/install/components_cpp:/home/vincent-pc/ros2_jazzy/install/actions_cpp:/home/vincent-pc/ros2_jazzy/install/my_robot_description:/opt/ros/jazzy/opt/gz_sim_vendor:/opt/ros/jazzy/opt/gz_sensors_vendor:/opt/ros/jazzy/opt/gz_physics_vendor:/opt/ros/jazzy/opt/sdformat_vendor:/opt/ros/jazzy/opt/gz_gui_vendor:/opt/ros/jazzy/opt/gz_transport_vendor:/opt/ros/jazzy/opt/gz_rendering_vendor:/opt/ros/jazzy/opt/gz_plugin_vendor:/opt/ros/jazzy/opt/gz_fuel_tools_vendor:/opt/ros/jazzy/opt/gz_msgs_vendor:/opt/ros/jazzy/opt/gz_common_vendor:/opt/ros/jazzy/opt/gz_math_vendor:/opt/ros/jazzy/opt/gz_utils_vendor:/opt/ros/jazzy/opt/gz_tools_vendor:/opt/ros/jazzy/opt/gz_ogre_next_vendor:/opt/ros/jazzy/opt/gz_dartsim_vendor:/opt/ros/jazzy/opt/gz_cmake_vendor:/home/vincent-pc/ros2_jazzy/install/robot_py:/home/vincent-pc/ros2_jazzy/install/my_robot_python:/home/vincent-pc/ros2_jazzy/install/lifecycle_py:/home/vincent-pc/ros2_jazzy/install/executors_py:/home/vincent-pc/ros2_jazzy/install/components_py:/home/vincent-pc/ros2_jazzy/install/actions_py:/opt/ros/jazzy DEBUGINFOD_URLS=https://debuginfod.ubuntu.com LD_LIBRARY_PATH=/home/vincent-pc/ros2_jazzy/install/my_robot_interfaces/lib:/home/vincent-pc/ros2_jazzy/install/components_cpp/lib:/opt/ros/jazzy/opt/gz_sim_vendor/lib:/opt/ros/jazzy/opt/gz_sensors_vendor/lib:/opt/ros/jazzy/opt/gz_physics_vendor/lib:/opt/ros/jazzy/opt/sdformat_vendor/lib:/opt/ros/jazzy/opt/rviz_ogre_vendor/lib:/opt/ros/jazzy/lib/x86_64-linux-gnu:/opt/ros/jazzy/opt/gz_gui_vendor/lib:/opt/ros/jazzy/opt/gz_transport_vendor/lib:/opt/ros/jazzy/opt/gz_rendering_vendor/lib:/opt/ros/jazzy/opt/gz_plugin_vendor/lib:/opt/ros/jazzy/opt/gz_fuel_tools_vendor/lib:/opt/ros/jazzy/opt/gz_msgs_vendor/lib:/opt/ros/jazzy/opt/gz_common_vendor/lib:/opt/ros/jazzy/opt/gz_math_vendor/lib:/opt/ros/jazzy/opt/gz_utils_vendor/lib:/opt/ros/jazzy/opt/gz_tools_vendor/lib:/opt/ros/jazzy/opt/gz_ogre_next_vendor/lib:/opt/ros/jazzy/opt/gz_dartsim_vendor/lib:/opt/ros/jazzy/opt/gz_cmake_vendor/lib:/opt/ros/jazzy/lib PYTHONPATH=/home/vincent-pc/ros2_jazzy/install/my_robot_interfaces/lib/python3.12/site-packages:/home/vincent-pc/ros2_jazzy/install/robot_py/lib/python3.12/site-packages:/home/vincent-pc/ros2_jazzy/install/my_robot_python/lib/python3.12/site-packages:/home/vincent-pc/ros2_jazzy/install/lifecycle_py/lib/python3.12/site-packages:/home/vincent-pc/ros2_jazzy/install/executors_py/lib/python3.12/site-packages:/home/vincent-pc/ros2_jazzy/install/components_py/lib/python3.12/site-packages:/home/vincent-pc/ros2_jazzy/install/actions_py/lib/python3.12/site-packages:/opt/ros/jazzy/lib/python3.12/site-packages /usr/bin/cmake --build /home/vincent-pc/ros2_jazzy/build/executors_cpp -- -j8 -l8
[2.567s] DEBUG:colcon.colcon_core.event_handler.log_command:Invoking command in '/home/vincent-pc/ros2_jazzy/build/executors_cpp': CMAKE_PREFIX_PATH=/home/vincent-pc/ros2_jazzy/install/my_robot_interfaces:/home/vincent-pc/ros2_jazzy/install/robot_cpp:/home/vincent-pc/ros2_jazzy/install/my_robot_cpp:/home/vincent-pc/ros2_jazzy/install/my_robot_bringup:/home/vincent-pc/ros2_jazzy/install/lifecycle_cpp:/home/vincent-pc/ros2_jazzy/install/final_project:/home/vincent-pc/ros2_jazzy/install/executors_cpp:/home/vincent-pc/ros2_jazzy/install/components_cpp:/home/vincent-pc/ros2_jazzy/install/actions_cpp:/home/vincent-pc/ros2_jazzy/install/my_robot_description:/opt/ros/jazzy/opt/gz_sim_vendor:/opt/ros/jazzy/opt/gz_sensors_vendor:/opt/ros/jazzy/opt/gz_physics_vendor:/opt/ros/jazzy/opt/sdformat_vendor:/opt/ros/jazzy/opt/gz_gui_vendor:/opt/ros/jazzy/opt/gz_transport_vendor:/opt/ros/jazzy/opt/gz_rendering_vendor:/opt/ros/jazzy/opt/gz_plugin_vendor:/opt/ros/jazzy/opt/gz_fuel_tools_vendor:/opt/ros/jazzy/opt/gz_msgs_vendor:/opt/ros/jazzy/opt/gz_common_vendor:/opt/ros/jazzy/opt/gz_math_vendor:/opt/ros/jazzy/opt/gz_utils_vendor:/opt/ros/jazzy/opt/gz_tools_vendor:/opt/ros/jazzy/opt/gz_ogre_next_vendor:/opt/ros/jazzy/opt/gz_dartsim_vendor:/opt/ros/jazzy/opt/gz_cmake_vendor:/home/vincent-pc/ros2_jazzy/install/robot_py:/home/vincent-pc/ros2_jazzy/install/my_robot_python:/home/vincent-pc/ros2_jazzy/install/lifecycle_py:/home/vincent-pc/ros2_jazzy/install/executors_py:/home/vincent-pc/ros2_jazzy/install/components_py:/home/vincent-pc/ros2_jazzy/install/actions_py:/opt/ros/jazzy DEBUGINFOD_URLS=https://debuginfod.ubuntu.com LD_LIBRARY_PATH=/home/vincent-pc/ros2_jazzy/install/my_robot_interfaces/lib:/home/vincent-pc/ros2_jazzy/install/components_cpp/lib:/opt/ros/jazzy/opt/gz_sim_vendor/lib:/opt/ros/jazzy/opt/gz_sensors_vendor/lib:/opt/ros/jazzy/opt/gz_physics_vendor/lib:/opt/ros/jazzy/opt/sdformat_vendor/lib:/opt/ros/jazzy/opt/rviz_ogre_vendor/lib:/opt/ros/jazzy/lib/x86_64-linux-gnu:/opt/ros/jazzy/opt/gz_gui_vendor/lib:/opt/ros/jazzy/opt/gz_transport_vendor/lib:/opt/ros/jazzy/opt/gz_rendering_vendor/lib:/opt/ros/jazzy/opt/gz_plugin_vendor/lib:/opt/ros/jazzy/opt/gz_fuel_tools_vendor/lib:/opt/ros/jazzy/opt/gz_msgs_vendor/lib:/opt/ros/jazzy/opt/gz_common_vendor/lib:/opt/ros/jazzy/opt/gz_math_vendor/lib:/opt/ros/jazzy/opt/gz_utils_vendor/lib:/opt/ros/jazzy/opt/gz_tools_vendor/lib:/opt/ros/jazzy/opt/gz_ogre_next_vendor/lib:/opt/ros/jazzy/opt/gz_dartsim_vendor/lib:/opt/ros/jazzy/opt/gz_cmake_vendor/lib:/opt/ros/jazzy/lib PYTHONPATH=/home/vincent-pc/ros2_jazzy/install/my_robot_interfaces/lib/python3.12/site-packages:/home/vincent-pc/ros2_jazzy/install/robot_py/lib/python3.12/site-packages:/home/vincent-pc/ros2_jazzy/install/my_robot_python/lib/python3.12/site-packages:/home/vincent-pc/ros2_jazzy/install/lifecycle_py/lib/python3.12/site-packages:/home/vincent-pc/ros2_jazzy/install/executors_py/lib/python3.12/site-packages:/home/vincent-pc/ros2_jazzy/install/components_py/lib/python3.12/site-packages:/home/vincent-pc/ros2_jazzy/install/actions_py/lib/python3.12/site-packages:/opt/ros/jazzy/lib/python3.12/site-packages /usr/bin/cmake --install /home/vincent-pc/ros2_jazzy/build/executors_cpp
[2.588s] DEBUG:colcon.colcon_core.event_handler.log_command:Invoking command in '/home/vincent-pc/ros2_jazzy/build/final_project': CMAKE_PREFIX_PATH=/home/vincent-pc/ros2_jazzy/install/my_robot_interfaces:/home/vincent-pc/ros2_jazzy/install/robot_cpp:/home/vincent-pc/ros2_jazzy/install/my_robot_cpp:/home/vincent-pc/ros2_jazzy/install/my_robot_bringup:/home/vincent-pc/ros2_jazzy/install/lifecycle_cpp:/home/vincent-pc/ros2_jazzy/install/final_project:/home/vincent-pc/ros2_jazzy/install/executors_cpp:/home/vincent-pc/ros2_jazzy/install/components_cpp:/home/vincent-pc/ros2_jazzy/install/actions_cpp:/home/vincent-pc/ros2_jazzy/install/my_robot_description:/opt/ros/jazzy/opt/gz_sim_vendor:/opt/ros/jazzy/opt/gz_sensors_vendor:/opt/ros/jazzy/opt/gz_physics_vendor:/opt/ros/jazzy/opt/sdformat_vendor:/opt/ros/jazzy/opt/gz_gui_vendor:/opt/ros/jazzy/opt/gz_transport_vendor:/opt/ros/jazzy/opt/gz_rendering_vendor:/opt/ros/jazzy/opt/gz_plugin_vendor:/opt/ros/jazzy/opt/gz_fuel_tools_vendor:/opt/ros/jazzy/opt/gz_msgs_vendor:/opt/ros/jazzy/opt/gz_common_vendor:/opt/ros/jazzy/opt/gz_math_vendor:/opt/ros/jazzy/opt/gz_utils_vendor:/opt/ros/jazzy/opt/gz_tools_vendor:/opt/ros/jazzy/opt/gz_ogre_next_vendor:/opt/ros/jazzy/opt/gz_dartsim_vendor:/opt/ros/jazzy/opt/gz_cmake_vendor:/home/vincent-pc/ros2_jazzy/install/robot_py:/home/vincent-pc/ros2_jazzy/install/my_robot_python:/home/vincent-pc/ros2_jazzy/install/lifecycle_py:/home/vincent-pc/ros2_jazzy/install/executors_py:/home/vincent-pc/ros2_jazzy/install/components_py:/home/vincent-pc/ros2_jazzy/install/actions_py:/opt/ros/jazzy DEBUGINFOD_URLS=https://debuginfod.ubuntu.com LD_LIBRARY_PATH=/home/vincent-pc/ros2_jazzy/install/my_robot_interfaces/lib:/home/vincent-pc/ros2_jazzy/install/components_cpp/lib:/opt/ros/jazzy/opt/gz_sim_vendor/lib:/opt/ros/jazzy/opt/gz_sensors_vendor/lib:/opt/ros/jazzy/opt/gz_physics_vendor/lib:/opt/ros/jazzy/opt/sdformat_vendor/lib:/opt/ros/jazzy/opt/rviz_ogre_vendor/lib:/opt/ros/jazzy/lib/x86_64-linux-gnu:/opt/ros/jazzy/opt/gz_gui_vendor/lib:/opt/ros/jazzy/opt/gz_transport_vendor/lib:/opt/ros/jazzy/opt/gz_rendering_vendor/lib:/opt/ros/jazzy/opt/gz_plugin_vendor/lib:/opt/ros/jazzy/opt/gz_fuel_tools_vendor/lib:/opt/ros/jazzy/opt/gz_msgs_vendor/lib:/opt/ros/jazzy/opt/gz_common_vendor/lib:/opt/ros/jazzy/opt/gz_math_vendor/lib:/opt/ros/jazzy/opt/gz_utils_vendor/lib:/opt/ros/jazzy/opt/gz_tools_vendor/lib:/opt/ros/jazzy/opt/gz_ogre_next_vendor/lib:/opt/ros/jazzy/opt/gz_dartsim_vendor/lib:/opt/ros/jazzy/opt/gz_cmake_vendor/lib:/opt/ros/jazzy/lib PYTHONPATH=/home/vincent-pc/ros2_jazzy/install/my_robot_interfaces/lib/python3.12/site-packages:/home/vincent-pc/ros2_jazzy/install/robot_py/lib/python3.12/site-packages:/home/vincent-pc/ros2_jazzy/install/my_robot_python/lib/python3.12/site-packages:/home/vincent-pc/ros2_jazzy/install/lifecycle_py/lib/python3.12/site-packages:/home/vincent-pc/ros2_jazzy/install/executors_py/lib/python3.12/site-packages:/home/vincent-pc/ros2_jazzy/install/components_py/lib/python3.12/site-packages:/home/vincent-pc/ros2_jazzy/install/actions_py/lib/python3.12/site-packages:/opt/ros/jazzy/lib/python3.12/site-packages /usr/bin/cmake --build /home/vincent-pc/ros2_jazzy/build/final_project -- -j8 -l8
[2.600s] Level 1:colcon.colcon_core.environment:create_environment_scripts_only(executors_cpp)
[2.600s] Level 1:colcon.colcon_core.environment:checking '/home/vincent-pc/ros2_jazzy/install/executors_cpp' for CMake module files
[2.601s] Level 1:colcon.colcon_core.environment:checking '/home/vincent-pc/ros2_jazzy/install/executors_cpp' for CMake config files
[2.602s] Level 1:colcon.colcon_core.shell:create_environment_hook('executors_cpp', 'cmake_prefix_path')
[2.602s] INFO:colcon.colcon_core.shell:Creating environment hook '/home/vincent-pc/ros2_jazzy/install/executors_cpp/share/executors_cpp/hook/cmake_prefix_path.ps1'
[2.603s] INFO:colcon.colcon_core.shell:Creating environment descriptor '/home/vincent-pc/ros2_jazzy/install/executors_cpp/share/executors_cpp/hook/cmake_prefix_path.dsv'
[2.604s] DEBUG:colcon.colcon_core.event_handler.log_command:Invoked command in '/home/vincent-pc/ros2_jazzy/build/executors_cpp' returned '0': CMAKE_PREFIX_PATH=/home/vincent-pc/ros2_jazzy/install/my_robot_interfaces:/home/vincent-pc/ros2_jazzy/install/robot_cpp:/home/vincent-pc/ros2_jazzy/install/my_robot_cpp:/home/vincent-pc/ros2_jazzy/install/my_robot_bringup:/home/vincent-pc/ros2_jazzy/install/lifecycle_cpp:/home/vincent-pc/ros2_jazzy/install/final_project:/home/vincent-pc/ros2_jazzy/install/executors_cpp:/home/vincent-pc/ros2_jazzy/install/components_cpp:/home/vincent-pc/ros2_jazzy/install/actions_cpp:/home/vincent-pc/ros2_jazzy/install/my_robot_description:/opt/ros/jazzy/opt/gz_sim_vendor:/opt/ros/jazzy/opt/gz_sensors_vendor:/opt/ros/jazzy/opt/gz_physics_vendor:/opt/ros/jazzy/opt/sdformat_vendor:/opt/ros/jazzy/opt/gz_gui_vendor:/opt/ros/jazzy/opt/gz_transport_vendor:/opt/ros/jazzy/opt/gz_rendering_vendor:/opt/ros/jazzy/opt/gz_plugin_vendor:/opt/ros/jazzy/opt/gz_fuel_tools_vendor:/opt/ros/jazzy/opt/gz_msgs_vendor:/opt/ros/jazzy/opt/gz_common_vendor:/opt/ros/jazzy/opt/gz_math_vendor:/opt/ros/jazzy/opt/gz_utils_vendor:/opt/ros/jazzy/opt/gz_tools_vendor:/opt/ros/jazzy/opt/gz_ogre_next_vendor:/opt/ros/jazzy/opt/gz_dartsim_vendor:/opt/ros/jazzy/opt/gz_cmake_vendor:/home/vincent-pc/ros2_jazzy/install/robot_py:/home/vincent-pc/ros2_jazzy/install/my_robot_python:/home/vincent-pc/ros2_jazzy/install/lifecycle_py:/home/vincent-pc/ros2_jazzy/install/executors_py:/home/vincent-pc/ros2_jazzy/install/components_py:/home/vincent-pc/ros2_jazzy/install/actions_py:/opt/ros/jazzy DEBUGINFOD_URLS=https://debuginfod.ubuntu.com LD_LIBRARY_PATH=/home/vincent-pc/ros2_jazzy/install/my_robot_interfaces/lib:/home/vincent-pc/ros2_jazzy/install/components_cpp/lib:/opt/ros/jazzy/opt/gz_sim_vendor/lib:/opt/ros/jazzy/opt/gz_sensors_vendor/lib:/opt/ros/jazzy/opt/gz_physics_vendor/lib:/opt/ros/jazzy/opt/sdformat_vendor/lib:/opt/ros/jazzy/opt/rviz_ogre_vendor/lib:/opt/ros/jazzy/lib/x86_64-linux-gnu:/opt/ros/jazzy/opt/gz_gui_vendor/lib:/opt/ros/jazzy/opt/gz_transport_vendor/lib:/opt/ros/jazzy/opt/gz_rendering_vendor/lib:/opt/ros/jazzy/opt/gz_plugin_vendor/lib:/opt/ros/jazzy/opt/gz_fuel_tools_vendor/lib:/opt/ros/jazzy/opt/gz_msgs_vendor/lib:/opt/ros/jazzy/opt/gz_common_vendor/lib:/opt/ros/jazzy/opt/gz_math_vendor/lib:/opt/ros/jazzy/opt/gz_utils_vendor/lib:/opt/ros/jazzy/opt/gz_tools_vendor/lib:/opt/ros/jazzy/opt/gz_ogre_next_vendor/lib:/opt/ros/jazzy/opt/gz_dartsim_vendor/lib:/opt/ros/jazzy/opt/gz_cmake_vendor/lib:/opt/ros/jazzy/lib PYTHONPATH=/home/vincent-pc/ros2_jazzy/install/my_robot_interfaces/lib/python3.12/site-packages:/home/vincent-pc/ros2_jazzy/install/robot_py/lib/python3.12/site-packages:/home/vincent-pc/ros2_jazzy/install/my_robot_python/lib/python3.12/site-packages:/home/vincent-pc/ros2_jazzy/install/lifecycle_py/lib/python3.12/site-packages:/home/vincent-pc/ros2_jazzy/install/executors_py/lib/python3.12/site-packages:/home/vincent-pc/ros2_jazzy/install/components_py/lib/python3.12/site-packages:/home/vincent-pc/ros2_jazzy/install/actions_py/lib/python3.12/site-packages:/opt/ros/jazzy/lib/python3.12/site-packages /usr/bin/cmake --install /home/vincent-pc/ros2_jazzy/build/executors_cpp
[2.605s] INFO:colcon.colcon_core.shell:Creating environment hook '/home/vincent-pc/ros2_jazzy/install/executors_cpp/share/executors_cpp/hook/cmake_prefix_path.sh'
[2.606s] Level 1:colcon.colcon_core.environment:checking '/home/vincent-pc/ros2_jazzy/install/executors_cpp/lib'
[2.606s] Level 1:colcon.colcon_core.environment:checking '/home/vincent-pc/ros2_jazzy/install/executors_cpp/bin'
[2.606s] Level 1:colcon.colcon_core.environment:checking '/home/vincent-pc/ros2_jazzy/install/executors_cpp/lib/pkgconfig/executors_cpp.pc'
[2.607s] Level 1:colcon.colcon_core.environment:checking '/home/vincent-pc/ros2_jazzy/install/executors_cpp/lib/python3.12/site-packages'
[2.608s] Level 1:colcon.colcon_core.environment:checking '/home/vincent-pc/ros2_jazzy/install/executors_cpp/bin'
[2.608s] INFO:colcon.colcon_core.shell:Creating package script '/home/vincent-pc/ros2_jazzy/install/executors_cpp/share/executors_cpp/package.ps1'
[2.609s] INFO:colcon.colcon_core.shell:Creating package descriptor '/home/vincent-pc/ros2_jazzy/install/executors_cpp/share/executors_cpp/package.dsv'
[2.609s] INFO:colcon.colcon_core.shell:Creating package script '/home/vincent-pc/ros2_jazzy/install/executors_cpp/share/executors_cpp/package.sh'
[2.610s] INFO:colcon.colcon_core.shell:Creating package script '/home/vincent-pc/ros2_jazzy/install/executors_cpp/share/executors_cpp/package.bash'
[2.611s] INFO:colcon.colcon_core.shell:Creating package script '/home/vincent-pc/ros2_jazzy/install/executors_cpp/share/executors_cpp/package.zsh'
[2.611s] Level 1:colcon.colcon_core.environment:create_file_with_runtime_dependencies(/home/vincent-pc/ros2_jazzy/install/executors_cpp/share/colcon-core/packages/executors_cpp)
[2.613s] Level 1:colcon.colcon_core.environment:create_environment_scripts_only(executors_cpp)
[2.613s] Level 1:colcon.colcon_core.environment:checking '/home/vincent-pc/ros2_jazzy/install/executors_cpp' for CMake module files
[2.614s] Level 1:colcon.colcon_core.environment:checking '/home/vincent-pc/ros2_jazzy/install/executors_cpp' for CMake config files
[2.614s] Level 1:colcon.colcon_core.shell:create_environment_hook('executors_cpp', 'cmake_prefix_path')
[2.615s] INFO:colcon.colcon_core.shell:Creating environment hook '/home/vincent-pc/ros2_jazzy/install/executors_cpp/share/executors_cpp/hook/cmake_prefix_path.ps1'
[2.615s] INFO:colcon.colcon_core.shell:Creating environment descriptor '/home/vincent-pc/ros2_jazzy/install/executors_cpp/share/executors_cpp/hook/cmake_prefix_path.dsv'
[2.616s] INFO:colcon.colcon_core.shell:Creating environment hook '/home/vincent-pc/ros2_jazzy/install/executors_cpp/share/executors_cpp/hook/cmake_prefix_path.sh'
[2.617s] Level 1:colcon.colcon_core.environment:checking '/home/vincent-pc/ros2_jazzy/install/executors_cpp/lib'
[2.617s] Level 1:colcon.colcon_core.environment:checking '/home/vincent-pc/ros2_jazzy/install/executors_cpp/bin'
[2.617s] Level 1:colcon.colcon_core.environment:checking '/home/vincent-pc/ros2_jazzy/install/executors_cpp/lib/pkgconfig/executors_cpp.pc'
[2.618s] Level 1:colcon.colcon_core.environment:checking '/home/vincent-pc/ros2_jazzy/install/executors_cpp/lib/python3.12/site-packages'
[2.618s] Level 1:colcon.colcon_core.environment:checking '/home/vincent-pc/ros2_jazzy/install/executors_cpp/bin'
[2.619s] INFO:colcon.colcon_core.shell:Creating package script '/home/vincent-pc/ros2_jazzy/install/executors_cpp/share/executors_cpp/package.ps1'
[2.620s] INFO:colcon.colcon_core.shell:Creating package descriptor '/home/vincent-pc/ros2_jazzy/install/executors_cpp/share/executors_cpp/package.dsv'
[2.622s] INFO:colcon.colcon_core.shell:Creating package script '/home/vincent-pc/ros2_jazzy/install/executors_cpp/share/executors_cpp/package.sh'
[2.623s] INFO:colcon.colcon_core.shell:Creating package script '/home/vincent-pc/ros2_jazzy/install/executors_cpp/share/executors_cpp/package.bash'
[2.624s] INFO:colcon.colcon_core.shell:Creating package script '/home/vincent-pc/ros2_jazzy/install/executors_cpp/share/executors_cpp/package.zsh'
[2.625s] Level 1:colcon.colcon_core.environment:create_file_with_runtime_dependencies(/home/vincent-pc/ros2_jazzy/install/executors_cpp/share/colcon-core/packages/executors_cpp)
[2.627s] INFO:colcon.colcon_ros.task.ament_cmake.build:Building ROS package in '/home/vincent-pc/ros2_jazzy/src/my_robot_cpp' with build type 'ament_cmake'
[2.627s] INFO:colcon.colcon_cmake.task.cmake.build:Building CMake package in '/home/vincent-pc/ros2_jazzy/src/my_robot_cpp'
[2.627s] INFO:colcon.colcon_core.shell:Skip shell extension 'powershell' for command environment: Not usable outside of PowerShell
[2.627s] DEBUG:colcon.colcon_core.shell:Skip shell extension 'dsv' for command environment
[2.667s] DEBUG:colcon.colcon_core.event_handler.log_command:Invoking command in '/home/vincent-pc/ros2_jazzy/build/my_robot_cpp': CMAKE_PREFIX_PATH=/home/vincent-pc/ros2_jazzy/install/my_robot_interfaces:/home/vincent-pc/ros2_jazzy/install/robot_cpp:/home/vincent-pc/ros2_jazzy/install/my_robot_cpp:/home/vincent-pc/ros2_jazzy/install/my_robot_bringup:/home/vincent-pc/ros2_jazzy/install/lifecycle_cpp:/home/vincent-pc/ros2_jazzy/install/final_project:/home/vincent-pc/ros2_jazzy/install/executors_cpp:/home/vincent-pc/ros2_jazzy/install/components_cpp:/home/vincent-pc/ros2_jazzy/install/actions_cpp:/home/vincent-pc/ros2_jazzy/install/my_robot_description:/opt/ros/jazzy/opt/gz_sim_vendor:/opt/ros/jazzy/opt/gz_sensors_vendor:/opt/ros/jazzy/opt/gz_physics_vendor:/opt/ros/jazzy/opt/sdformat_vendor:/opt/ros/jazzy/opt/gz_gui_vendor:/opt/ros/jazzy/opt/gz_transport_vendor:/opt/ros/jazzy/opt/gz_rendering_vendor:/opt/ros/jazzy/opt/gz_plugin_vendor:/opt/ros/jazzy/opt/gz_fuel_tools_vendor:/opt/ros/jazzy/opt/gz_msgs_vendor:/opt/ros/jazzy/opt/gz_common_vendor:/opt/ros/jazzy/opt/gz_math_vendor:/opt/ros/jazzy/opt/gz_utils_vendor:/opt/ros/jazzy/opt/gz_tools_vendor:/opt/ros/jazzy/opt/gz_ogre_next_vendor:/opt/ros/jazzy/opt/gz_dartsim_vendor:/opt/ros/jazzy/opt/gz_cmake_vendor:/home/vincent-pc/ros2_jazzy/install/robot_py:/home/vincent-pc/ros2_jazzy/install/my_robot_python:/home/vincent-pc/ros2_jazzy/install/lifecycle_py:/home/vincent-pc/ros2_jazzy/install/executors_py:/home/vincent-pc/ros2_jazzy/install/components_py:/home/vincent-pc/ros2_jazzy/install/actions_py:/opt/ros/jazzy DEBUGINFOD_URLS=https://debuginfod.ubuntu.com LD_LIBRARY_PATH=/home/vincent-pc/ros2_jazzy/install/my_robot_interfaces/lib:/home/vincent-pc/ros2_jazzy/install/components_cpp/lib:/opt/ros/jazzy/opt/gz_sim_vendor/lib:/opt/ros/jazzy/opt/gz_sensors_vendor/lib:/opt/ros/jazzy/opt/gz_physics_vendor/lib:/opt/ros/jazzy/opt/sdformat_vendor/lib:/opt/ros/jazzy/opt/rviz_ogre_vendor/lib:/opt/ros/jazzy/lib/x86_64-linux-gnu:/opt/ros/jazzy/opt/gz_gui_vendor/lib:/opt/ros/jazzy/opt/gz_transport_vendor/lib:/opt/ros/jazzy/opt/gz_rendering_vendor/lib:/opt/ros/jazzy/opt/gz_plugin_vendor/lib:/opt/ros/jazzy/opt/gz_fuel_tools_vendor/lib:/opt/ros/jazzy/opt/gz_msgs_vendor/lib:/opt/ros/jazzy/opt/gz_common_vendor/lib:/opt/ros/jazzy/opt/gz_math_vendor/lib:/opt/ros/jazzy/opt/gz_utils_vendor/lib:/opt/ros/jazzy/opt/gz_tools_vendor/lib:/opt/ros/jazzy/opt/gz_ogre_next_vendor/lib:/opt/ros/jazzy/opt/gz_dartsim_vendor/lib:/opt/ros/jazzy/opt/gz_cmake_vendor/lib:/opt/ros/jazzy/lib PYTHONPATH=/home/vincent-pc/ros2_jazzy/install/my_robot_interfaces/lib/python3.12/site-packages:/home/vincent-pc/ros2_jazzy/install/robot_py/lib/python3.12/site-packages:/home/vincent-pc/ros2_jazzy/install/my_robot_python/lib/python3.12/site-packages:/home/vincent-pc/ros2_jazzy/install/lifecycle_py/lib/python3.12/site-packages:/home/vincent-pc/ros2_jazzy/install/executors_py/lib/python3.12/site-packages:/home/vincent-pc/ros2_jazzy/install/components_py/lib/python3.12/site-packages:/home/vincent-pc/ros2_jazzy/install/actions_py/lib/python3.12/site-packages:/opt/ros/jazzy/lib/python3.12/site-packages /usr/bin/cmake --build /home/vincent-pc/ros2_jazzy/build/my_robot_cpp -- -j8 -l8
[2.867s] DEBUG:colcon.colcon_core.event_handler.log_command:Invoked command in '/home/vincent-pc/ros2_jazzy/build/final_project' returned '0': CMAKE_PREFIX_PATH=/home/vincent-pc/ros2_jazzy/install/my_robot_interfaces:/home/vincent-pc/ros2_jazzy/install/robot_cpp:/home/vincent-pc/ros2_jazzy/install/my_robot_cpp:/home/vincent-pc/ros2_jazzy/install/my_robot_bringup:/home/vincent-pc/ros2_jazzy/install/lifecycle_cpp:/home/vincent-pc/ros2_jazzy/install/final_project:/home/vincent-pc/ros2_jazzy/install/executors_cpp:/home/vincent-pc/ros2_jazzy/install/components_cpp:/home/vincent-pc/ros2_jazzy/install/actions_cpp:/home/vincent-pc/ros2_jazzy/install/my_robot_description:/opt/ros/jazzy/opt/gz_sim_vendor:/opt/ros/jazzy/opt/gz_sensors_vendor:/opt/ros/jazzy/opt/gz_physics_vendor:/opt/ros/jazzy/opt/sdformat_vendor:/opt/ros/jazzy/opt/gz_gui_vendor:/opt/ros/jazzy/opt/gz_transport_vendor:/opt/ros/jazzy/opt/gz_rendering_vendor:/opt/ros/jazzy/opt/gz_plugin_vendor:/opt/ros/jazzy/opt/gz_fuel_tools_vendor:/opt/ros/jazzy/opt/gz_msgs_vendor:/opt/ros/jazzy/opt/gz_common_vendor:/opt/ros/jazzy/opt/gz_math_vendor:/opt/ros/jazzy/opt/gz_utils_vendor:/opt/ros/jazzy/opt/gz_tools_vendor:/opt/ros/jazzy/opt/gz_ogre_next_vendor:/opt/ros/jazzy/opt/gz_dartsim_vendor:/opt/ros/jazzy/opt/gz_cmake_vendor:/home/vincent-pc/ros2_jazzy/install/robot_py:/home/vincent-pc/ros2_jazzy/install/my_robot_python:/home/vincent-pc/ros2_jazzy/install/lifecycle_py:/home/vincent-pc/ros2_jazzy/install/executors_py:/home/vincent-pc/ros2_jazzy/install/components_py:/home/vincent-pc/ros2_jazzy/install/actions_py:/opt/ros/jazzy DEBUGINFOD_URLS=https://debuginfod.ubuntu.com LD_LIBRARY_PATH=/home/vincent-pc/ros2_jazzy/install/my_robot_interfaces/lib:/home/vincent-pc/ros2_jazzy/install/components_cpp/lib:/opt/ros/jazzy/opt/gz_sim_vendor/lib:/opt/ros/jazzy/opt/gz_sensors_vendor/lib:/opt/ros/jazzy/opt/gz_physics_vendor/lib:/opt/ros/jazzy/opt/sdformat_vendor/lib:/opt/ros/jazzy/opt/rviz_ogre_vendor/lib:/opt/ros/jazzy/lib/x86_64-linux-gnu:/opt/ros/jazzy/opt/gz_gui_vendor/lib:/opt/ros/jazzy/opt/gz_transport_vendor/lib:/opt/ros/jazzy/opt/gz_rendering_vendor/lib:/opt/ros/jazzy/opt/gz_plugin_vendor/lib:/opt/ros/jazzy/opt/gz_fuel_tools_vendor/lib:/opt/ros/jazzy/opt/gz_msgs_vendor/lib:/opt/ros/jazzy/opt/gz_common_vendor/lib:/opt/ros/jazzy/opt/gz_math_vendor/lib:/opt/ros/jazzy/opt/gz_utils_vendor/lib:/opt/ros/jazzy/opt/gz_tools_vendor/lib:/opt/ros/jazzy/opt/gz_ogre_next_vendor/lib:/opt/ros/jazzy/opt/gz_dartsim_vendor/lib:/opt/ros/jazzy/opt/gz_cmake_vendor/lib:/opt/ros/jazzy/lib PYTHONPATH=/home/vincent-pc/ros2_jazzy/install/my_robot_interfaces/lib/python3.12/site-packages:/home/vincent-pc/ros2_jazzy/install/robot_py/lib/python3.12/site-packages:/home/vincent-pc/ros2_jazzy/install/my_robot_python/lib/python3.12/site-packages:/home/vincent-pc/ros2_jazzy/install/lifecycle_py/lib/python3.12/site-packages:/home/vincent-pc/ros2_jazzy/install/executors_py/lib/python3.12/site-packages:/home/vincent-pc/ros2_jazzy/install/components_py/lib/python3.12/site-packages:/home/vincent-pc/ros2_jazzy/install/actions_py/lib/python3.12/site-packages:/opt/ros/jazzy/lib/python3.12/site-packages /usr/bin/cmake --build /home/vincent-pc/ros2_jazzy/build/final_project -- -j8 -l8
[2.874s] DEBUG:colcon.colcon_core.event_handler.log_command:Invoking command in '/home/vincent-pc/ros2_jazzy/build/final_project': CMAKE_PREFIX_PATH=/home/vincent-pc/ros2_jazzy/install/my_robot_interfaces:/home/vincent-pc/ros2_jazzy/install/robot_cpp:/home/vincent-pc/ros2_jazzy/install/my_robot_cpp:/home/vincent-pc/ros2_jazzy/install/my_robot_bringup:/home/vincent-pc/ros2_jazzy/install/lifecycle_cpp:/home/vincent-pc/ros2_jazzy/install/final_project:/home/vincent-pc/ros2_jazzy/install/executors_cpp:/home/vincent-pc/ros2_jazzy/install/components_cpp:/home/vincent-pc/ros2_jazzy/install/actions_cpp:/home/vincent-pc/ros2_jazzy/install/my_robot_description:/opt/ros/jazzy/opt/gz_sim_vendor:/opt/ros/jazzy/opt/gz_sensors_vendor:/opt/ros/jazzy/opt/gz_physics_vendor:/opt/ros/jazzy/opt/sdformat_vendor:/opt/ros/jazzy/opt/gz_gui_vendor:/opt/ros/jazzy/opt/gz_transport_vendor:/opt/ros/jazzy/opt/gz_rendering_vendor:/opt/ros/jazzy/opt/gz_plugin_vendor:/opt/ros/jazzy/opt/gz_fuel_tools_vendor:/opt/ros/jazzy/opt/gz_msgs_vendor:/opt/ros/jazzy/opt/gz_common_vendor:/opt/ros/jazzy/opt/gz_math_vendor:/opt/ros/jazzy/opt/gz_utils_vendor:/opt/ros/jazzy/opt/gz_tools_vendor:/opt/ros/jazzy/opt/gz_ogre_next_vendor:/opt/ros/jazzy/opt/gz_dartsim_vendor:/opt/ros/jazzy/opt/gz_cmake_vendor:/home/vincent-pc/ros2_jazzy/install/robot_py:/home/vincent-pc/ros2_jazzy/install/my_robot_python:/home/vincent-pc/ros2_jazzy/install/lifecycle_py:/home/vincent-pc/ros2_jazzy/install/executors_py:/home/vincent-pc/ros2_jazzy/install/components_py:/home/vincent-pc/ros2_jazzy/install/actions_py:/opt/ros/jazzy DEBUGINFOD_URLS=https://debuginfod.ubuntu.com LD_LIBRARY_PATH=/home/vincent-pc/ros2_jazzy/install/my_robot_interfaces/lib:/home/vincent-pc/ros2_jazzy/install/components_cpp/lib:/opt/ros/jazzy/opt/gz_sim_vendor/lib:/opt/ros/jazzy/opt/gz_sensors_vendor/lib:/opt/ros/jazzy/opt/gz_physics_vendor/lib:/opt/ros/jazzy/opt/sdformat_vendor/lib:/opt/ros/jazzy/opt/rviz_ogre_vendor/lib:/opt/ros/jazzy/lib/x86_64-linux-gnu:/opt/ros/jazzy/opt/gz_gui_vendor/lib:/opt/ros/jazzy/opt/gz_transport_vendor/lib:/opt/ros/jazzy/opt/gz_rendering_vendor/lib:/opt/ros/jazzy/opt/gz_plugin_vendor/lib:/opt/ros/jazzy/opt/gz_fuel_tools_vendor/lib:/opt/ros/jazzy/opt/gz_msgs_vendor/lib:/opt/ros/jazzy/opt/gz_common_vendor/lib:/opt/ros/jazzy/opt/gz_math_vendor/lib:/opt/ros/jazzy/opt/gz_utils_vendor/lib:/opt/ros/jazzy/opt/gz_tools_vendor/lib:/opt/ros/jazzy/opt/gz_ogre_next_vendor/lib:/opt/ros/jazzy/opt/gz_dartsim_vendor/lib:/opt/ros/jazzy/opt/gz_cmake_vendor/lib:/opt/ros/jazzy/lib PYTHONPATH=/home/vincent-pc/ros2_jazzy/install/my_robot_interfaces/lib/python3.12/site-packages:/home/vincent-pc/ros2_jazzy/install/robot_py/lib/python3.12/site-packages:/home/vincent-pc/ros2_jazzy/install/my_robot_python/lib/python3.12/site-packages:/home/vincent-pc/ros2_jazzy/install/lifecycle_py/lib/python3.12/site-packages:/home/vincent-pc/ros2_jazzy/install/executors_py/lib/python3.12/site-packages:/home/vincent-pc/ros2_jazzy/install/components_py/lib/python3.12/site-packages:/home/vincent-pc/ros2_jazzy/install/actions_py/lib/python3.12/site-packages:/opt/ros/jazzy/lib/python3.12/site-packages /usr/bin/cmake --install /home/vincent-pc/ros2_jazzy/build/final_project
[2.912s] Level 1:colcon.colcon_core.environment:create_environment_scripts_only(final_project)
[2.912s] Level 1:colcon.colcon_core.environment:checking '/home/vincent-pc/ros2_jazzy/install/final_project' for CMake module files
[2.914s] Level 1:colcon.colcon_core.environment:checking '/home/vincent-pc/ros2_jazzy/install/final_project' for CMake config files
[2.915s] Level 1:colcon.colcon_core.shell:create_environment_hook('final_project', 'cmake_prefix_path')
[2.915s] INFO:colcon.colcon_core.shell:Creating environment hook '/home/vincent-pc/ros2_jazzy/install/final_project/share/final_project/hook/cmake_prefix_path.ps1'
[2.918s] INFO:colcon.colcon_core.shell:Creating environment descriptor '/home/vincent-pc/ros2_jazzy/install/final_project/share/final_project/hook/cmake_prefix_path.dsv'
[2.919s] DEBUG:colcon.colcon_core.event_handler.log_command:Invoked command in '/home/vincent-pc/ros2_jazzy/build/final_project' returned '0': CMAKE_PREFIX_PATH=/home/vincent-pc/ros2_jazzy/install/my_robot_interfaces:/home/vincent-pc/ros2_jazzy/install/robot_cpp:/home/vincent-pc/ros2_jazzy/install/my_robot_cpp:/home/vincent-pc/ros2_jazzy/install/my_robot_bringup:/home/vincent-pc/ros2_jazzy/install/lifecycle_cpp:/home/vincent-pc/ros2_jazzy/install/final_project:/home/vincent-pc/ros2_jazzy/install/executors_cpp:/home/vincent-pc/ros2_jazzy/install/components_cpp:/home/vincent-pc/ros2_jazzy/install/actions_cpp:/home/vincent-pc/ros2_jazzy/install/my_robot_description:/opt/ros/jazzy/opt/gz_sim_vendor:/opt/ros/jazzy/opt/gz_sensors_vendor:/opt/ros/jazzy/opt/gz_physics_vendor:/opt/ros/jazzy/opt/sdformat_vendor:/opt/ros/jazzy/opt/gz_gui_vendor:/opt/ros/jazzy/opt/gz_transport_vendor:/opt/ros/jazzy/opt/gz_rendering_vendor:/opt/ros/jazzy/opt/gz_plugin_vendor:/opt/ros/jazzy/opt/gz_fuel_tools_vendor:/opt/ros/jazzy/opt/gz_msgs_vendor:/opt/ros/jazzy/opt/gz_common_vendor:/opt/ros/jazzy/opt/gz_math_vendor:/opt/ros/jazzy/opt/gz_utils_vendor:/opt/ros/jazzy/opt/gz_tools_vendor:/opt/ros/jazzy/opt/gz_ogre_next_vendor:/opt/ros/jazzy/opt/gz_dartsim_vendor:/opt/ros/jazzy/opt/gz_cmake_vendor:/home/vincent-pc/ros2_jazzy/install/robot_py:/home/vincent-pc/ros2_jazzy/install/my_robot_python:/home/vincent-pc/ros2_jazzy/install/lifecycle_py:/home/vincent-pc/ros2_jazzy/install/executors_py:/home/vincent-pc/ros2_jazzy/install/components_py:/home/vincent-pc/ros2_jazzy/install/actions_py:/opt/ros/jazzy DEBUGINFOD_URLS=https://debuginfod.ubuntu.com LD_LIBRARY_PATH=/home/vincent-pc/ros2_jazzy/install/my_robot_interfaces/lib:/home/vincent-pc/ros2_jazzy/install/components_cpp/lib:/opt/ros/jazzy/opt/gz_sim_vendor/lib:/opt/ros/jazzy/opt/gz_sensors_vendor/lib:/opt/ros/jazzy/opt/gz_physics_vendor/lib:/opt/ros/jazzy/opt/sdformat_vendor/lib:/opt/ros/jazzy/opt/rviz_ogre_vendor/lib:/opt/ros/jazzy/lib/x86_64-linux-gnu:/opt/ros/jazzy/opt/gz_gui_vendor/lib:/opt/ros/jazzy/opt/gz_transport_vendor/lib:/opt/ros/jazzy/opt/gz_rendering_vendor/lib:/opt/ros/jazzy/opt/gz_plugin_vendor/lib:/opt/ros/jazzy/opt/gz_fuel_tools_vendor/lib:/opt/ros/jazzy/opt/gz_msgs_vendor/lib:/opt/ros/jazzy/opt/gz_common_vendor/lib:/opt/ros/jazzy/opt/gz_math_vendor/lib:/opt/ros/jazzy/opt/gz_utils_vendor/lib:/opt/ros/jazzy/opt/gz_tools_vendor/lib:/opt/ros/jazzy/opt/gz_ogre_next_vendor/lib:/opt/ros/jazzy/opt/gz_dartsim_vendor/lib:/opt/ros/jazzy/opt/gz_cmake_vendor/lib:/opt/ros/jazzy/lib PYTHONPATH=/home/vincent-pc/ros2_jazzy/install/my_robot_interfaces/lib/python3.12/site-packages:/home/vincent-pc/ros2_jazzy/install/robot_py/lib/python3.12/site-packages:/home/vincent-pc/ros2_jazzy/install/my_robot_python/lib/python3.12/site-packages:/home/vincent-pc/ros2_jazzy/install/lifecycle_py/lib/python3.12/site-packages:/home/vincent-pc/ros2_jazzy/install/executors_py/lib/python3.12/site-packages:/home/vincent-pc/ros2_jazzy/install/components_py/lib/python3.12/site-packages:/home/vincent-pc/ros2_jazzy/install/actions_py/lib/python3.12/site-packages:/opt/ros/jazzy/lib/python3.12/site-packages /usr/bin/cmake --install /home/vincent-pc/ros2_jazzy/build/final_project
[2.919s] INFO:colcon.colcon_core.shell:Creating environment hook '/home/vincent-pc/ros2_jazzy/install/final_project/share/final_project/hook/cmake_prefix_path.sh'
[2.922s] Level 1:colcon.colcon_core.environment:checking '/home/vincent-pc/ros2_jazzy/install/final_project/lib'
[2.922s] Level 1:colcon.colcon_core.environment:checking '/home/vincent-pc/ros2_jazzy/install/final_project/bin'
[2.922s] Level 1:colcon.colcon_core.environment:checking '/home/vincent-pc/ros2_jazzy/install/final_project/lib/pkgconfig/final_project.pc'
[2.922s] Level 1:colcon.colcon_core.environment:checking '/home/vincent-pc/ros2_jazzy/install/final_project/lib/python3.12/site-packages'
[2.923s] Level 1:colcon.colcon_core.environment:checking '/home/vincent-pc/ros2_jazzy/install/final_project/bin'
[2.924s] INFO:colcon.colcon_core.shell:Creating package script '/home/vincent-pc/ros2_jazzy/install/final_project/share/final_project/package.ps1'
[2.926s] INFO:colcon.colcon_core.shell:Creating package descriptor '/home/vincent-pc/ros2_jazzy/install/final_project/share/final_project/package.dsv'
[2.927s] INFO:colcon.colcon_core.shell:Creating package script '/home/vincent-pc/ros2_jazzy/install/final_project/share/final_project/package.sh'
[2.928s] INFO:colcon.colcon_core.shell:Creating package script '/home/vincent-pc/ros2_jazzy/install/final_project/share/final_project/package.bash'
[2.929s] INFO:colcon.colcon_core.shell:Creating package script '/home/vincent-pc/ros2_jazzy/install/final_project/share/final_project/package.zsh'
[2.929s] Level 1:colcon.colcon_core.environment:create_file_with_runtime_dependencies(/home/vincent-pc/ros2_jazzy/install/final_project/share/colcon-core/packages/final_project)
[2.930s] Level 1:colcon.colcon_core.environment:create_environment_scripts_only(final_project)
[2.930s] Level 1:colcon.colcon_core.environment:checking '/home/vincent-pc/ros2_jazzy/install/final_project' for CMake module files
[2.931s] Level 1:colcon.colcon_core.environment:checking '/home/vincent-pc/ros2_jazzy/install/final_project' for CMake config files
[2.932s] Level 1:colcon.colcon_core.shell:create_environment_hook('final_project', 'cmake_prefix_path')
[2.932s] INFO:colcon.colcon_core.shell:Creating environment hook '/home/vincent-pc/ros2_jazzy/install/final_project/share/final_project/hook/cmake_prefix_path.ps1'
[2.933s] INFO:colcon.colcon_core.shell:Creating environment descriptor '/home/vincent-pc/ros2_jazzy/install/final_project/share/final_project/hook/cmake_prefix_path.dsv'
[2.933s] INFO:colcon.colcon_core.shell:Creating environment hook '/home/vincent-pc/ros2_jazzy/install/final_project/share/final_project/hook/cmake_prefix_path.sh'
[2.934s] Level 1:colcon.colcon_core.environment:checking '/home/vincent-pc/ros2_jazzy/install/final_project/lib'
[2.934s] Level 1:colcon.colcon_core.environment:checking '/home/vincent-pc/ros2_jazzy/install/final_project/bin'
[2.934s] Level 1:colcon.colcon_core.environment:checking '/home/vincent-pc/ros2_jazzy/install/final_project/lib/pkgconfig/final_project.pc'
[2.935s] Level 1:colcon.colcon_core.environment:checking '/home/vincent-pc/ros2_jazzy/install/final_project/lib/python3.12/site-packages'
[2.935s] Level 1:colcon.colcon_core.environment:checking '/home/vincent-pc/ros2_jazzy/install/final_project/bin'
[2.935s] INFO:colcon.colcon_core.shell:Creating package script '/home/vincent-pc/ros2_jazzy/install/final_project/share/final_project/package.ps1'
[2.936s] INFO:colcon.colcon_core.shell:Creating package descriptor '/home/vincent-pc/ros2_jazzy/install/final_project/share/final_project/package.dsv'
[2.937s] INFO:colcon.colcon_core.shell:Creating package script '/home/vincent-pc/ros2_jazzy/install/final_project/share/final_project/package.sh'
[2.938s] INFO:colcon.colcon_core.shell:Creating package script '/home/vincent-pc/ros2_jazzy/install/final_project/share/final_project/package.bash'
[2.938s] INFO:colcon.colcon_core.shell:Creating package script '/home/vincent-pc/ros2_jazzy/install/final_project/share/final_project/package.zsh'
[2.939s] Level 1:colcon.colcon_core.environment:create_file_with_runtime_dependencies(/home/vincent-pc/ros2_jazzy/install/final_project/share/colcon-core/packages/final_project)
[2.940s] INFO:colcon.colcon_ros.task.ament_cmake.build:Building ROS package in '/home/vincent-pc/ros2_jazzy/src/robot_cpp' with build type 'ament_cmake'
[2.940s] INFO:colcon.colcon_cmake.task.cmake.build:Building CMake package in '/home/vincent-pc/ros2_jazzy/src/robot_cpp'
[2.941s] INFO:colcon.colcon_core.shell:Skip shell extension 'powershell' for command environment: Not usable outside of PowerShell
[2.941s] DEBUG:colcon.colcon_core.shell:Skip shell extension 'dsv' for command environment
[2.952s] DEBUG:colcon.colcon_core.event_handler.log_command:Invoked command in '/home/vincent-pc/ros2_jazzy/build/my_robot_cpp' returned '0': CMAKE_PREFIX_PATH=/home/vincent-pc/ros2_jazzy/install/my_robot_interfaces:/home/vincent-pc/ros2_jazzy/install/robot_cpp:/home/vincent-pc/ros2_jazzy/install/my_robot_cpp:/home/vincent-pc/ros2_jazzy/install/my_robot_bringup:/home/vincent-pc/ros2_jazzy/install/lifecycle_cpp:/home/vincent-pc/ros2_jazzy/install/final_project:/home/vincent-pc/ros2_jazzy/install/executors_cpp:/home/vincent-pc/ros2_jazzy/install/components_cpp:/home/vincent-pc/ros2_jazzy/install/actions_cpp:/home/vincent-pc/ros2_jazzy/install/my_robot_description:/opt/ros/jazzy/opt/gz_sim_vendor:/opt/ros/jazzy/opt/gz_sensors_vendor:/opt/ros/jazzy/opt/gz_physics_vendor:/opt/ros/jazzy/opt/sdformat_vendor:/opt/ros/jazzy/opt/gz_gui_vendor:/opt/ros/jazzy/opt/gz_transport_vendor:/opt/ros/jazzy/opt/gz_rendering_vendor:/opt/ros/jazzy/opt/gz_plugin_vendor:/opt/ros/jazzy/opt/gz_fuel_tools_vendor:/opt/ros/jazzy/opt/gz_msgs_vendor:/opt/ros/jazzy/opt/gz_common_vendor:/opt/ros/jazzy/opt/gz_math_vendor:/opt/ros/jazzy/opt/gz_utils_vendor:/opt/ros/jazzy/opt/gz_tools_vendor:/opt/ros/jazzy/opt/gz_ogre_next_vendor:/opt/ros/jazzy/opt/gz_dartsim_vendor:/opt/ros/jazzy/opt/gz_cmake_vendor:/home/vincent-pc/ros2_jazzy/install/robot_py:/home/vincent-pc/ros2_jazzy/install/my_robot_python:/home/vincent-pc/ros2_jazzy/install/lifecycle_py:/home/vincent-pc/ros2_jazzy/install/executors_py:/home/vincent-pc/ros2_jazzy/install/components_py:/home/vincent-pc/ros2_jazzy/install/actions_py:/opt/ros/jazzy DEBUGINFOD_URLS=https://debuginfod.ubuntu.com LD_LIBRARY_PATH=/home/vincent-pc/ros2_jazzy/install/my_robot_interfaces/lib:/home/vincent-pc/ros2_jazzy/install/components_cpp/lib:/opt/ros/jazzy/opt/gz_sim_vendor/lib:/opt/ros/jazzy/opt/gz_sensors_vendor/lib:/opt/ros/jazzy/opt/gz_physics_vendor/lib:/opt/ros/jazzy/opt/sdformat_vendor/lib:/opt/ros/jazzy/opt/rviz_ogre_vendor/lib:/opt/ros/jazzy/lib/x86_64-linux-gnu:/opt/ros/jazzy/opt/gz_gui_vendor/lib:/opt/ros/jazzy/opt/gz_transport_vendor/lib:/opt/ros/jazzy/opt/gz_rendering_vendor/lib:/opt/ros/jazzy/opt/gz_plugin_vendor/lib:/opt/ros/jazzy/opt/gz_fuel_tools_vendor/lib:/opt/ros/jazzy/opt/gz_msgs_vendor/lib:/opt/ros/jazzy/opt/gz_common_vendor/lib:/opt/ros/jazzy/opt/gz_math_vendor/lib:/opt/ros/jazzy/opt/gz_utils_vendor/lib:/opt/ros/jazzy/opt/gz_tools_vendor/lib:/opt/ros/jazzy/opt/gz_ogre_next_vendor/lib:/opt/ros/jazzy/opt/gz_dartsim_vendor/lib:/opt/ros/jazzy/opt/gz_cmake_vendor/lib:/opt/ros/jazzy/lib PYTHONPATH=/home/vincent-pc/ros2_jazzy/install/my_robot_interfaces/lib/python3.12/site-packages:/home/vincent-pc/ros2_jazzy/install/robot_py/lib/python3.12/site-packages:/home/vincent-pc/ros2_jazzy/install/my_robot_python/lib/python3.12/site-packages:/home/vincent-pc/ros2_jazzy/install/lifecycle_py/lib/python3.12/site-packages:/home/vincent-pc/ros2_jazzy/install/executors_py/lib/python3.12/site-packages:/home/vincent-pc/ros2_jazzy/install/components_py/lib/python3.12/site-packages:/home/vincent-pc/ros2_jazzy/install/actions_py/lib/python3.12/site-packages:/opt/ros/jazzy/lib/python3.12/site-packages /usr/bin/cmake --build /home/vincent-pc/ros2_jazzy/build/my_robot_cpp -- -j8 -l8
[2.954s] DEBUG:colcon.colcon_core.event_handler.log_command:Invoking command in '/home/vincent-pc/ros2_jazzy/build/my_robot_cpp': CMAKE_PREFIX_PATH=/home/vincent-pc/ros2_jazzy/install/my_robot_interfaces:/home/vincent-pc/ros2_jazzy/install/robot_cpp:/home/vincent-pc/ros2_jazzy/install/my_robot_cpp:/home/vincent-pc/ros2_jazzy/install/my_robot_bringup:/home/vincent-pc/ros2_jazzy/install/lifecycle_cpp:/home/vincent-pc/ros2_jazzy/install/final_project:/home/vincent-pc/ros2_jazzy/install/executors_cpp:/home/vincent-pc/ros2_jazzy/install/components_cpp:/home/vincent-pc/ros2_jazzy/install/actions_cpp:/home/vincent-pc/ros2_jazzy/install/my_robot_description:/opt/ros/jazzy/opt/gz_sim_vendor:/opt/ros/jazzy/opt/gz_sensors_vendor:/opt/ros/jazzy/opt/gz_physics_vendor:/opt/ros/jazzy/opt/sdformat_vendor:/opt/ros/jazzy/opt/gz_gui_vendor:/opt/ros/jazzy/opt/gz_transport_vendor:/opt/ros/jazzy/opt/gz_rendering_vendor:/opt/ros/jazzy/opt/gz_plugin_vendor:/opt/ros/jazzy/opt/gz_fuel_tools_vendor:/opt/ros/jazzy/opt/gz_msgs_vendor:/opt/ros/jazzy/opt/gz_common_vendor:/opt/ros/jazzy/opt/gz_math_vendor:/opt/ros/jazzy/opt/gz_utils_vendor:/opt/ros/jazzy/opt/gz_tools_vendor:/opt/ros/jazzy/opt/gz_ogre_next_vendor:/opt/ros/jazzy/opt/gz_dartsim_vendor:/opt/ros/jazzy/opt/gz_cmake_vendor:/home/vincent-pc/ros2_jazzy/install/robot_py:/home/vincent-pc/ros2_jazzy/install/my_robot_python:/home/vincent-pc/ros2_jazzy/install/lifecycle_py:/home/vincent-pc/ros2_jazzy/install/executors_py:/home/vincent-pc/ros2_jazzy/install/components_py:/home/vincent-pc/ros2_jazzy/install/actions_py:/opt/ros/jazzy DEBUGINFOD_URLS=https://debuginfod.ubuntu.com LD_LIBRARY_PATH=/home/vincent-pc/ros2_jazzy/install/my_robot_interfaces/lib:/home/vincent-pc/ros2_jazzy/install/components_cpp/lib:/opt/ros/jazzy/opt/gz_sim_vendor/lib:/opt/ros/jazzy/opt/gz_sensors_vendor/lib:/opt/ros/jazzy/opt/gz_physics_vendor/lib:/opt/ros/jazzy/opt/sdformat_vendor/lib:/opt/ros/jazzy/opt/rviz_ogre_vendor/lib:/opt/ros/jazzy/lib/x86_64-linux-gnu:/opt/ros/jazzy/opt/gz_gui_vendor/lib:/opt/ros/jazzy/opt/gz_transport_vendor/lib:/opt/ros/jazzy/opt/gz_rendering_vendor/lib:/opt/ros/jazzy/opt/gz_plugin_vendor/lib:/opt/ros/jazzy/opt/gz_fuel_tools_vendor/lib:/opt/ros/jazzy/opt/gz_msgs_vendor/lib:/opt/ros/jazzy/opt/gz_common_vendor/lib:/opt/ros/jazzy/opt/gz_math_vendor/lib:/opt/ros/jazzy/opt/gz_utils_vendor/lib:/opt/ros/jazzy/opt/gz_tools_vendor/lib:/opt/ros/jazzy/opt/gz_ogre_next_vendor/lib:/opt/ros/jazzy/opt/gz_dartsim_vendor/lib:/opt/ros/jazzy/opt/gz_cmake_vendor/lib:/opt/ros/jazzy/lib PYTHONPATH=/home/vincent-pc/ros2_jazzy/install/my_robot_interfaces/lib/python3.12/site-packages:/home/vincent-pc/ros2_jazzy/install/robot_py/lib/python3.12/site-packages:/home/vincent-pc/ros2_jazzy/install/my_robot_python/lib/python3.12/site-packages:/home/vincent-pc/ros2_jazzy/install/lifecycle_py/lib/python3.12/site-packages:/home/vincent-pc/ros2_jazzy/install/executors_py/lib/python3.12/site-packages:/home/vincent-pc/ros2_jazzy/install/components_py/lib/python3.12/site-packages:/home/vincent-pc/ros2_jazzy/install/actions_py/lib/python3.12/site-packages:/opt/ros/jazzy/lib/python3.12/site-packages /usr/bin/cmake --install /home/vincent-pc/ros2_jazzy/build/my_robot_cpp
[2.978s] DEBUG:colcon.colcon_core.event_handler.log_command:Invoking command in '/home/vincent-pc/ros2_jazzy/build/robot_cpp': CMAKE_PREFIX_PATH=/home/vincent-pc/ros2_jazzy/install/my_robot_interfaces:/home/vincent-pc/ros2_jazzy/install/robot_cpp:/home/vincent-pc/ros2_jazzy/install/my_robot_cpp:/home/vincent-pc/ros2_jazzy/install/my_robot_bringup:/home/vincent-pc/ros2_jazzy/install/lifecycle_cpp:/home/vincent-pc/ros2_jazzy/install/final_project:/home/vincent-pc/ros2_jazzy/install/executors_cpp:/home/vincent-pc/ros2_jazzy/install/components_cpp:/home/vincent-pc/ros2_jazzy/install/actions_cpp:/home/vincent-pc/ros2_jazzy/install/my_robot_description:/opt/ros/jazzy/opt/gz_sim_vendor:/opt/ros/jazzy/opt/gz_sensors_vendor:/opt/ros/jazzy/opt/gz_physics_vendor:/opt/ros/jazzy/opt/sdformat_vendor:/opt/ros/jazzy/opt/gz_gui_vendor:/opt/ros/jazzy/opt/gz_transport_vendor:/opt/ros/jazzy/opt/gz_rendering_vendor:/opt/ros/jazzy/opt/gz_plugin_vendor:/opt/ros/jazzy/opt/gz_fuel_tools_vendor:/opt/ros/jazzy/opt/gz_msgs_vendor:/opt/ros/jazzy/opt/gz_common_vendor:/opt/ros/jazzy/opt/gz_math_vendor:/opt/ros/jazzy/opt/gz_utils_vendor:/opt/ros/jazzy/opt/gz_tools_vendor:/opt/ros/jazzy/opt/gz_ogre_next_vendor:/opt/ros/jazzy/opt/gz_dartsim_vendor:/opt/ros/jazzy/opt/gz_cmake_vendor:/home/vincent-pc/ros2_jazzy/install/robot_py:/home/vincent-pc/ros2_jazzy/install/my_robot_python:/home/vincent-pc/ros2_jazzy/install/lifecycle_py:/home/vincent-pc/ros2_jazzy/install/executors_py:/home/vincent-pc/ros2_jazzy/install/components_py:/home/vincent-pc/ros2_jazzy/install/actions_py:/opt/ros/jazzy DEBUGINFOD_URLS=https://debuginfod.ubuntu.com LD_LIBRARY_PATH=/home/vincent-pc/ros2_jazzy/install/my_robot_interfaces/lib:/home/vincent-pc/ros2_jazzy/install/components_cpp/lib:/opt/ros/jazzy/opt/gz_sim_vendor/lib:/opt/ros/jazzy/opt/gz_sensors_vendor/lib:/opt/ros/jazzy/opt/gz_physics_vendor/lib:/opt/ros/jazzy/opt/sdformat_vendor/lib:/opt/ros/jazzy/opt/rviz_ogre_vendor/lib:/opt/ros/jazzy/lib/x86_64-linux-gnu:/opt/ros/jazzy/opt/gz_gui_vendor/lib:/opt/ros/jazzy/opt/gz_transport_vendor/lib:/opt/ros/jazzy/opt/gz_rendering_vendor/lib:/opt/ros/jazzy/opt/gz_plugin_vendor/lib:/opt/ros/jazzy/opt/gz_fuel_tools_vendor/lib:/opt/ros/jazzy/opt/gz_msgs_vendor/lib:/opt/ros/jazzy/opt/gz_common_vendor/lib:/opt/ros/jazzy/opt/gz_math_vendor/lib:/opt/ros/jazzy/opt/gz_utils_vendor/lib:/opt/ros/jazzy/opt/gz_tools_vendor/lib:/opt/ros/jazzy/opt/gz_ogre_next_vendor/lib:/opt/ros/jazzy/opt/gz_dartsim_vendor/lib:/opt/ros/jazzy/opt/gz_cmake_vendor/lib:/opt/ros/jazzy/lib PYTHONPATH=/home/vincent-pc/ros2_jazzy/install/my_robot_interfaces/lib/python3.12/site-packages:/home/vincent-pc/ros2_jazzy/install/robot_py/lib/python3.12/site-packages:/home/vincent-pc/ros2_jazzy/install/my_robot_python/lib/python3.12/site-packages:/home/vincent-pc/ros2_jazzy/install/lifecycle_py/lib/python3.12/site-packages:/home/vincent-pc/ros2_jazzy/install/executors_py/lib/python3.12/site-packages:/home/vincent-pc/ros2_jazzy/install/components_py/lib/python3.12/site-packages:/home/vincent-pc/ros2_jazzy/install/actions_py/lib/python3.12/site-packages:/opt/ros/jazzy/lib/python3.12/site-packages /usr/bin/cmake --build /home/vincent-pc/ros2_jazzy/build/robot_cpp -- -j8 -l8
[3.005s] Level 1:colcon.colcon_core.environment:create_environment_scripts_only(my_robot_cpp)
[3.006s] Level 1:colcon.colcon_core.environment:checking '/home/vincent-pc/ros2_jazzy/install/my_robot_cpp' for CMake module files
[3.007s] DEBUG:colcon.colcon_core.event_handler.log_command:Invoked command in '/home/vincent-pc/ros2_jazzy/build/my_robot_cpp' returned '0': CMAKE_PREFIX_PATH=/home/vincent-pc/ros2_jazzy/install/my_robot_interfaces:/home/vincent-pc/ros2_jazzy/install/robot_cpp:/home/vincent-pc/ros2_jazzy/install/my_robot_cpp:/home/vincent-pc/ros2_jazzy/install/my_robot_bringup:/home/vincent-pc/ros2_jazzy/install/lifecycle_cpp:/home/vincent-pc/ros2_jazzy/install/final_project:/home/vincent-pc/ros2_jazzy/install/executors_cpp:/home/vincent-pc/ros2_jazzy/install/components_cpp:/home/vincent-pc/ros2_jazzy/install/actions_cpp:/home/vincent-pc/ros2_jazzy/install/my_robot_description:/opt/ros/jazzy/opt/gz_sim_vendor:/opt/ros/jazzy/opt/gz_sensors_vendor:/opt/ros/jazzy/opt/gz_physics_vendor:/opt/ros/jazzy/opt/sdformat_vendor:/opt/ros/jazzy/opt/gz_gui_vendor:/opt/ros/jazzy/opt/gz_transport_vendor:/opt/ros/jazzy/opt/gz_rendering_vendor:/opt/ros/jazzy/opt/gz_plugin_vendor:/opt/ros/jazzy/opt/gz_fuel_tools_vendor:/opt/ros/jazzy/opt/gz_msgs_vendor:/opt/ros/jazzy/opt/gz_common_vendor:/opt/ros/jazzy/opt/gz_math_vendor:/opt/ros/jazzy/opt/gz_utils_vendor:/opt/ros/jazzy/opt/gz_tools_vendor:/opt/ros/jazzy/opt/gz_ogre_next_vendor:/opt/ros/jazzy/opt/gz_dartsim_vendor:/opt/ros/jazzy/opt/gz_cmake_vendor:/home/vincent-pc/ros2_jazzy/install/robot_py:/home/vincent-pc/ros2_jazzy/install/my_robot_python:/home/vincent-pc/ros2_jazzy/install/lifecycle_py:/home/vincent-pc/ros2_jazzy/install/executors_py:/home/vincent-pc/ros2_jazzy/install/components_py:/home/vincent-pc/ros2_jazzy/install/actions_py:/opt/ros/jazzy DEBUGINFOD_URLS=https://debuginfod.ubuntu.com LD_LIBRARY_PATH=/home/vincent-pc/ros2_jazzy/install/my_robot_interfaces/lib:/home/vincent-pc/ros2_jazzy/install/components_cpp/lib:/opt/ros/jazzy/opt/gz_sim_vendor/lib:/opt/ros/jazzy/opt/gz_sensors_vendor/lib:/opt/ros/jazzy/opt/gz_physics_vendor/lib:/opt/ros/jazzy/opt/sdformat_vendor/lib:/opt/ros/jazzy/opt/rviz_ogre_vendor/lib:/opt/ros/jazzy/lib/x86_64-linux-gnu:/opt/ros/jazzy/opt/gz_gui_vendor/lib:/opt/ros/jazzy/opt/gz_transport_vendor/lib:/opt/ros/jazzy/opt/gz_rendering_vendor/lib:/opt/ros/jazzy/opt/gz_plugin_vendor/lib:/opt/ros/jazzy/opt/gz_fuel_tools_vendor/lib:/opt/ros/jazzy/opt/gz_msgs_vendor/lib:/opt/ros/jazzy/opt/gz_common_vendor/lib:/opt/ros/jazzy/opt/gz_math_vendor/lib:/opt/ros/jazzy/opt/gz_utils_vendor/lib:/opt/ros/jazzy/opt/gz_tools_vendor/lib:/opt/ros/jazzy/opt/gz_ogre_next_vendor/lib:/opt/ros/jazzy/opt/gz_dartsim_vendor/lib:/opt/ros/jazzy/opt/gz_cmake_vendor/lib:/opt/ros/jazzy/lib PYTHONPATH=/home/vincent-pc/ros2_jazzy/install/my_robot_interfaces/lib/python3.12/site-packages:/home/vincent-pc/ros2_jazzy/install/robot_py/lib/python3.12/site-packages:/home/vincent-pc/ros2_jazzy/install/my_robot_python/lib/python3.12/site-packages:/home/vincent-pc/ros2_jazzy/install/lifecycle_py/lib/python3.12/site-packages:/home/vincent-pc/ros2_jazzy/install/executors_py/lib/python3.12/site-packages:/home/vincent-pc/ros2_jazzy/install/components_py/lib/python3.12/site-packages:/home/vincent-pc/ros2_jazzy/install/actions_py/lib/python3.12/site-packages:/opt/ros/jazzy/lib/python3.12/site-packages /usr/bin/cmake --install /home/vincent-pc/ros2_jazzy/build/my_robot_cpp
[3.008s] Level 1:colcon.colcon_core.environment:checking '/home/vincent-pc/ros2_jazzy/install/my_robot_cpp' for CMake config files
[3.008s] Level 1:colcon.colcon_core.shell:create_environment_hook('my_robot_cpp', 'cmake_prefix_path')
[3.009s] INFO:colcon.colcon_core.shell:Creating environment hook '/home/vincent-pc/ros2_jazzy/install/my_robot_cpp/share/my_robot_cpp/hook/cmake_prefix_path.ps1'
[3.012s] INFO:colcon.colcon_core.shell:Creating environment descriptor '/home/vincent-pc/ros2_jazzy/install/my_robot_cpp/share/my_robot_cpp/hook/cmake_prefix_path.dsv'
[3.013s] INFO:colcon.colcon_core.shell:Creating environment hook '/home/vincent-pc/ros2_jazzy/install/my_robot_cpp/share/my_robot_cpp/hook/cmake_prefix_path.sh'
[3.015s] Level 1:colcon.colcon_core.environment:checking '/home/vincent-pc/ros2_jazzy/install/my_robot_cpp/lib'
[3.015s] Level 1:colcon.colcon_core.environment:checking '/home/vincent-pc/ros2_jazzy/install/my_robot_cpp/bin'
[3.015s] Level 1:colcon.colcon_core.environment:checking '/home/vincent-pc/ros2_jazzy/install/my_robot_cpp/lib/pkgconfig/my_robot_cpp.pc'
[3.016s] Level 1:colcon.colcon_core.environment:checking '/home/vincent-pc/ros2_jazzy/install/my_robot_cpp/lib/python3.12/site-packages'
[3.016s] Level 1:colcon.colcon_core.environment:checking '/home/vincent-pc/ros2_jazzy/install/my_robot_cpp/bin'
[3.017s] INFO:colcon.colcon_core.shell:Creating package script '/home/vincent-pc/ros2_jazzy/install/my_robot_cpp/share/my_robot_cpp/package.ps1'
[3.018s] INFO:colcon.colcon_core.shell:Creating package descriptor '/home/vincent-pc/ros2_jazzy/install/my_robot_cpp/share/my_robot_cpp/package.dsv'
[3.018s] INFO:colcon.colcon_core.shell:Creating package script '/home/vincent-pc/ros2_jazzy/install/my_robot_cpp/share/my_robot_cpp/package.sh'
[3.019s] INFO:colcon.colcon_core.shell:Creating package script '/home/vincent-pc/ros2_jazzy/install/my_robot_cpp/share/my_robot_cpp/package.bash'
[3.020s] INFO:colcon.colcon_core.shell:Creating package script '/home/vincent-pc/ros2_jazzy/install/my_robot_cpp/share/my_robot_cpp/package.zsh'
[3.020s] Level 1:colcon.colcon_core.environment:create_file_with_runtime_dependencies(/home/vincent-pc/ros2_jazzy/install/my_robot_cpp/share/colcon-core/packages/my_robot_cpp)
[3.021s] Level 1:colcon.colcon_core.environment:create_environment_scripts_only(my_robot_cpp)
[3.022s] Level 1:colcon.colcon_core.environment:checking '/home/vincent-pc/ros2_jazzy/install/my_robot_cpp' for CMake module files
[3.023s] Level 1:colcon.colcon_core.environment:checking '/home/vincent-pc/ros2_jazzy/install/my_robot_cpp' for CMake config files
[3.023s] Level 1:colcon.colcon_core.shell:create_environment_hook('my_robot_cpp', 'cmake_prefix_path')
[3.023s] INFO:colcon.colcon_core.shell:Creating environment hook '/home/vincent-pc/ros2_jazzy/install/my_robot_cpp/share/my_robot_cpp/hook/cmake_prefix_path.ps1'
[3.024s] INFO:colcon.colcon_core.shell:Creating environment descriptor '/home/vincent-pc/ros2_jazzy/install/my_robot_cpp/share/my_robot_cpp/hook/cmake_prefix_path.dsv'
[3.025s] INFO:colcon.colcon_core.shell:Creating environment hook '/home/vincent-pc/ros2_jazzy/install/my_robot_cpp/share/my_robot_cpp/hook/cmake_prefix_path.sh'
[3.026s] Level 1:colcon.colcon_core.environment:checking '/home/vincent-pc/ros2_jazzy/install/my_robot_cpp/lib'
[3.026s] Level 1:colcon.colcon_core.environment:checking '/home/vincent-pc/ros2_jazzy/install/my_robot_cpp/bin'
[3.026s] Level 1:colcon.colcon_core.environment:checking '/home/vincent-pc/ros2_jazzy/install/my_robot_cpp/lib/pkgconfig/my_robot_cpp.pc'
[3.027s] Level 1:colcon.colcon_core.environment:checking '/home/vincent-pc/ros2_jazzy/install/my_robot_cpp/lib/python3.12/site-packages'
[3.027s] Level 1:colcon.colcon_core.environment:checking '/home/vincent-pc/ros2_jazzy/install/my_robot_cpp/bin'
[3.028s] INFO:colcon.colcon_core.shell:Creating package script '/home/vincent-pc/ros2_jazzy/install/my_robot_cpp/share/my_robot_cpp/package.ps1'
[3.028s] INFO:colcon.colcon_core.shell:Creating package descriptor '/home/vincent-pc/ros2_jazzy/install/my_robot_cpp/share/my_robot_cpp/package.dsv'
[3.030s] INFO:colcon.colcon_core.shell:Creating package script '/home/vincent-pc/ros2_jazzy/install/my_robot_cpp/share/my_robot_cpp/package.sh'
[3.031s] INFO:colcon.colcon_core.shell:Creating package script '/home/vincent-pc/ros2_jazzy/install/my_robot_cpp/share/my_robot_cpp/package.bash'
[3.032s] INFO:colcon.colcon_core.shell:Creating package script '/home/vincent-pc/ros2_jazzy/install/my_robot_cpp/share/my_robot_cpp/package.zsh'
[3.032s] Level 1:colcon.colcon_core.environment:create_file_with_runtime_dependencies(/home/vincent-pc/ros2_jazzy/install/my_robot_cpp/share/colcon-core/packages/my_robot_cpp)
[3.034s] Level 1:colcon.colcon_core.environment:checking '/home/vincent-pc/ros2_jazzy/install/my_robot_python' for CMake module files
[3.035s] DEBUG:colcon.colcon_core.event_handler.log_command:Invoked command in '/home/vincent-pc/ros2_jazzy/src/my_robot_python' returned '0': DEBUGINFOD_URLS=https://debuginfod.ubuntu.com PYTHONPATH=/home/vincent-pc/ros2_jazzy/build/my_robot_python/prefix_override:/usr/lib/python3/dist-packages/colcon_core/task/python/colcon_distutils_commands:/home/vincent-pc/ros2_jazzy/install/my_robot_python/lib/python3.12/site-packages:${PYTHONPATH} /usr/bin/python3 -W ignore:setup.py install is deprecated -W ignore:easy_install command is deprecated setup.py egg_info --egg-base ../../build/my_robot_python build --build-base /home/vincent-pc/ros2_jazzy/build/my_robot_python/build install --record /home/vincent-pc/ros2_jazzy/build/my_robot_python/install.log --single-version-externally-managed install_data
[3.037s] Level 1:colcon.colcon_core.environment:checking '/home/vincent-pc/ros2_jazzy/install/my_robot_python' for CMake config files
[3.040s] Level 1:colcon.colcon_core.environment:checking '/home/vincent-pc/ros2_jazzy/install/my_robot_python/lib'
[3.040s] Level 1:colcon.colcon_core.environment:checking '/home/vincent-pc/ros2_jazzy/install/my_robot_python/bin'
[3.041s] Level 1:colcon.colcon_core.environment:checking '/home/vincent-pc/ros2_jazzy/install/my_robot_python/lib/pkgconfig/my_robot_python.pc'
[3.041s] Level 1:colcon.colcon_core.environment:checking '/home/vincent-pc/ros2_jazzy/install/my_robot_python/lib/python3.12/site-packages'
[3.041s] Level 1:colcon.colcon_core.shell:create_environment_hook('my_robot_python', 'pythonpath')
[3.041s] INFO:colcon.colcon_core.shell:Creating environment hook '/home/vincent-pc/ros2_jazzy/install/my_robot_python/share/my_robot_python/hook/pythonpath.ps1'
[3.043s] INFO:colcon.colcon_core.shell:Creating environment descriptor '/home/vincent-pc/ros2_jazzy/install/my_robot_python/share/my_robot_python/hook/pythonpath.dsv'
[3.044s] INFO:colcon.colcon_core.shell:Creating environment hook '/home/vincent-pc/ros2_jazzy/install/my_robot_python/share/my_robot_python/hook/pythonpath.sh'
[3.045s] Level 1:colcon.colcon_core.environment:checking '/home/vincent-pc/ros2_jazzy/install/my_robot_python/bin'
[3.045s] Level 1:colcon.colcon_core.environment:create_environment_scripts_only(my_robot_python)
[3.046s] INFO:colcon.colcon_core.shell:Creating package script '/home/vincent-pc/ros2_jazzy/install/my_robot_python/share/my_robot_python/package.ps1'
[3.053s] INFO:colcon.colcon_core.shell:Creating package descriptor '/home/vincent-pc/ros2_jazzy/install/my_robot_python/share/my_robot_python/package.dsv'
[3.054s] INFO:colcon.colcon_core.shell:Creating package script '/home/vincent-pc/ros2_jazzy/install/my_robot_python/share/my_robot_python/package.sh'
[3.054s] INFO:colcon.colcon_core.shell:Creating package script '/home/vincent-pc/ros2_jazzy/install/my_robot_python/share/my_robot_python/package.bash'
[3.055s] INFO:colcon.colcon_core.shell:Creating package script '/home/vincent-pc/ros2_jazzy/install/my_robot_python/share/my_robot_python/package.zsh'
[3.056s] Level 1:colcon.colcon_core.environment:create_file_with_runtime_dependencies(/home/vincent-pc/ros2_jazzy/install/my_robot_python/share/colcon-core/packages/my_robot_python)
[3.203s] DEBUG:colcon.colcon_core.event_handler.log_command:Invoked command in '/home/vincent-pc/ros2_jazzy/build/robot_cpp' returned '0': CMAKE_PREFIX_PATH=/home/vincent-pc/ros2_jazzy/install/my_robot_interfaces:/home/vincent-pc/ros2_jazzy/install/robot_cpp:/home/vincent-pc/ros2_jazzy/install/my_robot_cpp:/home/vincent-pc/ros2_jazzy/install/my_robot_bringup:/home/vincent-pc/ros2_jazzy/install/lifecycle_cpp:/home/vincent-pc/ros2_jazzy/install/final_project:/home/vincent-pc/ros2_jazzy/install/executors_cpp:/home/vincent-pc/ros2_jazzy/install/components_cpp:/home/vincent-pc/ros2_jazzy/install/actions_cpp:/home/vincent-pc/ros2_jazzy/install/my_robot_description:/opt/ros/jazzy/opt/gz_sim_vendor:/opt/ros/jazzy/opt/gz_sensors_vendor:/opt/ros/jazzy/opt/gz_physics_vendor:/opt/ros/jazzy/opt/sdformat_vendor:/opt/ros/jazzy/opt/gz_gui_vendor:/opt/ros/jazzy/opt/gz_transport_vendor:/opt/ros/jazzy/opt/gz_rendering_vendor:/opt/ros/jazzy/opt/gz_plugin_vendor:/opt/ros/jazzy/opt/gz_fuel_tools_vendor:/opt/ros/jazzy/opt/gz_msgs_vendor:/opt/ros/jazzy/opt/gz_common_vendor:/opt/ros/jazzy/opt/gz_math_vendor:/opt/ros/jazzy/opt/gz_utils_vendor:/opt/ros/jazzy/opt/gz_tools_vendor:/opt/ros/jazzy/opt/gz_ogre_next_vendor:/opt/ros/jazzy/opt/gz_dartsim_vendor:/opt/ros/jazzy/opt/gz_cmake_vendor:/home/vincent-pc/ros2_jazzy/install/robot_py:/home/vincent-pc/ros2_jazzy/install/my_robot_python:/home/vincent-pc/ros2_jazzy/install/lifecycle_py:/home/vincent-pc/ros2_jazzy/install/executors_py:/home/vincent-pc/ros2_jazzy/install/components_py:/home/vincent-pc/ros2_jazzy/install/actions_py:/opt/ros/jazzy DEBUGINFOD_URLS=https://debuginfod.ubuntu.com LD_LIBRARY_PATH=/home/vincent-pc/ros2_jazzy/install/my_robot_interfaces/lib:/home/vincent-pc/ros2_jazzy/install/components_cpp/lib:/opt/ros/jazzy/opt/gz_sim_vendor/lib:/opt/ros/jazzy/opt/gz_sensors_vendor/lib:/opt/ros/jazzy/opt/gz_physics_vendor/lib:/opt/ros/jazzy/opt/sdformat_vendor/lib:/opt/ros/jazzy/opt/rviz_ogre_vendor/lib:/opt/ros/jazzy/lib/x86_64-linux-gnu:/opt/ros/jazzy/opt/gz_gui_vendor/lib:/opt/ros/jazzy/opt/gz_transport_vendor/lib:/opt/ros/jazzy/opt/gz_rendering_vendor/lib:/opt/ros/jazzy/opt/gz_plugin_vendor/lib:/opt/ros/jazzy/opt/gz_fuel_tools_vendor/lib:/opt/ros/jazzy/opt/gz_msgs_vendor/lib:/opt/ros/jazzy/opt/gz_common_vendor/lib:/opt/ros/jazzy/opt/gz_math_vendor/lib:/opt/ros/jazzy/opt/gz_utils_vendor/lib:/opt/ros/jazzy/opt/gz_tools_vendor/lib:/opt/ros/jazzy/opt/gz_ogre_next_vendor/lib:/opt/ros/jazzy/opt/gz_dartsim_vendor/lib:/opt/ros/jazzy/opt/gz_cmake_vendor/lib:/opt/ros/jazzy/lib PYTHONPATH=/home/vincent-pc/ros2_jazzy/install/my_robot_interfaces/lib/python3.12/site-packages:/home/vincent-pc/ros2_jazzy/install/robot_py/lib/python3.12/site-packages:/home/vincent-pc/ros2_jazzy/install/my_robot_python/lib/python3.12/site-packages:/home/vincent-pc/ros2_jazzy/install/lifecycle_py/lib/python3.12/site-packages:/home/vincent-pc/ros2_jazzy/install/executors_py/lib/python3.12/site-packages:/home/vincent-pc/ros2_jazzy/install/components_py/lib/python3.12/site-packages:/home/vincent-pc/ros2_jazzy/install/actions_py/lib/python3.12/site-packages:/opt/ros/jazzy/lib/python3.12/site-packages /usr/bin/cmake --build /home/vincent-pc/ros2_jazzy/build/robot_cpp -- -j8 -l8
[3.205s] DEBUG:colcon.colcon_core.event_handler.log_command:Invoking command in '/home/vincent-pc/ros2_jazzy/build/robot_cpp': CMAKE_PREFIX_PATH=/home/vincent-pc/ros2_jazzy/install/my_robot_interfaces:/home/vincent-pc/ros2_jazzy/install/robot_cpp:/home/vincent-pc/ros2_jazzy/install/my_robot_cpp:/home/vincent-pc/ros2_jazzy/install/my_robot_bringup:/home/vincent-pc/ros2_jazzy/install/lifecycle_cpp:/home/vincent-pc/ros2_jazzy/install/final_project:/home/vincent-pc/ros2_jazzy/install/executors_cpp:/home/vincent-pc/ros2_jazzy/install/components_cpp:/home/vincent-pc/ros2_jazzy/install/actions_cpp:/home/vincent-pc/ros2_jazzy/install/my_robot_description:/opt/ros/jazzy/opt/gz_sim_vendor:/opt/ros/jazzy/opt/gz_sensors_vendor:/opt/ros/jazzy/opt/gz_physics_vendor:/opt/ros/jazzy/opt/sdformat_vendor:/opt/ros/jazzy/opt/gz_gui_vendor:/opt/ros/jazzy/opt/gz_transport_vendor:/opt/ros/jazzy/opt/gz_rendering_vendor:/opt/ros/jazzy/opt/gz_plugin_vendor:/opt/ros/jazzy/opt/gz_fuel_tools_vendor:/opt/ros/jazzy/opt/gz_msgs_vendor:/opt/ros/jazzy/opt/gz_common_vendor:/opt/ros/jazzy/opt/gz_math_vendor:/opt/ros/jazzy/opt/gz_utils_vendor:/opt/ros/jazzy/opt/gz_tools_vendor:/opt/ros/jazzy/opt/gz_ogre_next_vendor:/opt/ros/jazzy/opt/gz_dartsim_vendor:/opt/ros/jazzy/opt/gz_cmake_vendor:/home/vincent-pc/ros2_jazzy/install/robot_py:/home/vincent-pc/ros2_jazzy/install/my_robot_python:/home/vincent-pc/ros2_jazzy/install/lifecycle_py:/home/vincent-pc/ros2_jazzy/install/executors_py:/home/vincent-pc/ros2_jazzy/install/components_py:/home/vincent-pc/ros2_jazzy/install/actions_py:/opt/ros/jazzy DEBUGINFOD_URLS=https://debuginfod.ubuntu.com LD_LIBRARY_PATH=/home/vincent-pc/ros2_jazzy/install/my_robot_interfaces/lib:/home/vincent-pc/ros2_jazzy/install/components_cpp/lib:/opt/ros/jazzy/opt/gz_sim_vendor/lib:/opt/ros/jazzy/opt/gz_sensors_vendor/lib:/opt/ros/jazzy/opt/gz_physics_vendor/lib:/opt/ros/jazzy/opt/sdformat_vendor/lib:/opt/ros/jazzy/opt/rviz_ogre_vendor/lib:/opt/ros/jazzy/lib/x86_64-linux-gnu:/opt/ros/jazzy/opt/gz_gui_vendor/lib:/opt/ros/jazzy/opt/gz_transport_vendor/lib:/opt/ros/jazzy/opt/gz_rendering_vendor/lib:/opt/ros/jazzy/opt/gz_plugin_vendor/lib:/opt/ros/jazzy/opt/gz_fuel_tools_vendor/lib:/opt/ros/jazzy/opt/gz_msgs_vendor/lib:/opt/ros/jazzy/opt/gz_common_vendor/lib:/opt/ros/jazzy/opt/gz_math_vendor/lib:/opt/ros/jazzy/opt/gz_utils_vendor/lib:/opt/ros/jazzy/opt/gz_tools_vendor/lib:/opt/ros/jazzy/opt/gz_ogre_next_vendor/lib:/opt/ros/jazzy/opt/gz_dartsim_vendor/lib:/opt/ros/jazzy/opt/gz_cmake_vendor/lib:/opt/ros/jazzy/lib PYTHONPATH=/home/vincent-pc/ros2_jazzy/install/my_robot_interfaces/lib/python3.12/site-packages:/home/vincent-pc/ros2_jazzy/install/robot_py/lib/python3.12/site-packages:/home/vincent-pc/ros2_jazzy/install/my_robot_python/lib/python3.12/site-packages:/home/vincent-pc/ros2_jazzy/install/lifecycle_py/lib/python3.12/site-packages:/home/vincent-pc/ros2_jazzy/install/executors_py/lib/python3.12/site-packages:/home/vincent-pc/ros2_jazzy/install/components_py/lib/python3.12/site-packages:/home/vincent-pc/ros2_jazzy/install/actions_py/lib/python3.12/site-packages:/opt/ros/jazzy/lib/python3.12/site-packages /usr/bin/cmake --install /home/vincent-pc/ros2_jazzy/build/robot_cpp
[3.237s] Level 1:colcon.colcon_core.environment:create_environment_scripts_only(robot_cpp)
[3.238s] Level 1:colcon.colcon_core.environment:checking '/home/vincent-pc/ros2_jazzy/install/robot_cpp' for CMake module files
[3.239s] Level 1:colcon.colcon_core.environment:checking '/home/vincent-pc/ros2_jazzy/install/robot_cpp' for CMake config files
[3.239s] Level 1:colcon.colcon_core.shell:create_environment_hook('robot_cpp', 'cmake_prefix_path')
[3.240s] INFO:colcon.colcon_core.shell:Creating environment hook '/home/vincent-pc/ros2_jazzy/install/robot_cpp/share/robot_cpp/hook/cmake_prefix_path.ps1'
[3.241s] INFO:colcon.colcon_core.shell:Creating environment descriptor '/home/vincent-pc/ros2_jazzy/install/robot_cpp/share/robot_cpp/hook/cmake_prefix_path.dsv'
[3.242s] DEBUG:colcon.colcon_core.event_handler.log_command:Invoked command in '/home/vincent-pc/ros2_jazzy/build/robot_cpp' returned '0': CMAKE_PREFIX_PATH=/home/vincent-pc/ros2_jazzy/install/my_robot_interfaces:/home/vincent-pc/ros2_jazzy/install/robot_cpp:/home/vincent-pc/ros2_jazzy/install/my_robot_cpp:/home/vincent-pc/ros2_jazzy/install/my_robot_bringup:/home/vincent-pc/ros2_jazzy/install/lifecycle_cpp:/home/vincent-pc/ros2_jazzy/install/final_project:/home/vincent-pc/ros2_jazzy/install/executors_cpp:/home/vincent-pc/ros2_jazzy/install/components_cpp:/home/vincent-pc/ros2_jazzy/install/actions_cpp:/home/vincent-pc/ros2_jazzy/install/my_robot_description:/opt/ros/jazzy/opt/gz_sim_vendor:/opt/ros/jazzy/opt/gz_sensors_vendor:/opt/ros/jazzy/opt/gz_physics_vendor:/opt/ros/jazzy/opt/sdformat_vendor:/opt/ros/jazzy/opt/gz_gui_vendor:/opt/ros/jazzy/opt/gz_transport_vendor:/opt/ros/jazzy/opt/gz_rendering_vendor:/opt/ros/jazzy/opt/gz_plugin_vendor:/opt/ros/jazzy/opt/gz_fuel_tools_vendor:/opt/ros/jazzy/opt/gz_msgs_vendor:/opt/ros/jazzy/opt/gz_common_vendor:/opt/ros/jazzy/opt/gz_math_vendor:/opt/ros/jazzy/opt/gz_utils_vendor:/opt/ros/jazzy/opt/gz_tools_vendor:/opt/ros/jazzy/opt/gz_ogre_next_vendor:/opt/ros/jazzy/opt/gz_dartsim_vendor:/opt/ros/jazzy/opt/gz_cmake_vendor:/home/vincent-pc/ros2_jazzy/install/robot_py:/home/vincent-pc/ros2_jazzy/install/my_robot_python:/home/vincent-pc/ros2_jazzy/install/lifecycle_py:/home/vincent-pc/ros2_jazzy/install/executors_py:/home/vincent-pc/ros2_jazzy/install/components_py:/home/vincent-pc/ros2_jazzy/install/actions_py:/opt/ros/jazzy DEBUGINFOD_URLS=https://debuginfod.ubuntu.com LD_LIBRARY_PATH=/home/vincent-pc/ros2_jazzy/install/my_robot_interfaces/lib:/home/vincent-pc/ros2_jazzy/install/components_cpp/lib:/opt/ros/jazzy/opt/gz_sim_vendor/lib:/opt/ros/jazzy/opt/gz_sensors_vendor/lib:/opt/ros/jazzy/opt/gz_physics_vendor/lib:/opt/ros/jazzy/opt/sdformat_vendor/lib:/opt/ros/jazzy/opt/rviz_ogre_vendor/lib:/opt/ros/jazzy/lib/x86_64-linux-gnu:/opt/ros/jazzy/opt/gz_gui_vendor/lib:/opt/ros/jazzy/opt/gz_transport_vendor/lib:/opt/ros/jazzy/opt/gz_rendering_vendor/lib:/opt/ros/jazzy/opt/gz_plugin_vendor/lib:/opt/ros/jazzy/opt/gz_fuel_tools_vendor/lib:/opt/ros/jazzy/opt/gz_msgs_vendor/lib:/opt/ros/jazzy/opt/gz_common_vendor/lib:/opt/ros/jazzy/opt/gz_math_vendor/lib:/opt/ros/jazzy/opt/gz_utils_vendor/lib:/opt/ros/jazzy/opt/gz_tools_vendor/lib:/opt/ros/jazzy/opt/gz_ogre_next_vendor/lib:/opt/ros/jazzy/opt/gz_dartsim_vendor/lib:/opt/ros/jazzy/opt/gz_cmake_vendor/lib:/opt/ros/jazzy/lib PYTHONPATH=/home/vincent-pc/ros2_jazzy/install/my_robot_interfaces/lib/python3.12/site-packages:/home/vincent-pc/ros2_jazzy/install/robot_py/lib/python3.12/site-packages:/home/vincent-pc/ros2_jazzy/install/my_robot_python/lib/python3.12/site-packages:/home/vincent-pc/ros2_jazzy/install/lifecycle_py/lib/python3.12/site-packages:/home/vincent-pc/ros2_jazzy/install/executors_py/lib/python3.12/site-packages:/home/vincent-pc/ros2_jazzy/install/components_py/lib/python3.12/site-packages:/home/vincent-pc/ros2_jazzy/install/actions_py/lib/python3.12/site-packages:/opt/ros/jazzy/lib/python3.12/site-packages /usr/bin/cmake --install /home/vincent-pc/ros2_jazzy/build/robot_cpp
[3.243s] INFO:colcon.colcon_core.shell:Creating environment hook '/home/vincent-pc/ros2_jazzy/install/robot_cpp/share/robot_cpp/hook/cmake_prefix_path.sh'
[3.245s] Level 1:colcon.colcon_core.environment:checking '/home/vincent-pc/ros2_jazzy/install/robot_cpp/lib'
[3.245s] Level 1:colcon.colcon_core.environment:checking '/home/vincent-pc/ros2_jazzy/install/robot_cpp/bin'
[3.245s] Level 1:colcon.colcon_core.environment:checking '/home/vincent-pc/ros2_jazzy/install/robot_cpp/lib/pkgconfig/robot_cpp.pc'
[3.245s] Level 1:colcon.colcon_core.environment:checking '/home/vincent-pc/ros2_jazzy/install/robot_cpp/lib/python3.12/site-packages'
[3.246s] Level 1:colcon.colcon_core.environment:checking '/home/vincent-pc/ros2_jazzy/install/robot_cpp/bin'
[3.247s] INFO:colcon.colcon_core.shell:Creating package script '/home/vincent-pc/ros2_jazzy/install/robot_cpp/share/robot_cpp/package.ps1'
[3.249s] INFO:colcon.colcon_core.shell:Creating package descriptor '/home/vincent-pc/ros2_jazzy/install/robot_cpp/share/robot_cpp/package.dsv'
[3.251s] INFO:colcon.colcon_core.shell:Creating package script '/home/vincent-pc/ros2_jazzy/install/robot_cpp/share/robot_cpp/package.sh'
[3.252s] INFO:colcon.colcon_core.shell:Creating package script '/home/vincent-pc/ros2_jazzy/install/robot_cpp/share/robot_cpp/package.bash'
[3.253s] INFO:colcon.colcon_core.shell:Creating package script '/home/vincent-pc/ros2_jazzy/install/robot_cpp/share/robot_cpp/package.zsh'
[3.253s] Level 1:colcon.colcon_core.environment:create_file_with_runtime_dependencies(/home/vincent-pc/ros2_jazzy/install/robot_cpp/share/colcon-core/packages/robot_cpp)
[3.254s] Level 1:colcon.colcon_core.environment:create_environment_scripts_only(robot_cpp)
[3.255s] Level 1:colcon.colcon_core.environment:checking '/home/vincent-pc/ros2_jazzy/install/robot_cpp' for CMake module files
[3.256s] Level 1:colcon.colcon_core.environment:checking '/home/vincent-pc/ros2_jazzy/install/robot_cpp' for CMake config files
[3.257s] Level 1:colcon.colcon_core.shell:create_environment_hook('robot_cpp', 'cmake_prefix_path')
[3.258s] INFO:colcon.colcon_core.shell:Creating environment hook '/home/vincent-pc/ros2_jazzy/install/robot_cpp/share/robot_cpp/hook/cmake_prefix_path.ps1'
[3.260s] INFO:colcon.colcon_core.shell:Creating environment descriptor '/home/vincent-pc/ros2_jazzy/install/robot_cpp/share/robot_cpp/hook/cmake_prefix_path.dsv'
[3.260s] INFO:colcon.colcon_core.shell:Creating environment hook '/home/vincent-pc/ros2_jazzy/install/robot_cpp/share/robot_cpp/hook/cmake_prefix_path.sh'
[3.262s] Level 1:colcon.colcon_core.environment:checking '/home/vincent-pc/ros2_jazzy/install/robot_cpp/lib'
[3.262s] Level 1:colcon.colcon_core.environment:checking '/home/vincent-pc/ros2_jazzy/install/robot_cpp/bin'
[3.262s] Level 1:colcon.colcon_core.environment:checking '/home/vincent-pc/ros2_jazzy/install/robot_cpp/lib/pkgconfig/robot_cpp.pc'
[3.262s] Level 1:colcon.colcon_core.environment:checking '/home/vincent-pc/ros2_jazzy/install/robot_cpp/lib/python3.12/site-packages'
[3.263s] Level 1:colcon.colcon_core.environment:checking '/home/vincent-pc/ros2_jazzy/install/robot_cpp/bin'
[3.263s] INFO:colcon.colcon_core.shell:Creating package script '/home/vincent-pc/ros2_jazzy/install/robot_cpp/share/robot_cpp/package.ps1'
[3.264s] INFO:colcon.colcon_core.shell:Creating package descriptor '/home/vincent-pc/ros2_jazzy/install/robot_cpp/share/robot_cpp/package.dsv'
[3.265s] INFO:colcon.colcon_core.shell:Creating package script '/home/vincent-pc/ros2_jazzy/install/robot_cpp/share/robot_cpp/package.sh'
[3.266s] INFO:colcon.colcon_core.shell:Creating package script '/home/vincent-pc/ros2_jazzy/install/robot_cpp/share/robot_cpp/package.bash'
[3.267s] INFO:colcon.colcon_core.shell:Creating package script '/home/vincent-pc/ros2_jazzy/install/robot_cpp/share/robot_cpp/package.zsh'
[3.268s] Level 1:colcon.colcon_core.environment:create_file_with_runtime_dependencies(/home/vincent-pc/ros2_jazzy/install/robot_cpp/share/colcon-core/packages/robot_cpp)
[3.272s] Level 1:colcon.colcon_core.environment:checking '/home/vincent-pc/ros2_jazzy/install/robot_py' for CMake module files
[3.273s] DEBUG:colcon.colcon_core.event_handler.log_command:Invoked command in '/home/vincent-pc/ros2_jazzy/src/robot_py' returned '0': DEBUGINFOD_URLS=https://debuginfod.ubuntu.com PYTHONPATH=/home/vincent-pc/ros2_jazzy/build/robot_py/prefix_override:/usr/lib/python3/dist-packages/colcon_core/task/python/colcon_distutils_commands:/home/vincent-pc/ros2_jazzy/install/robot_py/lib/python3.12/site-packages:${PYTHONPATH} /usr/bin/python3 -W ignore:setup.py install is deprecated -W ignore:easy_install command is deprecated setup.py egg_info --egg-base ../../build/robot_py build --build-base /home/vincent-pc/ros2_jazzy/build/robot_py/build install --record /home/vincent-pc/ros2_jazzy/build/robot_py/install.log --single-version-externally-managed install_data
[3.276s] Level 1:colcon.colcon_core.environment:checking '/home/vincent-pc/ros2_jazzy/install/robot_py' for CMake config files
[3.278s] Level 1:colcon.colcon_core.environment:checking '/home/vincent-pc/ros2_jazzy/install/robot_py/lib'
[3.279s] Level 1:colcon.colcon_core.environment:checking '/home/vincent-pc/ros2_jazzy/install/robot_py/bin'
[3.279s] Level 1:colcon.colcon_core.environment:checking '/home/vincent-pc/ros2_jazzy/install/robot_py/lib/pkgconfig/robot_py.pc'
[3.279s] Level 1:colcon.colcon_core.environment:checking '/home/vincent-pc/ros2_jazzy/install/robot_py/lib/python3.12/site-packages'
[3.279s] Level 1:colcon.colcon_core.shell:create_environment_hook('robot_py', 'pythonpath')
[3.280s] INFO:colcon.colcon_core.shell:Creating environment hook '/home/vincent-pc/ros2_jazzy/install/robot_py/share/robot_py/hook/pythonpath.ps1'
[3.281s] INFO:colcon.colcon_core.shell:Creating environment descriptor '/home/vincent-pc/ros2_jazzy/install/robot_py/share/robot_py/hook/pythonpath.dsv'
[3.282s] INFO:colcon.colcon_core.shell:Creating environment hook '/home/vincent-pc/ros2_jazzy/install/robot_py/share/robot_py/hook/pythonpath.sh'
[3.286s] Level 1:colcon.colcon_core.environment:checking '/home/vincent-pc/ros2_jazzy/install/robot_py/bin'
[3.287s] Level 1:colcon.colcon_core.environment:create_environment_scripts_only(robot_py)
[3.288s] INFO:colcon.colcon_core.shell:Creating package script '/home/vincent-pc/ros2_jazzy/install/robot_py/share/robot_py/package.ps1'
[3.289s] INFO:colcon.colcon_core.shell:Creating package descriptor '/home/vincent-pc/ros2_jazzy/install/robot_py/share/robot_py/package.dsv'
[3.292s] INFO:colcon.colcon_core.shell:Creating package script '/home/vincent-pc/ros2_jazzy/install/robot_py/share/robot_py/package.sh'
[3.293s] INFO:colcon.colcon_core.shell:Creating package script '/home/vincent-pc/ros2_jazzy/install/robot_py/share/robot_py/package.bash'
[3.294s] INFO:colcon.colcon_core.shell:Creating package script '/home/vincent-pc/ros2_jazzy/install/robot_py/share/robot_py/package.zsh'
[3.295s] Level 1:colcon.colcon_core.environment:create_file_with_runtime_dependencies(/home/vincent-pc/ros2_jazzy/install/robot_py/share/colcon-core/packages/robot_py)
[3.317s] DEBUG:colcon.colcon_core.event_handler.log_command:Invoking command in '/home/vincent-pc/ros2_jazzy/src/actions_py': CMAKE_PREFIX_PATH=/home/vincent-pc/ros2_jazzy/install/my_robot_interfaces:/home/vincent-pc/ros2_jazzy/install/robot_cpp:/home/vincent-pc/ros2_jazzy/install/my_robot_cpp:/home/vincent-pc/ros2_jazzy/install/my_robot_bringup:/home/vincent-pc/ros2_jazzy/install/lifecycle_cpp:/home/vincent-pc/ros2_jazzy/install/final_project:/home/vincent-pc/ros2_jazzy/install/executors_cpp:/home/vincent-pc/ros2_jazzy/install/components_cpp:/home/vincent-pc/ros2_jazzy/install/actions_cpp:/home/vincent-pc/ros2_jazzy/install/my_robot_description:/opt/ros/jazzy/opt/gz_sim_vendor:/opt/ros/jazzy/opt/gz_sensors_vendor:/opt/ros/jazzy/opt/gz_physics_vendor:/opt/ros/jazzy/opt/sdformat_vendor:/opt/ros/jazzy/opt/gz_gui_vendor:/opt/ros/jazzy/opt/gz_transport_vendor:/opt/ros/jazzy/opt/gz_rendering_vendor:/opt/ros/jazzy/opt/gz_plugin_vendor:/opt/ros/jazzy/opt/gz_fuel_tools_vendor:/opt/ros/jazzy/opt/gz_msgs_vendor:/opt/ros/jazzy/opt/gz_common_vendor:/opt/ros/jazzy/opt/gz_math_vendor:/opt/ros/jazzy/opt/gz_utils_vendor:/opt/ros/jazzy/opt/gz_tools_vendor:/opt/ros/jazzy/opt/gz_ogre_next_vendor:/opt/ros/jazzy/opt/gz_dartsim_vendor:/opt/ros/jazzy/opt/gz_cmake_vendor DEBUGINFOD_URLS=https://debuginfod.ubuntu.com LD_LIBRARY_PATH=/home/vincent-pc/ros2_jazzy/install/my_robot_interfaces/lib:/home/vincent-pc/ros2_jazzy/install/components_cpp/lib:/opt/ros/jazzy/opt/gz_sim_vendor/lib:/opt/ros/jazzy/opt/gz_sensors_vendor/lib:/opt/ros/jazzy/opt/gz_physics_vendor/lib:/opt/ros/jazzy/opt/sdformat_vendor/lib:/opt/ros/jazzy/opt/rviz_ogre_vendor/lib:/opt/ros/jazzy/lib/x86_64-linux-gnu:/opt/ros/jazzy/opt/gz_gui_vendor/lib:/opt/ros/jazzy/opt/gz_transport_vendor/lib:/opt/ros/jazzy/opt/gz_rendering_vendor/lib:/opt/ros/jazzy/opt/gz_plugin_vendor/lib:/opt/ros/jazzy/opt/gz_fuel_tools_vendor/lib:/opt/ros/jazzy/opt/gz_msgs_vendor/lib:/opt/ros/jazzy/opt/gz_common_vendor/lib:/opt/ros/jazzy/opt/gz_math_vendor/lib:/opt/ros/jazzy/opt/gz_utils_vendor/lib:/opt/ros/jazzy/opt/gz_tools_vendor/lib:/opt/ros/jazzy/opt/gz_ogre_next_vendor/lib:/opt/ros/jazzy/opt/gz_dartsim_vendor/lib:/opt/ros/jazzy/opt/gz_cmake_vendor/lib:/opt/ros/jazzy/lib PYTHONPATH=/home/vincent-pc/ros2_jazzy/build/actions_py/prefix_override:/usr/lib/python3/dist-packages/colcon_core/task/python/colcon_distutils_commands:/home/vincent-pc/ros2_jazzy/install/actions_py/lib/python3.12/site-packages:/home/vincent-pc/ros2_jazzy/install/my_robot_interfaces/lib/python3.12/site-packages:/home/vincent-pc/ros2_jazzy/install/robot_py/lib/python3.12/site-packages:/home/vincent-pc/ros2_jazzy/install/my_robot_python/lib/python3.12/site-packages:/home/vincent-pc/ros2_jazzy/install/lifecycle_py/lib/python3.12/site-packages:/home/vincent-pc/ros2_jazzy/install/executors_py/lib/python3.12/site-packages:/home/vincent-pc/ros2_jazzy/install/components_py/lib/python3.12/site-packages:/home/vincent-pc/ros2_jazzy/install/actions_py/lib/python3.12/site-packages:/opt/ros/jazzy/lib/python3.12/site-packages /usr/bin/python3 -W ignore:setup.py install is deprecated -W ignore:easy_install command is deprecated setup.py egg_info --egg-base ../../build/actions_py build --build-base /home/vincent-pc/ros2_jazzy/build/actions_py/build install --record /home/vincent-pc/ros2_jazzy/build/actions_py/install.log --single-version-externally-managed install_data
[3.334s] DEBUG:colcon.colcon_core.event_handler.log_command:Invoking command in '/home/vincent-pc/ros2_jazzy/src/components_py': CMAKE_PREFIX_PATH=/home/vincent-pc/ros2_jazzy/install/my_robot_interfaces:/home/vincent-pc/ros2_jazzy/install/robot_cpp:/home/vincent-pc/ros2_jazzy/install/my_robot_cpp:/home/vincent-pc/ros2_jazzy/install/my_robot_bringup:/home/vincent-pc/ros2_jazzy/install/lifecycle_cpp:/home/vincent-pc/ros2_jazzy/install/final_project:/home/vincent-pc/ros2_jazzy/install/executors_cpp:/home/vincent-pc/ros2_jazzy/install/components_cpp:/home/vincent-pc/ros2_jazzy/install/actions_cpp:/home/vincent-pc/ros2_jazzy/install/my_robot_description:/opt/ros/jazzy/opt/gz_sim_vendor:/opt/ros/jazzy/opt/gz_sensors_vendor:/opt/ros/jazzy/opt/gz_physics_vendor:/opt/ros/jazzy/opt/sdformat_vendor:/opt/ros/jazzy/opt/gz_gui_vendor:/opt/ros/jazzy/opt/gz_transport_vendor:/opt/ros/jazzy/opt/gz_rendering_vendor:/opt/ros/jazzy/opt/gz_plugin_vendor:/opt/ros/jazzy/opt/gz_fuel_tools_vendor:/opt/ros/jazzy/opt/gz_msgs_vendor:/opt/ros/jazzy/opt/gz_common_vendor:/opt/ros/jazzy/opt/gz_math_vendor:/opt/ros/jazzy/opt/gz_utils_vendor:/opt/ros/jazzy/opt/gz_tools_vendor:/opt/ros/jazzy/opt/gz_ogre_next_vendor:/opt/ros/jazzy/opt/gz_dartsim_vendor:/opt/ros/jazzy/opt/gz_cmake_vendor DEBUGINFOD_URLS=https://debuginfod.ubuntu.com LD_LIBRARY_PATH=/home/vincent-pc/ros2_jazzy/install/my_robot_interfaces/lib:/home/vincent-pc/ros2_jazzy/install/components_cpp/lib:/opt/ros/jazzy/opt/gz_sim_vendor/lib:/opt/ros/jazzy/opt/gz_sensors_vendor/lib:/opt/ros/jazzy/opt/gz_physics_vendor/lib:/opt/ros/jazzy/opt/sdformat_vendor/lib:/opt/ros/jazzy/opt/rviz_ogre_vendor/lib:/opt/ros/jazzy/lib/x86_64-linux-gnu:/opt/ros/jazzy/opt/gz_gui_vendor/lib:/opt/ros/jazzy/opt/gz_transport_vendor/lib:/opt/ros/jazzy/opt/gz_rendering_vendor/lib:/opt/ros/jazzy/opt/gz_plugin_vendor/lib:/opt/ros/jazzy/opt/gz_fuel_tools_vendor/lib:/opt/ros/jazzy/opt/gz_msgs_vendor/lib:/opt/ros/jazzy/opt/gz_common_vendor/lib:/opt/ros/jazzy/opt/gz_math_vendor/lib:/opt/ros/jazzy/opt/gz_utils_vendor/lib:/opt/ros/jazzy/opt/gz_tools_vendor/lib:/opt/ros/jazzy/opt/gz_ogre_next_vendor/lib:/opt/ros/jazzy/opt/gz_dartsim_vendor/lib:/opt/ros/jazzy/opt/gz_cmake_vendor/lib:/opt/ros/jazzy/lib PYTHONPATH=/home/vincent-pc/ros2_jazzy/build/components_py/prefix_override:/usr/lib/python3/dist-packages/colcon_core/task/python/colcon_distutils_commands:/home/vincent-pc/ros2_jazzy/install/components_py/lib/python3.12/site-packages:/home/vincent-pc/ros2_jazzy/install/my_robot_interfaces/lib/python3.12/site-packages:/home/vincent-pc/ros2_jazzy/install/robot_py/lib/python3.12/site-packages:/home/vincent-pc/ros2_jazzy/install/my_robot_python/lib/python3.12/site-packages:/home/vincent-pc/ros2_jazzy/install/lifecycle_py/lib/python3.12/site-packages:/home/vincent-pc/ros2_jazzy/install/executors_py/lib/python3.12/site-packages:/home/vincent-pc/ros2_jazzy/install/components_py/lib/python3.12/site-packages:/home/vincent-pc/ros2_jazzy/install/actions_py/lib/python3.12/site-packages:/opt/ros/jazzy/lib/python3.12/site-packages /usr/bin/python3 -W ignore:setup.py install is deprecated -W ignore:easy_install command is deprecated setup.py egg_info --egg-base ../../build/components_py build --build-base /home/vincent-pc/ros2_jazzy/build/components_py/build install --record /home/vincent-pc/ros2_jazzy/build/components_py/install.log --single-version-externally-managed install_data
[3.337s] DEBUG:colcon.colcon_core.event_handler.log_command:Invoking command in '/home/vincent-pc/ros2_jazzy/src/lifecycle_py': CMAKE_PREFIX_PATH=/home/vincent-pc/ros2_jazzy/install/my_robot_interfaces:/home/vincent-pc/ros2_jazzy/install/robot_cpp:/home/vincent-pc/ros2_jazzy/install/my_robot_cpp:/home/vincent-pc/ros2_jazzy/install/my_robot_bringup:/home/vincent-pc/ros2_jazzy/install/lifecycle_cpp:/home/vincent-pc/ros2_jazzy/install/final_project:/home/vincent-pc/ros2_jazzy/install/executors_cpp:/home/vincent-pc/ros2_jazzy/install/components_cpp:/home/vincent-pc/ros2_jazzy/install/actions_cpp:/home/vincent-pc/ros2_jazzy/install/my_robot_description:/opt/ros/jazzy/opt/gz_sim_vendor:/opt/ros/jazzy/opt/gz_sensors_vendor:/opt/ros/jazzy/opt/gz_physics_vendor:/opt/ros/jazzy/opt/sdformat_vendor:/opt/ros/jazzy/opt/gz_gui_vendor:/opt/ros/jazzy/opt/gz_transport_vendor:/opt/ros/jazzy/opt/gz_rendering_vendor:/opt/ros/jazzy/opt/gz_plugin_vendor:/opt/ros/jazzy/opt/gz_fuel_tools_vendor:/opt/ros/jazzy/opt/gz_msgs_vendor:/opt/ros/jazzy/opt/gz_common_vendor:/opt/ros/jazzy/opt/gz_math_vendor:/opt/ros/jazzy/opt/gz_utils_vendor:/opt/ros/jazzy/opt/gz_tools_vendor:/opt/ros/jazzy/opt/gz_ogre_next_vendor:/opt/ros/jazzy/opt/gz_dartsim_vendor:/opt/ros/jazzy/opt/gz_cmake_vendor DEBUGINFOD_URLS=https://debuginfod.ubuntu.com LD_LIBRARY_PATH=/home/vincent-pc/ros2_jazzy/install/my_robot_interfaces/lib:/home/vincent-pc/ros2_jazzy/install/components_cpp/lib:/opt/ros/jazzy/opt/gz_sim_vendor/lib:/opt/ros/jazzy/opt/gz_sensors_vendor/lib:/opt/ros/jazzy/opt/gz_physics_vendor/lib:/opt/ros/jazzy/opt/sdformat_vendor/lib:/opt/ros/jazzy/opt/rviz_ogre_vendor/lib:/opt/ros/jazzy/lib/x86_64-linux-gnu:/opt/ros/jazzy/opt/gz_gui_vendor/lib:/opt/ros/jazzy/opt/gz_transport_vendor/lib:/opt/ros/jazzy/opt/gz_rendering_vendor/lib:/opt/ros/jazzy/opt/gz_plugin_vendor/lib:/opt/ros/jazzy/opt/gz_fuel_tools_vendor/lib:/opt/ros/jazzy/opt/gz_msgs_vendor/lib:/opt/ros/jazzy/opt/gz_common_vendor/lib:/opt/ros/jazzy/opt/gz_math_vendor/lib:/opt/ros/jazzy/opt/gz_utils_vendor/lib:/opt/ros/jazzy/opt/gz_tools_vendor/lib:/opt/ros/jazzy/opt/gz_ogre_next_vendor/lib:/opt/ros/jazzy/opt/gz_dartsim_vendor/lib:/opt/ros/jazzy/opt/gz_cmake_vendor/lib:/opt/ros/jazzy/lib PYTHONPATH=/home/vincent-pc/ros2_jazzy/build/lifecycle_py/prefix_override:/usr/lib/python3/dist-packages/colcon_core/task/python/colcon_distutils_commands:/home/vincent-pc/ros2_jazzy/install/lifecycle_py/lib/python3.12/site-packages:/home/vincent-pc/ros2_jazzy/install/my_robot_interfaces/lib/python3.12/site-packages:/home/vincent-pc/ros2_jazzy/install/robot_py/lib/python3.12/site-packages:/home/vincent-pc/ros2_jazzy/install/my_robot_python/lib/python3.12/site-packages:/home/vincent-pc/ros2_jazzy/install/lifecycle_py/lib/python3.12/site-packages:/home/vincent-pc/ros2_jazzy/install/executors_py/lib/python3.12/site-packages:/home/vincent-pc/ros2_jazzy/install/components_py/lib/python3.12/site-packages:/home/vincent-pc/ros2_jazzy/install/actions_py/lib/python3.12/site-packages:/opt/ros/jazzy/lib/python3.12/site-packages /usr/bin/python3 -W ignore:setup.py install is deprecated -W ignore:easy_install command is deprecated setup.py egg_info --egg-base ../../build/lifecycle_py build --build-base /home/vincent-pc/ros2_jazzy/build/lifecycle_py/build install --record /home/vincent-pc/ros2_jazzy/build/lifecycle_py/install.log --single-version-externally-managed install_data
[3.683s] DEBUG:colcon.colcon_core.event_handler.log_command:Invoking command in '/home/vincent-pc/ros2_jazzy/src/executors_py': CMAKE_PREFIX_PATH=/home/vincent-pc/ros2_jazzy/install/my_robot_interfaces:/home/vincent-pc/ros2_jazzy/install/robot_cpp:/home/vincent-pc/ros2_jazzy/install/my_robot_cpp:/home/vincent-pc/ros2_jazzy/install/my_robot_bringup:/home/vincent-pc/ros2_jazzy/install/lifecycle_cpp:/home/vincent-pc/ros2_jazzy/install/final_project:/home/vincent-pc/ros2_jazzy/install/executors_cpp:/home/vincent-pc/ros2_jazzy/install/components_cpp:/home/vincent-pc/ros2_jazzy/install/actions_cpp:/home/vincent-pc/ros2_jazzy/install/my_robot_description:/opt/ros/jazzy/opt/gz_sim_vendor:/opt/ros/jazzy/opt/gz_sensors_vendor:/opt/ros/jazzy/opt/gz_physics_vendor:/opt/ros/jazzy/opt/sdformat_vendor:/opt/ros/jazzy/opt/gz_gui_vendor:/opt/ros/jazzy/opt/gz_transport_vendor:/opt/ros/jazzy/opt/gz_rendering_vendor:/opt/ros/jazzy/opt/gz_plugin_vendor:/opt/ros/jazzy/opt/gz_fuel_tools_vendor:/opt/ros/jazzy/opt/gz_msgs_vendor:/opt/ros/jazzy/opt/gz_common_vendor:/opt/ros/jazzy/opt/gz_math_vendor:/opt/ros/jazzy/opt/gz_utils_vendor:/opt/ros/jazzy/opt/gz_tools_vendor:/opt/ros/jazzy/opt/gz_ogre_next_vendor:/opt/ros/jazzy/opt/gz_dartsim_vendor:/opt/ros/jazzy/opt/gz_cmake_vendor DEBUGINFOD_URLS=https://debuginfod.ubuntu.com LD_LIBRARY_PATH=/home/vincent-pc/ros2_jazzy/install/my_robot_interfaces/lib:/home/vincent-pc/ros2_jazzy/install/components_cpp/lib:/opt/ros/jazzy/opt/gz_sim_vendor/lib:/opt/ros/jazzy/opt/gz_sensors_vendor/lib:/opt/ros/jazzy/opt/gz_physics_vendor/lib:/opt/ros/jazzy/opt/sdformat_vendor/lib:/opt/ros/jazzy/opt/rviz_ogre_vendor/lib:/opt/ros/jazzy/lib/x86_64-linux-gnu:/opt/ros/jazzy/opt/gz_gui_vendor/lib:/opt/ros/jazzy/opt/gz_transport_vendor/lib:/opt/ros/jazzy/opt/gz_rendering_vendor/lib:/opt/ros/jazzy/opt/gz_plugin_vendor/lib:/opt/ros/jazzy/opt/gz_fuel_tools_vendor/lib:/opt/ros/jazzy/opt/gz_msgs_vendor/lib:/opt/ros/jazzy/opt/gz_common_vendor/lib:/opt/ros/jazzy/opt/gz_math_vendor/lib:/opt/ros/jazzy/opt/gz_utils_vendor/lib:/opt/ros/jazzy/opt/gz_tools_vendor/lib:/opt/ros/jazzy/opt/gz_ogre_next_vendor/lib:/opt/ros/jazzy/opt/gz_dartsim_vendor/lib:/opt/ros/jazzy/opt/gz_cmake_vendor/lib:/opt/ros/jazzy/lib PYTHONPATH=/home/vincent-pc/ros2_jazzy/build/executors_py/prefix_override:/usr/lib/python3/dist-packages/colcon_core/task/python/colcon_distutils_commands:/home/vincent-pc/ros2_jazzy/install/executors_py/lib/python3.12/site-packages:/home/vincent-pc/ros2_jazzy/install/my_robot_interfaces/lib/python3.12/site-packages:/home/vincent-pc/ros2_jazzy/install/robot_py/lib/python3.12/site-packages:/home/vincent-pc/ros2_jazzy/install/my_robot_python/lib/python3.12/site-packages:/home/vincent-pc/ros2_jazzy/install/lifecycle_py/lib/python3.12/site-packages:/home/vincent-pc/ros2_jazzy/install/executors_py/lib/python3.12/site-packages:/home/vincent-pc/ros2_jazzy/install/components_py/lib/python3.12/site-packages:/home/vincent-pc/ros2_jazzy/install/actions_py/lib/python3.12/site-packages:/opt/ros/jazzy/lib/python3.12/site-packages /usr/bin/python3 -W ignore:setup.py install is deprecated -W ignore:easy_install command is deprecated setup.py egg_info --egg-base ../../build/executors_py build --build-base /home/vincent-pc/ros2_jazzy/build/executors_py/build install --record /home/vincent-pc/ros2_jazzy/build/executors_py/install.log --single-version-externally-managed install_data
[4.078s] Level 1:colcon.colcon_core.environment:checking '/home/vincent-pc/ros2_jazzy/install/lifecycle_py' for CMake module files
[4.079s] DEBUG:colcon.colcon_core.event_handler.log_command:Invoked command in '/home/vincent-pc/ros2_jazzy/src/lifecycle_py' returned '0': CMAKE_PREFIX_PATH=/home/vincent-pc/ros2_jazzy/install/my_robot_interfaces:/home/vincent-pc/ros2_jazzy/install/robot_cpp:/home/vincent-pc/ros2_jazzy/install/my_robot_cpp:/home/vincent-pc/ros2_jazzy/install/my_robot_bringup:/home/vincent-pc/ros2_jazzy/install/lifecycle_cpp:/home/vincent-pc/ros2_jazzy/install/final_project:/home/vincent-pc/ros2_jazzy/install/executors_cpp:/home/vincent-pc/ros2_jazzy/install/components_cpp:/home/vincent-pc/ros2_jazzy/install/actions_cpp:/home/vincent-pc/ros2_jazzy/install/my_robot_description:/opt/ros/jazzy/opt/gz_sim_vendor:/opt/ros/jazzy/opt/gz_sensors_vendor:/opt/ros/jazzy/opt/gz_physics_vendor:/opt/ros/jazzy/opt/sdformat_vendor:/opt/ros/jazzy/opt/gz_gui_vendor:/opt/ros/jazzy/opt/gz_transport_vendor:/opt/ros/jazzy/opt/gz_rendering_vendor:/opt/ros/jazzy/opt/gz_plugin_vendor:/opt/ros/jazzy/opt/gz_fuel_tools_vendor:/opt/ros/jazzy/opt/gz_msgs_vendor:/opt/ros/jazzy/opt/gz_common_vendor:/opt/ros/jazzy/opt/gz_math_vendor:/opt/ros/jazzy/opt/gz_utils_vendor:/opt/ros/jazzy/opt/gz_tools_vendor:/opt/ros/jazzy/opt/gz_ogre_next_vendor:/opt/ros/jazzy/opt/gz_dartsim_vendor:/opt/ros/jazzy/opt/gz_cmake_vendor DEBUGINFOD_URLS=https://debuginfod.ubuntu.com LD_LIBRARY_PATH=/home/vincent-pc/ros2_jazzy/install/my_robot_interfaces/lib:/home/vincent-pc/ros2_jazzy/install/components_cpp/lib:/opt/ros/jazzy/opt/gz_sim_vendor/lib:/opt/ros/jazzy/opt/gz_sensors_vendor/lib:/opt/ros/jazzy/opt/gz_physics_vendor/lib:/opt/ros/jazzy/opt/sdformat_vendor/lib:/opt/ros/jazzy/opt/rviz_ogre_vendor/lib:/opt/ros/jazzy/lib/x86_64-linux-gnu:/opt/ros/jazzy/opt/gz_gui_vendor/lib:/opt/ros/jazzy/opt/gz_transport_vendor/lib:/opt/ros/jazzy/opt/gz_rendering_vendor/lib:/opt/ros/jazzy/opt/gz_plugin_vendor/lib:/opt/ros/jazzy/opt/gz_fuel_tools_vendor/lib:/opt/ros/jazzy/opt/gz_msgs_vendor/lib:/opt/ros/jazzy/opt/gz_common_vendor/lib:/opt/ros/jazzy/opt/gz_math_vendor/lib:/opt/ros/jazzy/opt/gz_utils_vendor/lib:/opt/ros/jazzy/opt/gz_tools_vendor/lib:/opt/ros/jazzy/opt/gz_ogre_next_vendor/lib:/opt/ros/jazzy/opt/gz_dartsim_vendor/lib:/opt/ros/jazzy/opt/gz_cmake_vendor/lib:/opt/ros/jazzy/lib PYTHONPATH=/home/vincent-pc/ros2_jazzy/build/lifecycle_py/prefix_override:/usr/lib/python3/dist-packages/colcon_core/task/python/colcon_distutils_commands:/home/vincent-pc/ros2_jazzy/install/lifecycle_py/lib/python3.12/site-packages:/home/vincent-pc/ros2_jazzy/install/my_robot_interfaces/lib/python3.12/site-packages:/home/vincent-pc/ros2_jazzy/install/robot_py/lib/python3.12/site-packages:/home/vincent-pc/ros2_jazzy/install/my_robot_python/lib/python3.12/site-packages:/home/vincent-pc/ros2_jazzy/install/lifecycle_py/lib/python3.12/site-packages:/home/vincent-pc/ros2_jazzy/install/executors_py/lib/python3.12/site-packages:/home/vincent-pc/ros2_jazzy/install/components_py/lib/python3.12/site-packages:/home/vincent-pc/ros2_jazzy/install/actions_py/lib/python3.12/site-packages:/opt/ros/jazzy/lib/python3.12/site-packages /usr/bin/python3 -W ignore:setup.py install is deprecated -W ignore:easy_install command is deprecated setup.py egg_info --egg-base ../../build/lifecycle_py build --build-base /home/vincent-pc/ros2_jazzy/build/lifecycle_py/build install --record /home/vincent-pc/ros2_jazzy/build/lifecycle_py/install.log --single-version-externally-managed install_data
[4.080s] Level 1:colcon.colcon_core.environment:checking '/home/vincent-pc/ros2_jazzy/install/lifecycle_py' for CMake config files
[4.080s] Level 1:colcon.colcon_core.environment:checking '/home/vincent-pc/ros2_jazzy/install/lifecycle_py/lib'
[4.081s] Level 1:colcon.colcon_core.environment:checking '/home/vincent-pc/ros2_jazzy/install/lifecycle_py/bin'
[4.081s] Level 1:colcon.colcon_core.environment:checking '/home/vincent-pc/ros2_jazzy/install/lifecycle_py/lib/pkgconfig/lifecycle_py.pc'
[4.081s] Level 1:colcon.colcon_core.environment:checking '/home/vincent-pc/ros2_jazzy/install/lifecycle_py/lib/python3.12/site-packages'
[4.082s] Level 1:colcon.colcon_core.shell:create_environment_hook('lifecycle_py', 'pythonpath')
[4.082s] INFO:colcon.colcon_core.shell:Creating environment hook '/home/vincent-pc/ros2_jazzy/install/lifecycle_py/share/lifecycle_py/hook/pythonpath.ps1'
[4.083s] INFO:colcon.colcon_core.shell:Creating environment descriptor '/home/vincent-pc/ros2_jazzy/install/lifecycle_py/share/lifecycle_py/hook/pythonpath.dsv'
[4.083s] INFO:colcon.colcon_core.shell:Creating environment hook '/home/vincent-pc/ros2_jazzy/install/lifecycle_py/share/lifecycle_py/hook/pythonpath.sh'
[4.084s] Level 1:colcon.colcon_core.environment:checking '/home/vincent-pc/ros2_jazzy/install/lifecycle_py/bin'
[4.084s] Level 1:colcon.colcon_core.environment:create_environment_scripts_only(lifecycle_py)
[4.085s] INFO:colcon.colcon_core.shell:Creating package script '/home/vincent-pc/ros2_jazzy/install/lifecycle_py/share/lifecycle_py/package.ps1'
[4.085s] INFO:colcon.colcon_core.shell:Creating package descriptor '/home/vincent-pc/ros2_jazzy/install/lifecycle_py/share/lifecycle_py/package.dsv'
[4.086s] INFO:colcon.colcon_core.shell:Creating package script '/home/vincent-pc/ros2_jazzy/install/lifecycle_py/share/lifecycle_py/package.sh'
[4.087s] INFO:colcon.colcon_core.shell:Creating package script '/home/vincent-pc/ros2_jazzy/install/lifecycle_py/share/lifecycle_py/package.bash'
[4.087s] INFO:colcon.colcon_core.shell:Creating package script '/home/vincent-pc/ros2_jazzy/install/lifecycle_py/share/lifecycle_py/package.zsh'
[4.105s] Level 1:colcon.colcon_core.environment:create_file_with_runtime_dependencies(/home/vincent-pc/ros2_jazzy/install/lifecycle_py/share/colcon-core/packages/lifecycle_py)
[4.105s] INFO:colcon.colcon_ros.task.ament_cmake.build:Building ROS package in '/home/vincent-pc/ros2_jazzy/src/my_robot_bringup' with build type 'ament_cmake'
[4.105s] INFO:colcon.colcon_cmake.task.cmake.build:Building CMake package in '/home/vincent-pc/ros2_jazzy/src/my_robot_bringup'
[4.106s] INFO:colcon.colcon_core.shell:Skip shell extension 'powershell' for command environment: Not usable outside of PowerShell
[4.106s] DEBUG:colcon.colcon_core.shell:Skip shell extension 'dsv' for command environment
[4.129s] DEBUG:colcon.colcon_core.event_handler.log_command:Invoking command in '/home/vincent-pc/ros2_jazzy/build/my_robot_bringup': AMENT_PREFIX_PATH=/home/vincent-pc/ros2_jazzy/install/lifecycle_py:/home/vincent-pc/ros2_jazzy/install/robot_py:/home/vincent-pc/ros2_jazzy/install/robot_cpp:/home/vincent-pc/ros2_jazzy/install/my_robot_python:/home/vincent-pc/ros2_jazzy/install/my_robot_cpp:/home/vincent-pc/ros2_jazzy/install/my_robot_bringup:/home/vincent-pc/ros2_jazzy/install/lifecycle_cpp:/home/vincent-pc/ros2_jazzy/install/final_project:/home/vincent-pc/ros2_jazzy/install/executors_py:/home/vincent-pc/ros2_jazzy/install/executors_cpp:/home/vincent-pc/ros2_jazzy/install/components_py:/home/vincent-pc/ros2_jazzy/install/components_cpp:/home/vincent-pc/ros2_jazzy/install/actions_py:/home/vincent-pc/ros2_jazzy/install/actions_cpp:/home/vincent-pc/ros2_jazzy/install/my_robot_interfaces:/home/vincent-pc/ros2_jazzy/install/my_robot_description:/opt/ros/jazzy CMAKE_PREFIX_PATH=/home/vincent-pc/ros2_jazzy/install/lifecycle_cpp:/home/vincent-pc/ros2_jazzy/install/my_robot_interfaces:/home/vincent-pc/ros2_jazzy/install/robot_cpp:/home/vincent-pc/ros2_jazzy/install/my_robot_cpp:/home/vincent-pc/ros2_jazzy/install/my_robot_bringup:/home/vincent-pc/ros2_jazzy/install/final_project:/home/vincent-pc/ros2_jazzy/install/executors_cpp:/home/vincent-pc/ros2_jazzy/install/components_cpp:/home/vincent-pc/ros2_jazzy/install/actions_cpp:/home/vincent-pc/ros2_jazzy/install/my_robot_description:/opt/ros/jazzy/opt/gz_sim_vendor:/opt/ros/jazzy/opt/gz_sensors_vendor:/opt/ros/jazzy/opt/gz_physics_vendor:/opt/ros/jazzy/opt/sdformat_vendor:/opt/ros/jazzy/opt/gz_gui_vendor:/opt/ros/jazzy/opt/gz_transport_vendor:/opt/ros/jazzy/opt/gz_rendering_vendor:/opt/ros/jazzy/opt/gz_plugin_vendor:/opt/ros/jazzy/opt/gz_fuel_tools_vendor:/opt/ros/jazzy/opt/gz_msgs_vendor:/opt/ros/jazzy/opt/gz_common_vendor:/opt/ros/jazzy/opt/gz_math_vendor:/opt/ros/jazzy/opt/gz_utils_vendor:/opt/ros/jazzy/opt/gz_tools_vendor:/opt/ros/jazzy/opt/gz_ogre_next_vendor:/opt/ros/jazzy/opt/gz_dartsim_vendor:/opt/ros/jazzy/opt/gz_cmake_vendor:/home/vincent-pc/ros2_jazzy/install/robot_py:/home/vincent-pc/ros2_jazzy/install/my_robot_python:/home/vincent-pc/ros2_jazzy/install/lifecycle_py:/home/vincent-pc/ros2_jazzy/install/executors_py:/home/vincent-pc/ros2_jazzy/install/components_py:/home/vincent-pc/ros2_jazzy/install/actions_py:/opt/ros/jazzy DEBUGINFOD_URLS=https://debuginfod.ubuntu.com LD_LIBRARY_PATH=/home/vincent-pc/ros2_jazzy/install/my_robot_interfaces/lib:/home/vincent-pc/ros2_jazzy/install/components_cpp/lib:/opt/ros/jazzy/opt/gz_sim_vendor/lib:/opt/ros/jazzy/opt/gz_sensors_vendor/lib:/opt/ros/jazzy/opt/gz_physics_vendor/lib:/opt/ros/jazzy/opt/sdformat_vendor/lib:/opt/ros/jazzy/opt/rviz_ogre_vendor/lib:/opt/ros/jazzy/lib/x86_64-linux-gnu:/opt/ros/jazzy/opt/gz_gui_vendor/lib:/opt/ros/jazzy/opt/gz_transport_vendor/lib:/opt/ros/jazzy/opt/gz_rendering_vendor/lib:/opt/ros/jazzy/opt/gz_plugin_vendor/lib:/opt/ros/jazzy/opt/gz_fuel_tools_vendor/lib:/opt/ros/jazzy/opt/gz_msgs_vendor/lib:/opt/ros/jazzy/opt/gz_common_vendor/lib:/opt/ros/jazzy/opt/gz_math_vendor/lib:/opt/ros/jazzy/opt/gz_utils_vendor/lib:/opt/ros/jazzy/opt/gz_tools_vendor/lib:/opt/ros/jazzy/opt/gz_ogre_next_vendor/lib:/opt/ros/jazzy/opt/gz_dartsim_vendor/lib:/opt/ros/jazzy/opt/gz_cmake_vendor/lib:/opt/ros/jazzy/lib PYTHONPATH=/home/vincent-pc/ros2_jazzy/install/lifecycle_py/lib/python3.12/site-packages:/home/vincent-pc/ros2_jazzy/install/my_robot_interfaces/lib/python3.12/site-packages:/home/vincent-pc/ros2_jazzy/install/robot_py/lib/python3.12/site-packages:/home/vincent-pc/ros2_jazzy/install/my_robot_python/lib/python3.12/site-packages:/home/vincent-pc/ros2_jazzy/install/executors_py/lib/python3.12/site-packages:/home/vincent-pc/ros2_jazzy/install/components_py/lib/python3.12/site-packages:/home/vincent-pc/ros2_jazzy/install/actions_py/lib/python3.12/site-packages:/opt/ros/jazzy/lib/python3.12/site-packages /usr/bin/cmake --build /home/vincent-pc/ros2_jazzy/build/my_robot_bringup -- -j8 -l8
[4.193s] DEBUG:colcon.colcon_core.event_handler.log_command:Invoked command in '/home/vincent-pc/ros2_jazzy/build/my_robot_bringup' returned '0': AMENT_PREFIX_PATH=/home/vincent-pc/ros2_jazzy/install/lifecycle_py:/home/vincent-pc/ros2_jazzy/install/robot_py:/home/vincent-pc/ros2_jazzy/install/robot_cpp:/home/vincent-pc/ros2_jazzy/install/my_robot_python:/home/vincent-pc/ros2_jazzy/install/my_robot_cpp:/home/vincent-pc/ros2_jazzy/install/my_robot_bringup:/home/vincent-pc/ros2_jazzy/install/lifecycle_cpp:/home/vincent-pc/ros2_jazzy/install/final_project:/home/vincent-pc/ros2_jazzy/install/executors_py:/home/vincent-pc/ros2_jazzy/install/executors_cpp:/home/vincent-pc/ros2_jazzy/install/components_py:/home/vincent-pc/ros2_jazzy/install/components_cpp:/home/vincent-pc/ros2_jazzy/install/actions_py:/home/vincent-pc/ros2_jazzy/install/actions_cpp:/home/vincent-pc/ros2_jazzy/install/my_robot_interfaces:/home/vincent-pc/ros2_jazzy/install/my_robot_description:/opt/ros/jazzy CMAKE_PREFIX_PATH=/home/vincent-pc/ros2_jazzy/install/lifecycle_cpp:/home/vincent-pc/ros2_jazzy/install/my_robot_interfaces:/home/vincent-pc/ros2_jazzy/install/robot_cpp:/home/vincent-pc/ros2_jazzy/install/my_robot_cpp:/home/vincent-pc/ros2_jazzy/install/my_robot_bringup:/home/vincent-pc/ros2_jazzy/install/final_project:/home/vincent-pc/ros2_jazzy/install/executors_cpp:/home/vincent-pc/ros2_jazzy/install/components_cpp:/home/vincent-pc/ros2_jazzy/install/actions_cpp:/home/vincent-pc/ros2_jazzy/install/my_robot_description:/opt/ros/jazzy/opt/gz_sim_vendor:/opt/ros/jazzy/opt/gz_sensors_vendor:/opt/ros/jazzy/opt/gz_physics_vendor:/opt/ros/jazzy/opt/sdformat_vendor:/opt/ros/jazzy/opt/gz_gui_vendor:/opt/ros/jazzy/opt/gz_transport_vendor:/opt/ros/jazzy/opt/gz_rendering_vendor:/opt/ros/jazzy/opt/gz_plugin_vendor:/opt/ros/jazzy/opt/gz_fuel_tools_vendor:/opt/ros/jazzy/opt/gz_msgs_vendor:/opt/ros/jazzy/opt/gz_common_vendor:/opt/ros/jazzy/opt/gz_math_vendor:/opt/ros/jazzy/opt/gz_utils_vendor:/opt/ros/jazzy/opt/gz_tools_vendor:/opt/ros/jazzy/opt/gz_ogre_next_vendor:/opt/ros/jazzy/opt/gz_dartsim_vendor:/opt/ros/jazzy/opt/gz_cmake_vendor:/home/vincent-pc/ros2_jazzy/install/robot_py:/home/vincent-pc/ros2_jazzy/install/my_robot_python:/home/vincent-pc/ros2_jazzy/install/lifecycle_py:/home/vincent-pc/ros2_jazzy/install/executors_py:/home/vincent-pc/ros2_jazzy/install/components_py:/home/vincent-pc/ros2_jazzy/install/actions_py:/opt/ros/jazzy DEBUGINFOD_URLS=https://debuginfod.ubuntu.com LD_LIBRARY_PATH=/home/vincent-pc/ros2_jazzy/install/my_robot_interfaces/lib:/home/vincent-pc/ros2_jazzy/install/components_cpp/lib:/opt/ros/jazzy/opt/gz_sim_vendor/lib:/opt/ros/jazzy/opt/gz_sensors_vendor/lib:/opt/ros/jazzy/opt/gz_physics_vendor/lib:/opt/ros/jazzy/opt/sdformat_vendor/lib:/opt/ros/jazzy/opt/rviz_ogre_vendor/lib:/opt/ros/jazzy/lib/x86_64-linux-gnu:/opt/ros/jazzy/opt/gz_gui_vendor/lib:/opt/ros/jazzy/opt/gz_transport_vendor/lib:/opt/ros/jazzy/opt/gz_rendering_vendor/lib:/opt/ros/jazzy/opt/gz_plugin_vendor/lib:/opt/ros/jazzy/opt/gz_fuel_tools_vendor/lib:/opt/ros/jazzy/opt/gz_msgs_vendor/lib:/opt/ros/jazzy/opt/gz_common_vendor/lib:/opt/ros/jazzy/opt/gz_math_vendor/lib:/opt/ros/jazzy/opt/gz_utils_vendor/lib:/opt/ros/jazzy/opt/gz_tools_vendor/lib:/opt/ros/jazzy/opt/gz_ogre_next_vendor/lib:/opt/ros/jazzy/opt/gz_dartsim_vendor/lib:/opt/ros/jazzy/opt/gz_cmake_vendor/lib:/opt/ros/jazzy/lib PYTHONPATH=/home/vincent-pc/ros2_jazzy/install/lifecycle_py/lib/python3.12/site-packages:/home/vincent-pc/ros2_jazzy/install/my_robot_interfaces/lib/python3.12/site-packages:/home/vincent-pc/ros2_jazzy/install/robot_py/lib/python3.12/site-packages:/home/vincent-pc/ros2_jazzy/install/my_robot_python/lib/python3.12/site-packages:/home/vincent-pc/ros2_jazzy/install/executors_py/lib/python3.12/site-packages:/home/vincent-pc/ros2_jazzy/install/components_py/lib/python3.12/site-packages:/home/vincent-pc/ros2_jazzy/install/actions_py/lib/python3.12/site-packages:/opt/ros/jazzy/lib/python3.12/site-packages /usr/bin/cmake --build /home/vincent-pc/ros2_jazzy/build/my_robot_bringup -- -j8 -l8
[4.195s] DEBUG:colcon.colcon_core.event_handler.log_command:Invoking command in '/home/vincent-pc/ros2_jazzy/build/my_robot_bringup': AMENT_PREFIX_PATH=/home/vincent-pc/ros2_jazzy/install/lifecycle_py:/home/vincent-pc/ros2_jazzy/install/robot_py:/home/vincent-pc/ros2_jazzy/install/robot_cpp:/home/vincent-pc/ros2_jazzy/install/my_robot_python:/home/vincent-pc/ros2_jazzy/install/my_robot_cpp:/home/vincent-pc/ros2_jazzy/install/my_robot_bringup:/home/vincent-pc/ros2_jazzy/install/lifecycle_cpp:/home/vincent-pc/ros2_jazzy/install/final_project:/home/vincent-pc/ros2_jazzy/install/executors_py:/home/vincent-pc/ros2_jazzy/install/executors_cpp:/home/vincent-pc/ros2_jazzy/install/components_py:/home/vincent-pc/ros2_jazzy/install/components_cpp:/home/vincent-pc/ros2_jazzy/install/actions_py:/home/vincent-pc/ros2_jazzy/install/actions_cpp:/home/vincent-pc/ros2_jazzy/install/my_robot_interfaces:/home/vincent-pc/ros2_jazzy/install/my_robot_description:/opt/ros/jazzy CMAKE_PREFIX_PATH=/home/vincent-pc/ros2_jazzy/install/lifecycle_cpp:/home/vincent-pc/ros2_jazzy/install/my_robot_interfaces:/home/vincent-pc/ros2_jazzy/install/robot_cpp:/home/vincent-pc/ros2_jazzy/install/my_robot_cpp:/home/vincent-pc/ros2_jazzy/install/my_robot_bringup:/home/vincent-pc/ros2_jazzy/install/final_project:/home/vincent-pc/ros2_jazzy/install/executors_cpp:/home/vincent-pc/ros2_jazzy/install/components_cpp:/home/vincent-pc/ros2_jazzy/install/actions_cpp:/home/vincent-pc/ros2_jazzy/install/my_robot_description:/opt/ros/jazzy/opt/gz_sim_vendor:/opt/ros/jazzy/opt/gz_sensors_vendor:/opt/ros/jazzy/opt/gz_physics_vendor:/opt/ros/jazzy/opt/sdformat_vendor:/opt/ros/jazzy/opt/gz_gui_vendor:/opt/ros/jazzy/opt/gz_transport_vendor:/opt/ros/jazzy/opt/gz_rendering_vendor:/opt/ros/jazzy/opt/gz_plugin_vendor:/opt/ros/jazzy/opt/gz_fuel_tools_vendor:/opt/ros/jazzy/opt/gz_msgs_vendor:/opt/ros/jazzy/opt/gz_common_vendor:/opt/ros/jazzy/opt/gz_math_vendor:/opt/ros/jazzy/opt/gz_utils_vendor:/opt/ros/jazzy/opt/gz_tools_vendor:/opt/ros/jazzy/opt/gz_ogre_next_vendor:/opt/ros/jazzy/opt/gz_dartsim_vendor:/opt/ros/jazzy/opt/gz_cmake_vendor:/home/vincent-pc/ros2_jazzy/install/robot_py:/home/vincent-pc/ros2_jazzy/install/my_robot_python:/home/vincent-pc/ros2_jazzy/install/lifecycle_py:/home/vincent-pc/ros2_jazzy/install/executors_py:/home/vincent-pc/ros2_jazzy/install/components_py:/home/vincent-pc/ros2_jazzy/install/actions_py:/opt/ros/jazzy DEBUGINFOD_URLS=https://debuginfod.ubuntu.com LD_LIBRARY_PATH=/home/vincent-pc/ros2_jazzy/install/my_robot_interfaces/lib:/home/vincent-pc/ros2_jazzy/install/components_cpp/lib:/opt/ros/jazzy/opt/gz_sim_vendor/lib:/opt/ros/jazzy/opt/gz_sensors_vendor/lib:/opt/ros/jazzy/opt/gz_physics_vendor/lib:/opt/ros/jazzy/opt/sdformat_vendor/lib:/opt/ros/jazzy/opt/rviz_ogre_vendor/lib:/opt/ros/jazzy/lib/x86_64-linux-gnu:/opt/ros/jazzy/opt/gz_gui_vendor/lib:/opt/ros/jazzy/opt/gz_transport_vendor/lib:/opt/ros/jazzy/opt/gz_rendering_vendor/lib:/opt/ros/jazzy/opt/gz_plugin_vendor/lib:/opt/ros/jazzy/opt/gz_fuel_tools_vendor/lib:/opt/ros/jazzy/opt/gz_msgs_vendor/lib:/opt/ros/jazzy/opt/gz_common_vendor/lib:/opt/ros/jazzy/opt/gz_math_vendor/lib:/opt/ros/jazzy/opt/gz_utils_vendor/lib:/opt/ros/jazzy/opt/gz_tools_vendor/lib:/opt/ros/jazzy/opt/gz_ogre_next_vendor/lib:/opt/ros/jazzy/opt/gz_dartsim_vendor/lib:/opt/ros/jazzy/opt/gz_cmake_vendor/lib:/opt/ros/jazzy/lib PYTHONPATH=/home/vincent-pc/ros2_jazzy/install/lifecycle_py/lib/python3.12/site-packages:/home/vincent-pc/ros2_jazzy/install/my_robot_interfaces/lib/python3.12/site-packages:/home/vincent-pc/ros2_jazzy/install/robot_py/lib/python3.12/site-packages:/home/vincent-pc/ros2_jazzy/install/my_robot_python/lib/python3.12/site-packages:/home/vincent-pc/ros2_jazzy/install/executors_py/lib/python3.12/site-packages:/home/vincent-pc/ros2_jazzy/install/components_py/lib/python3.12/site-packages:/home/vincent-pc/ros2_jazzy/install/actions_py/lib/python3.12/site-packages:/opt/ros/jazzy/lib/python3.12/site-packages /usr/bin/cmake --install /home/vincent-pc/ros2_jazzy/build/my_robot_bringup
[4.214s] Level 1:colcon.colcon_core.environment:create_environment_scripts_only(my_robot_bringup)
[4.215s] Level 1:colcon.colcon_core.environment:checking '/home/vincent-pc/ros2_jazzy/install/my_robot_bringup' for CMake module files
[4.217s] DEBUG:colcon.colcon_core.event_handler.log_command:Invoked command in '/home/vincent-pc/ros2_jazzy/build/my_robot_bringup' returned '0': AMENT_PREFIX_PATH=/home/vincent-pc/ros2_jazzy/install/lifecycle_py:/home/vincent-pc/ros2_jazzy/install/robot_py:/home/vincent-pc/ros2_jazzy/install/robot_cpp:/home/vincent-pc/ros2_jazzy/install/my_robot_python:/home/vincent-pc/ros2_jazzy/install/my_robot_cpp:/home/vincent-pc/ros2_jazzy/install/my_robot_bringup:/home/vincent-pc/ros2_jazzy/install/lifecycle_cpp:/home/vincent-pc/ros2_jazzy/install/final_project:/home/vincent-pc/ros2_jazzy/install/executors_py:/home/vincent-pc/ros2_jazzy/install/executors_cpp:/home/vincent-pc/ros2_jazzy/install/components_py:/home/vincent-pc/ros2_jazzy/install/components_cpp:/home/vincent-pc/ros2_jazzy/install/actions_py:/home/vincent-pc/ros2_jazzy/install/actions_cpp:/home/vincent-pc/ros2_jazzy/install/my_robot_interfaces:/home/vincent-pc/ros2_jazzy/install/my_robot_description:/opt/ros/jazzy CMAKE_PREFIX_PATH=/home/vincent-pc/ros2_jazzy/install/lifecycle_cpp:/home/vincent-pc/ros2_jazzy/install/my_robot_interfaces:/home/vincent-pc/ros2_jazzy/install/robot_cpp:/home/vincent-pc/ros2_jazzy/install/my_robot_cpp:/home/vincent-pc/ros2_jazzy/install/my_robot_bringup:/home/vincent-pc/ros2_jazzy/install/final_project:/home/vincent-pc/ros2_jazzy/install/executors_cpp:/home/vincent-pc/ros2_jazzy/install/components_cpp:/home/vincent-pc/ros2_jazzy/install/actions_cpp:/home/vincent-pc/ros2_jazzy/install/my_robot_description:/opt/ros/jazzy/opt/gz_sim_vendor:/opt/ros/jazzy/opt/gz_sensors_vendor:/opt/ros/jazzy/opt/gz_physics_vendor:/opt/ros/jazzy/opt/sdformat_vendor:/opt/ros/jazzy/opt/gz_gui_vendor:/opt/ros/jazzy/opt/gz_transport_vendor:/opt/ros/jazzy/opt/gz_rendering_vendor:/opt/ros/jazzy/opt/gz_plugin_vendor:/opt/ros/jazzy/opt/gz_fuel_tools_vendor:/opt/ros/jazzy/opt/gz_msgs_vendor:/opt/ros/jazzy/opt/gz_common_vendor:/opt/ros/jazzy/opt/gz_math_vendor:/opt/ros/jazzy/opt/gz_utils_vendor:/opt/ros/jazzy/opt/gz_tools_vendor:/opt/ros/jazzy/opt/gz_ogre_next_vendor:/opt/ros/jazzy/opt/gz_dartsim_vendor:/opt/ros/jazzy/opt/gz_cmake_vendor:/home/vincent-pc/ros2_jazzy/install/robot_py:/home/vincent-pc/ros2_jazzy/install/my_robot_python:/home/vincent-pc/ros2_jazzy/install/lifecycle_py:/home/vincent-pc/ros2_jazzy/install/executors_py:/home/vincent-pc/ros2_jazzy/install/components_py:/home/vincent-pc/ros2_jazzy/install/actions_py:/opt/ros/jazzy DEBUGINFOD_URLS=https://debuginfod.ubuntu.com LD_LIBRARY_PATH=/home/vincent-pc/ros2_jazzy/install/my_robot_interfaces/lib:/home/vincent-pc/ros2_jazzy/install/components_cpp/lib:/opt/ros/jazzy/opt/gz_sim_vendor/lib:/opt/ros/jazzy/opt/gz_sensors_vendor/lib:/opt/ros/jazzy/opt/gz_physics_vendor/lib:/opt/ros/jazzy/opt/sdformat_vendor/lib:/opt/ros/jazzy/opt/rviz_ogre_vendor/lib:/opt/ros/jazzy/lib/x86_64-linux-gnu:/opt/ros/jazzy/opt/gz_gui_vendor/lib:/opt/ros/jazzy/opt/gz_transport_vendor/lib:/opt/ros/jazzy/opt/gz_rendering_vendor/lib:/opt/ros/jazzy/opt/gz_plugin_vendor/lib:/opt/ros/jazzy/opt/gz_fuel_tools_vendor/lib:/opt/ros/jazzy/opt/gz_msgs_vendor/lib:/opt/ros/jazzy/opt/gz_common_vendor/lib:/opt/ros/jazzy/opt/gz_math_vendor/lib:/opt/ros/jazzy/opt/gz_utils_vendor/lib:/opt/ros/jazzy/opt/gz_tools_vendor/lib:/opt/ros/jazzy/opt/gz_ogre_next_vendor/lib:/opt/ros/jazzy/opt/gz_dartsim_vendor/lib:/opt/ros/jazzy/opt/gz_cmake_vendor/lib:/opt/ros/jazzy/lib PYTHONPATH=/home/vincent-pc/ros2_jazzy/install/lifecycle_py/lib/python3.12/site-packages:/home/vincent-pc/ros2_jazzy/install/my_robot_interfaces/lib/python3.12/site-packages:/home/vincent-pc/ros2_jazzy/install/robot_py/lib/python3.12/site-packages:/home/vincent-pc/ros2_jazzy/install/my_robot_python/lib/python3.12/site-packages:/home/vincent-pc/ros2_jazzy/install/executors_py/lib/python3.12/site-packages:/home/vincent-pc/ros2_jazzy/install/components_py/lib/python3.12/site-packages:/home/vincent-pc/ros2_jazzy/install/actions_py/lib/python3.12/site-packages:/opt/ros/jazzy/lib/python3.12/site-packages /usr/bin/cmake --install /home/vincent-pc/ros2_jazzy/build/my_robot_bringup
[4.217s] Level 1:colcon.colcon_core.environment:checking '/home/vincent-pc/ros2_jazzy/install/my_robot_bringup' for CMake config files
[4.217s] Level 1:colcon.colcon_core.shell:create_environment_hook('my_robot_bringup', 'cmake_prefix_path')
[4.217s] INFO:colcon.colcon_core.shell:Creating environment hook '/home/vincent-pc/ros2_jazzy/install/my_robot_bringup/share/my_robot_bringup/hook/cmake_prefix_path.ps1'
[4.218s] INFO:colcon.colcon_core.shell:Creating environment descriptor '/home/vincent-pc/ros2_jazzy/install/my_robot_bringup/share/my_robot_bringup/hook/cmake_prefix_path.dsv'
[4.219s] INFO:colcon.colcon_core.shell:Creating environment hook '/home/vincent-pc/ros2_jazzy/install/my_robot_bringup/share/my_robot_bringup/hook/cmake_prefix_path.sh'
[4.220s] Level 1:colcon.colcon_core.environment:checking '/home/vincent-pc/ros2_jazzy/install/my_robot_bringup/bin'
[4.220s] Level 1:colcon.colcon_core.environment:checking '/home/vincent-pc/ros2_jazzy/install/my_robot_bringup/lib/pkgconfig/my_robot_bringup.pc'
[4.220s] Level 1:colcon.colcon_core.environment:checking '/home/vincent-pc/ros2_jazzy/install/my_robot_bringup/lib/python3.12/site-packages'
[4.221s] Level 1:colcon.colcon_core.environment:checking '/home/vincent-pc/ros2_jazzy/install/my_robot_bringup/bin'
[4.221s] INFO:colcon.colcon_core.shell:Creating package script '/home/vincent-pc/ros2_jazzy/install/my_robot_bringup/share/my_robot_bringup/package.ps1'
[4.222s] INFO:colcon.colcon_core.shell:Creating package descriptor '/home/vincent-pc/ros2_jazzy/install/my_robot_bringup/share/my_robot_bringup/package.dsv'
[4.222s] INFO:colcon.colcon_core.shell:Creating package script '/home/vincent-pc/ros2_jazzy/install/my_robot_bringup/share/my_robot_bringup/package.sh'
[4.223s] INFO:colcon.colcon_core.shell:Creating package script '/home/vincent-pc/ros2_jazzy/install/my_robot_bringup/share/my_robot_bringup/package.bash'
[4.223s] INFO:colcon.colcon_core.shell:Creating package script '/home/vincent-pc/ros2_jazzy/install/my_robot_bringup/share/my_robot_bringup/package.zsh'
[4.224s] Level 1:colcon.colcon_core.environment:create_file_with_runtime_dependencies(/home/vincent-pc/ros2_jazzy/install/my_robot_bringup/share/colcon-core/packages/my_robot_bringup)
[4.224s] Level 1:colcon.colcon_core.environment:create_environment_scripts_only(my_robot_bringup)
[4.225s] Level 1:colcon.colcon_core.environment:checking '/home/vincent-pc/ros2_jazzy/install/my_robot_bringup' for CMake module files
[4.226s] Level 1:colcon.colcon_core.environment:checking '/home/vincent-pc/ros2_jazzy/install/my_robot_bringup' for CMake config files
[4.226s] Level 1:colcon.colcon_core.shell:create_environment_hook('my_robot_bringup', 'cmake_prefix_path')
[4.227s] INFO:colcon.colcon_core.shell:Creating environment hook '/home/vincent-pc/ros2_jazzy/install/my_robot_bringup/share/my_robot_bringup/hook/cmake_prefix_path.ps1'
[4.227s] INFO:colcon.colcon_core.shell:Creating environment descriptor '/home/vincent-pc/ros2_jazzy/install/my_robot_bringup/share/my_robot_bringup/hook/cmake_prefix_path.dsv'
[4.228s] INFO:colcon.colcon_core.shell:Creating environment hook '/home/vincent-pc/ros2_jazzy/install/my_robot_bringup/share/my_robot_bringup/hook/cmake_prefix_path.sh'
[4.229s] Level 1:colcon.colcon_core.environment:checking '/home/vincent-pc/ros2_jazzy/install/my_robot_bringup/bin'
[4.229s] Level 1:colcon.colcon_core.environment:checking '/home/vincent-pc/ros2_jazzy/install/my_robot_bringup/lib/pkgconfig/my_robot_bringup.pc'
[4.229s] Level 1:colcon.colcon_core.environment:checking '/home/vincent-pc/ros2_jazzy/install/my_robot_bringup/lib/python3.12/site-packages'
[4.230s] Level 1:colcon.colcon_core.environment:checking '/home/vincent-pc/ros2_jazzy/install/my_robot_bringup/bin'
[4.230s] INFO:colcon.colcon_core.shell:Creating package script '/home/vincent-pc/ros2_jazzy/install/my_robot_bringup/share/my_robot_bringup/package.ps1'
[4.231s] INFO:colcon.colcon_core.shell:Creating package descriptor '/home/vincent-pc/ros2_jazzy/install/my_robot_bringup/share/my_robot_bringup/package.dsv'
[4.232s] INFO:colcon.colcon_core.shell:Creating package script '/home/vincent-pc/ros2_jazzy/install/my_robot_bringup/share/my_robot_bringup/package.sh'
[4.233s] INFO:colcon.colcon_core.shell:Creating package script '/home/vincent-pc/ros2_jazzy/install/my_robot_bringup/share/my_robot_bringup/package.bash'
[4.233s] INFO:colcon.colcon_core.shell:Creating package script '/home/vincent-pc/ros2_jazzy/install/my_robot_bringup/share/my_robot_bringup/package.zsh'
[4.234s] Level 1:colcon.colcon_core.environment:create_file_with_runtime_dependencies(/home/vincent-pc/ros2_jazzy/install/my_robot_bringup/share/colcon-core/packages/my_robot_bringup)
[4.326s] Level 1:colcon.colcon_core.environment:checking '/home/vincent-pc/ros2_jazzy/install/actions_py' for CMake module files
[4.327s] DEBUG:colcon.colcon_core.event_handler.log_command:Invoked command in '/home/vincent-pc/ros2_jazzy/src/actions_py' returned '0': CMAKE_PREFIX_PATH=/home/vincent-pc/ros2_jazzy/install/my_robot_interfaces:/home/vincent-pc/ros2_jazzy/install/robot_cpp:/home/vincent-pc/ros2_jazzy/install/my_robot_cpp:/home/vincent-pc/ros2_jazzy/install/my_robot_bringup:/home/vincent-pc/ros2_jazzy/install/lifecycle_cpp:/home/vincent-pc/ros2_jazzy/install/final_project:/home/vincent-pc/ros2_jazzy/install/executors_cpp:/home/vincent-pc/ros2_jazzy/install/components_cpp:/home/vincent-pc/ros2_jazzy/install/actions_cpp:/home/vincent-pc/ros2_jazzy/install/my_robot_description:/opt/ros/jazzy/opt/gz_sim_vendor:/opt/ros/jazzy/opt/gz_sensors_vendor:/opt/ros/jazzy/opt/gz_physics_vendor:/opt/ros/jazzy/opt/sdformat_vendor:/opt/ros/jazzy/opt/gz_gui_vendor:/opt/ros/jazzy/opt/gz_transport_vendor:/opt/ros/jazzy/opt/gz_rendering_vendor:/opt/ros/jazzy/opt/gz_plugin_vendor:/opt/ros/jazzy/opt/gz_fuel_tools_vendor:/opt/ros/jazzy/opt/gz_msgs_vendor:/opt/ros/jazzy/opt/gz_common_vendor:/opt/ros/jazzy/opt/gz_math_vendor:/opt/ros/jazzy/opt/gz_utils_vendor:/opt/ros/jazzy/opt/gz_tools_vendor:/opt/ros/jazzy/opt/gz_ogre_next_vendor:/opt/ros/jazzy/opt/gz_dartsim_vendor:/opt/ros/jazzy/opt/gz_cmake_vendor DEBUGINFOD_URLS=https://debuginfod.ubuntu.com LD_LIBRARY_PATH=/home/vincent-pc/ros2_jazzy/install/my_robot_interfaces/lib:/home/vincent-pc/ros2_jazzy/install/components_cpp/lib:/opt/ros/jazzy/opt/gz_sim_vendor/lib:/opt/ros/jazzy/opt/gz_sensors_vendor/lib:/opt/ros/jazzy/opt/gz_physics_vendor/lib:/opt/ros/jazzy/opt/sdformat_vendor/lib:/opt/ros/jazzy/opt/rviz_ogre_vendor/lib:/opt/ros/jazzy/lib/x86_64-linux-gnu:/opt/ros/jazzy/opt/gz_gui_vendor/lib:/opt/ros/jazzy/opt/gz_transport_vendor/lib:/opt/ros/jazzy/opt/gz_rendering_vendor/lib:/opt/ros/jazzy/opt/gz_plugin_vendor/lib:/opt/ros/jazzy/opt/gz_fuel_tools_vendor/lib:/opt/ros/jazzy/opt/gz_msgs_vendor/lib:/opt/ros/jazzy/opt/gz_common_vendor/lib:/opt/ros/jazzy/opt/gz_math_vendor/lib:/opt/ros/jazzy/opt/gz_utils_vendor/lib:/opt/ros/jazzy/opt/gz_tools_vendor/lib:/opt/ros/jazzy/opt/gz_ogre_next_vendor/lib:/opt/ros/jazzy/opt/gz_dartsim_vendor/lib:/opt/ros/jazzy/opt/gz_cmake_vendor/lib:/opt/ros/jazzy/lib PYTHONPATH=/home/vincent-pc/ros2_jazzy/build/actions_py/prefix_override:/usr/lib/python3/dist-packages/colcon_core/task/python/colcon_distutils_commands:/home/vincent-pc/ros2_jazzy/install/actions_py/lib/python3.12/site-packages:/home/vincent-pc/ros2_jazzy/install/my_robot_interfaces/lib/python3.12/site-packages:/home/vincent-pc/ros2_jazzy/install/robot_py/lib/python3.12/site-packages:/home/vincent-pc/ros2_jazzy/install/my_robot_python/lib/python3.12/site-packages:/home/vincent-pc/ros2_jazzy/install/lifecycle_py/lib/python3.12/site-packages:/home/vincent-pc/ros2_jazzy/install/executors_py/lib/python3.12/site-packages:/home/vincent-pc/ros2_jazzy/install/components_py/lib/python3.12/site-packages:/home/vincent-pc/ros2_jazzy/install/actions_py/lib/python3.12/site-packages:/opt/ros/jazzy/lib/python3.12/site-packages /usr/bin/python3 -W ignore:setup.py install is deprecated -W ignore:easy_install command is deprecated setup.py egg_info --egg-base ../../build/actions_py build --build-base /home/vincent-pc/ros2_jazzy/build/actions_py/build install --record /home/vincent-pc/ros2_jazzy/build/actions_py/install.log --single-version-externally-managed install_data
[4.327s] Level 1:colcon.colcon_core.environment:checking '/home/vincent-pc/ros2_jazzy/install/actions_py' for CMake config files
[4.328s] Level 1:colcon.colcon_core.environment:checking '/home/vincent-pc/ros2_jazzy/install/actions_py/lib'
[4.328s] Level 1:colcon.colcon_core.environment:checking '/home/vincent-pc/ros2_jazzy/install/actions_py/bin'
[4.328s] Level 1:colcon.colcon_core.environment:checking '/home/vincent-pc/ros2_jazzy/install/actions_py/lib/pkgconfig/actions_py.pc'
[4.329s] Level 1:colcon.colcon_core.environment:checking '/home/vincent-pc/ros2_jazzy/install/actions_py/lib/python3.12/site-packages'
[4.329s] Level 1:colcon.colcon_core.shell:create_environment_hook('actions_py', 'pythonpath')
[4.329s] INFO:colcon.colcon_core.shell:Creating environment hook '/home/vincent-pc/ros2_jazzy/install/actions_py/share/actions_py/hook/pythonpath.ps1'
[4.330s] INFO:colcon.colcon_core.shell:Creating environment descriptor '/home/vincent-pc/ros2_jazzy/install/actions_py/share/actions_py/hook/pythonpath.dsv'
[4.330s] INFO:colcon.colcon_core.shell:Creating environment hook '/home/vincent-pc/ros2_jazzy/install/actions_py/share/actions_py/hook/pythonpath.sh'
[4.331s] Level 1:colcon.colcon_core.environment:checking '/home/vincent-pc/ros2_jazzy/install/actions_py/bin'
[4.331s] Level 1:colcon.colcon_core.environment:create_environment_scripts_only(actions_py)
[4.332s] INFO:colcon.colcon_core.shell:Creating package script '/home/vincent-pc/ros2_jazzy/install/actions_py/share/actions_py/package.ps1'
[4.332s] INFO:colcon.colcon_core.shell:Creating package descriptor '/home/vincent-pc/ros2_jazzy/install/actions_py/share/actions_py/package.dsv'
[4.333s] INFO:colcon.colcon_core.shell:Creating package script '/home/vincent-pc/ros2_jazzy/install/actions_py/share/actions_py/package.sh'
[4.333s] INFO:colcon.colcon_core.shell:Creating package script '/home/vincent-pc/ros2_jazzy/install/actions_py/share/actions_py/package.bash'
[4.334s] INFO:colcon.colcon_core.shell:Creating package script '/home/vincent-pc/ros2_jazzy/install/actions_py/share/actions_py/package.zsh'
[4.334s] Level 1:colcon.colcon_core.environment:create_file_with_runtime_dependencies(/home/vincent-pc/ros2_jazzy/install/actions_py/share/colcon-core/packages/actions_py)
[4.346s] Level 1:colcon.colcon_core.environment:checking '/home/vincent-pc/ros2_jazzy/install/components_py' for CMake module files
[4.346s] DEBUG:colcon.colcon_core.event_handler.log_command:Invoked command in '/home/vincent-pc/ros2_jazzy/src/components_py' returned '0': CMAKE_PREFIX_PATH=/home/vincent-pc/ros2_jazzy/install/my_robot_interfaces:/home/vincent-pc/ros2_jazzy/install/robot_cpp:/home/vincent-pc/ros2_jazzy/install/my_robot_cpp:/home/vincent-pc/ros2_jazzy/install/my_robot_bringup:/home/vincent-pc/ros2_jazzy/install/lifecycle_cpp:/home/vincent-pc/ros2_jazzy/install/final_project:/home/vincent-pc/ros2_jazzy/install/executors_cpp:/home/vincent-pc/ros2_jazzy/install/components_cpp:/home/vincent-pc/ros2_jazzy/install/actions_cpp:/home/vincent-pc/ros2_jazzy/install/my_robot_description:/opt/ros/jazzy/opt/gz_sim_vendor:/opt/ros/jazzy/opt/gz_sensors_vendor:/opt/ros/jazzy/opt/gz_physics_vendor:/opt/ros/jazzy/opt/sdformat_vendor:/opt/ros/jazzy/opt/gz_gui_vendor:/opt/ros/jazzy/opt/gz_transport_vendor:/opt/ros/jazzy/opt/gz_rendering_vendor:/opt/ros/jazzy/opt/gz_plugin_vendor:/opt/ros/jazzy/opt/gz_fuel_tools_vendor:/opt/ros/jazzy/opt/gz_msgs_vendor:/opt/ros/jazzy/opt/gz_common_vendor:/opt/ros/jazzy/opt/gz_math_vendor:/opt/ros/jazzy/opt/gz_utils_vendor:/opt/ros/jazzy/opt/gz_tools_vendor:/opt/ros/jazzy/opt/gz_ogre_next_vendor:/opt/ros/jazzy/opt/gz_dartsim_vendor:/opt/ros/jazzy/opt/gz_cmake_vendor DEBUGINFOD_URLS=https://debuginfod.ubuntu.com LD_LIBRARY_PATH=/home/vincent-pc/ros2_jazzy/install/my_robot_interfaces/lib:/home/vincent-pc/ros2_jazzy/install/components_cpp/lib:/opt/ros/jazzy/opt/gz_sim_vendor/lib:/opt/ros/jazzy/opt/gz_sensors_vendor/lib:/opt/ros/jazzy/opt/gz_physics_vendor/lib:/opt/ros/jazzy/opt/sdformat_vendor/lib:/opt/ros/jazzy/opt/rviz_ogre_vendor/lib:/opt/ros/jazzy/lib/x86_64-linux-gnu:/opt/ros/jazzy/opt/gz_gui_vendor/lib:/opt/ros/jazzy/opt/gz_transport_vendor/lib:/opt/ros/jazzy/opt/gz_rendering_vendor/lib:/opt/ros/jazzy/opt/gz_plugin_vendor/lib:/opt/ros/jazzy/opt/gz_fuel_tools_vendor/lib:/opt/ros/jazzy/opt/gz_msgs_vendor/lib:/opt/ros/jazzy/opt/gz_common_vendor/lib:/opt/ros/jazzy/opt/gz_math_vendor/lib:/opt/ros/jazzy/opt/gz_utils_vendor/lib:/opt/ros/jazzy/opt/gz_tools_vendor/lib:/opt/ros/jazzy/opt/gz_ogre_next_vendor/lib:/opt/ros/jazzy/opt/gz_dartsim_vendor/lib:/opt/ros/jazzy/opt/gz_cmake_vendor/lib:/opt/ros/jazzy/lib PYTHONPATH=/home/vincent-pc/ros2_jazzy/build/components_py/prefix_override:/usr/lib/python3/dist-packages/colcon_core/task/python/colcon_distutils_commands:/home/vincent-pc/ros2_jazzy/install/components_py/lib/python3.12/site-packages:/home/vincent-pc/ros2_jazzy/install/my_robot_interfaces/lib/python3.12/site-packages:/home/vincent-pc/ros2_jazzy/install/robot_py/lib/python3.12/site-packages:/home/vincent-pc/ros2_jazzy/install/my_robot_python/lib/python3.12/site-packages:/home/vincent-pc/ros2_jazzy/install/lifecycle_py/lib/python3.12/site-packages:/home/vincent-pc/ros2_jazzy/install/executors_py/lib/python3.12/site-packages:/home/vincent-pc/ros2_jazzy/install/components_py/lib/python3.12/site-packages:/home/vincent-pc/ros2_jazzy/install/actions_py/lib/python3.12/site-packages:/opt/ros/jazzy/lib/python3.12/site-packages /usr/bin/python3 -W ignore:setup.py install is deprecated -W ignore:easy_install command is deprecated setup.py egg_info --egg-base ../../build/components_py build --build-base /home/vincent-pc/ros2_jazzy/build/components_py/build install --record /home/vincent-pc/ros2_jazzy/build/components_py/install.log --single-version-externally-managed install_data
[4.347s] Level 1:colcon.colcon_core.environment:checking '/home/vincent-pc/ros2_jazzy/install/components_py' for CMake config files
[4.347s] Level 1:colcon.colcon_core.environment:checking '/home/vincent-pc/ros2_jazzy/install/components_py/lib'
[4.347s] Level 1:colcon.colcon_core.environment:checking '/home/vincent-pc/ros2_jazzy/install/components_py/bin'
[4.347s] Level 1:colcon.colcon_core.environment:checking '/home/vincent-pc/ros2_jazzy/install/components_py/lib/pkgconfig/components_py.pc'
[4.348s] Level 1:colcon.colcon_core.environment:checking '/home/vincent-pc/ros2_jazzy/install/components_py/lib/python3.12/site-packages'
[4.348s] Level 1:colcon.colcon_core.shell:create_environment_hook('components_py', 'pythonpath')
[4.348s] INFO:colcon.colcon_core.shell:Creating environment hook '/home/vincent-pc/ros2_jazzy/install/components_py/share/components_py/hook/pythonpath.ps1'
[4.349s] INFO:colcon.colcon_core.shell:Creating environment descriptor '/home/vincent-pc/ros2_jazzy/install/components_py/share/components_py/hook/pythonpath.dsv'
[4.349s] INFO:colcon.colcon_core.shell:Creating environment hook '/home/vincent-pc/ros2_jazzy/install/components_py/share/components_py/hook/pythonpath.sh'
[4.350s] Level 1:colcon.colcon_core.environment:checking '/home/vincent-pc/ros2_jazzy/install/components_py/bin'
[4.350s] Level 1:colcon.colcon_core.environment:create_environment_scripts_only(components_py)
[4.350s] INFO:colcon.colcon_core.shell:Creating package script '/home/vincent-pc/ros2_jazzy/install/components_py/share/components_py/package.ps1'
[4.350s] INFO:colcon.colcon_core.shell:Creating package descriptor '/home/vincent-pc/ros2_jazzy/install/components_py/share/components_py/package.dsv'
[4.351s] INFO:colcon.colcon_core.shell:Creating package script '/home/vincent-pc/ros2_jazzy/install/components_py/share/components_py/package.sh'
[4.351s] INFO:colcon.colcon_core.shell:Creating package script '/home/vincent-pc/ros2_jazzy/install/components_py/share/components_py/package.bash'
[4.352s] INFO:colcon.colcon_core.shell:Creating package script '/home/vincent-pc/ros2_jazzy/install/components_py/share/components_py/package.zsh'
[4.352s] Level 1:colcon.colcon_core.environment:create_file_with_runtime_dependencies(/home/vincent-pc/ros2_jazzy/install/components_py/share/colcon-core/packages/components_py)
[4.411s] Level 1:colcon.colcon_core.environment:checking '/home/vincent-pc/ros2_jazzy/install/executors_py' for CMake module files
[4.412s] DEBUG:colcon.colcon_core.event_handler.log_command:Invoked command in '/home/vincent-pc/ros2_jazzy/src/executors_py' returned '0': CMAKE_PREFIX_PATH=/home/vincent-pc/ros2_jazzy/install/my_robot_interfaces:/home/vincent-pc/ros2_jazzy/install/robot_cpp:/home/vincent-pc/ros2_jazzy/install/my_robot_cpp:/home/vincent-pc/ros2_jazzy/install/my_robot_bringup:/home/vincent-pc/ros2_jazzy/install/lifecycle_cpp:/home/vincent-pc/ros2_jazzy/install/final_project:/home/vincent-pc/ros2_jazzy/install/executors_cpp:/home/vincent-pc/ros2_jazzy/install/components_cpp:/home/vincent-pc/ros2_jazzy/install/actions_cpp:/home/vincent-pc/ros2_jazzy/install/my_robot_description:/opt/ros/jazzy/opt/gz_sim_vendor:/opt/ros/jazzy/opt/gz_sensors_vendor:/opt/ros/jazzy/opt/gz_physics_vendor:/opt/ros/jazzy/opt/sdformat_vendor:/opt/ros/jazzy/opt/gz_gui_vendor:/opt/ros/jazzy/opt/gz_transport_vendor:/opt/ros/jazzy/opt/gz_rendering_vendor:/opt/ros/jazzy/opt/gz_plugin_vendor:/opt/ros/jazzy/opt/gz_fuel_tools_vendor:/opt/ros/jazzy/opt/gz_msgs_vendor:/opt/ros/jazzy/opt/gz_common_vendor:/opt/ros/jazzy/opt/gz_math_vendor:/opt/ros/jazzy/opt/gz_utils_vendor:/opt/ros/jazzy/opt/gz_tools_vendor:/opt/ros/jazzy/opt/gz_ogre_next_vendor:/opt/ros/jazzy/opt/gz_dartsim_vendor:/opt/ros/jazzy/opt/gz_cmake_vendor DEBUGINFOD_URLS=https://debuginfod.ubuntu.com LD_LIBRARY_PATH=/home/vincent-pc/ros2_jazzy/install/my_robot_interfaces/lib:/home/vincent-pc/ros2_jazzy/install/components_cpp/lib:/opt/ros/jazzy/opt/gz_sim_vendor/lib:/opt/ros/jazzy/opt/gz_sensors_vendor/lib:/opt/ros/jazzy/opt/gz_physics_vendor/lib:/opt/ros/jazzy/opt/sdformat_vendor/lib:/opt/ros/jazzy/opt/rviz_ogre_vendor/lib:/opt/ros/jazzy/lib/x86_64-linux-gnu:/opt/ros/jazzy/opt/gz_gui_vendor/lib:/opt/ros/jazzy/opt/gz_transport_vendor/lib:/opt/ros/jazzy/opt/gz_rendering_vendor/lib:/opt/ros/jazzy/opt/gz_plugin_vendor/lib:/opt/ros/jazzy/opt/gz_fuel_tools_vendor/lib:/opt/ros/jazzy/opt/gz_msgs_vendor/lib:/opt/ros/jazzy/opt/gz_common_vendor/lib:/opt/ros/jazzy/opt/gz_math_vendor/lib:/opt/ros/jazzy/opt/gz_utils_vendor/lib:/opt/ros/jazzy/opt/gz_tools_vendor/lib:/opt/ros/jazzy/opt/gz_ogre_next_vendor/lib:/opt/ros/jazzy/opt/gz_dartsim_vendor/lib:/opt/ros/jazzy/opt/gz_cmake_vendor/lib:/opt/ros/jazzy/lib PYTHONPATH=/home/vincent-pc/ros2_jazzy/build/executors_py/prefix_override:/usr/lib/python3/dist-packages/colcon_core/task/python/colcon_distutils_commands:/home/vincent-pc/ros2_jazzy/install/executors_py/lib/python3.12/site-packages:/home/vincent-pc/ros2_jazzy/install/my_robot_interfaces/lib/python3.12/site-packages:/home/vincent-pc/ros2_jazzy/install/robot_py/lib/python3.12/site-packages:/home/vincent-pc/ros2_jazzy/install/my_robot_python/lib/python3.12/site-packages:/home/vincent-pc/ros2_jazzy/install/lifecycle_py/lib/python3.12/site-packages:/home/vincent-pc/ros2_jazzy/install/executors_py/lib/python3.12/site-packages:/home/vincent-pc/ros2_jazzy/install/components_py/lib/python3.12/site-packages:/home/vincent-pc/ros2_jazzy/install/actions_py/lib/python3.12/site-packages:/opt/ros/jazzy/lib/python3.12/site-packages /usr/bin/python3 -W ignore:setup.py install is deprecated -W ignore:easy_install command is deprecated setup.py egg_info --egg-base ../../build/executors_py build --build-base /home/vincent-pc/ros2_jazzy/build/executors_py/build install --record /home/vincent-pc/ros2_jazzy/build/executors_py/install.log --single-version-externally-managed install_data
[4.412s] Level 1:colcon.colcon_core.environment:checking '/home/vincent-pc/ros2_jazzy/install/executors_py' for CMake config files
[4.413s] Level 1:colcon.colcon_core.environment:checking '/home/vincent-pc/ros2_jazzy/install/executors_py/lib'
[4.413s] Level 1:colcon.colcon_core.environment:checking '/home/vincent-pc/ros2_jazzy/install/executors_py/bin'
[4.413s] Level 1:colcon.colcon_core.environment:checking '/home/vincent-pc/ros2_jazzy/install/executors_py/lib/pkgconfig/executors_py.pc'
[4.413s] Level 1:colcon.colcon_core.environment:checking '/home/vincent-pc/ros2_jazzy/install/executors_py/lib/python3.12/site-packages'
[4.413s] Level 1:colcon.colcon_core.shell:create_environment_hook('executors_py', 'pythonpath')
[4.413s] INFO:colcon.colcon_core.shell:Creating environment hook '/home/vincent-pc/ros2_jazzy/install/executors_py/share/executors_py/hook/pythonpath.ps1'
[4.414s] INFO:colcon.colcon_core.shell:Creating environment descriptor '/home/vincent-pc/ros2_jazzy/install/executors_py/share/executors_py/hook/pythonpath.dsv'
[4.415s] INFO:colcon.colcon_core.shell:Creating environment hook '/home/vincent-pc/ros2_jazzy/install/executors_py/share/executors_py/hook/pythonpath.sh'
[4.416s] Level 1:colcon.colcon_core.environment:checking '/home/vincent-pc/ros2_jazzy/install/executors_py/bin'
[4.416s] Level 1:colcon.colcon_core.environment:create_environment_scripts_only(executors_py)
[4.416s] INFO:colcon.colcon_core.shell:Creating package script '/home/vincent-pc/ros2_jazzy/install/executors_py/share/executors_py/package.ps1'
[4.417s] INFO:colcon.colcon_core.shell:Creating package descriptor '/home/vincent-pc/ros2_jazzy/install/executors_py/share/executors_py/package.dsv'
[4.417s] INFO:colcon.colcon_core.shell:Creating package script '/home/vincent-pc/ros2_jazzy/install/executors_py/share/executors_py/package.sh'
[4.418s] INFO:colcon.colcon_core.shell:Creating package script '/home/vincent-pc/ros2_jazzy/install/executors_py/share/executors_py/package.bash'
[4.418s] INFO:colcon.colcon_core.shell:Creating package script '/home/vincent-pc/ros2_jazzy/install/executors_py/share/executors_py/package.zsh'
[4.418s] Level 1:colcon.colcon_core.environment:create_file_with_runtime_dependencies(/home/vincent-pc/ros2_jazzy/install/executors_py/share/colcon-core/packages/executors_py)
[4.419s] DEBUG:colcon.colcon_parallel_executor.executor.parallel:closing loop
[4.419s] DEBUG:colcon.colcon_parallel_executor.executor.parallel:loop closed
[4.419s] DEBUG:colcon.colcon_parallel_executor.executor.parallel:run_until_complete finished with '0'
[4.420s] DEBUG:colcon.colcon_core.event_reactor:joining thread
[4.425s] INFO:colcon.colcon_core.plugin_system:Skipping extension 'colcon_notification.desktop_notification.terminal_notifier': Not used on non-Darwin systems
[4.426s] INFO:colcon.colcon_core.plugin_system:Skipping extension 'colcon_notification.desktop_notification.win32': Not used on non-Windows systems
[4.426s] INFO:colcon.colcon_notification.desktop_notification:Sending desktop notification using 'notify2'
[4.440s] DEBUG:colcon.colcon_core.event_reactor:joined thread
[4.440s] INFO:colcon.colcon_core.shell:Creating prefix script '/home/vincent-pc/ros2_jazzy/install/local_setup.ps1'
[4.442s] INFO:colcon.colcon_core.shell:Creating prefix util module '/home/vincent-pc/ros2_jazzy/install/_local_setup_util_ps1.py'
[4.444s] INFO:colcon.colcon_core.shell:Creating prefix chain script '/home/vincent-pc/ros2_jazzy/install/setup.ps1'
[4.446s] INFO:colcon.colcon_core.shell:Creating prefix script '/home/vincent-pc/ros2_jazzy/install/local_setup.sh'
[4.447s] INFO:colcon.colcon_core.shell:Creating prefix util module '/home/vincent-pc/ros2_jazzy/install/_local_setup_util_sh.py'
[4.448s] INFO:colcon.colcon_core.shell:Creating prefix chain script '/home/vincent-pc/ros2_jazzy/install/setup.sh'
[4.450s] INFO:colcon.colcon_core.shell:Creating prefix script '/home/vincent-pc/ros2_jazzy/install/local_setup.bash'
[4.451s] INFO:colcon.colcon_core.shell:Creating prefix chain script '/home/vincent-pc/ros2_jazzy/install/setup.bash'
[4.453s] INFO:colcon.colcon_core.shell:Creating prefix script '/home/vincent-pc/ros2_jazzy/install/local_setup.zsh'
[4.453s] INFO:colcon.colcon_core.shell:Creating prefix chain script '/home/vincent-pc/ros2_jazzy/install/setup.zsh'
