[0.139s] DEBUG:colcon:Command line arguments: ['/usr/bin/colcon', 'build', '--symlink-install']
[0.139s] DEBUG:colcon:Parsed command line arguments: Namespace(log_base=None, log_level=None, verb_name='build', build_base='build', install_base='install', merge_install=False, symlink_install=True, test_result_base=None, continue_on_error=False, executor='parallel', parallel_workers=8, event_handlers=None, ignore_user_meta=False, metas=['./colcon.meta'], base_paths=['.'], packages_ignore=None, packages_ignore_regex=None, paths=None, packages_up_to=None, packages_up_to_regex=None, packages_above=None, packages_above_and_dependencies=None, packages_above_depth=None, packages_select_by_dep=None, packages_skip_by_dep=None, packages_skip_up_to=None, packages_select_build_failed=False, packages_skip_build_finished=False, packages_select_test_failures=False, packages_skip_test_passed=False, packages_select=None, packages_skip=None, packages_select_regex=None, packages_skip_regex=None, packages_start=None, packages_end=None, allow_overriding=[], cmake_args=None, cmake_target=None, cmake_target_skip_unavailable=False, cmake_clean_cache=False, cmake_clean_first=False, cmake_force_configure=False, ament_cmake_args=None, catkin_cmake_args=None, catkin_skip_building_tests=False, mixin_files=None, mixin=None, verb_parser=<colcon_mixin.mixin.mixin_argument.MixinArgumentDecorator object at 0x77e7e6ea4f20>, verb_extension=<colcon_core.verb.build.BuildVerb object at 0x77e7e6fd4bf0>, main=<bound method BuildVerb.main of <colcon_core.verb.build.BuildVerb object at 0x77e7e6fd4bf0>>, mixin_verb=('build',))
[0.188s] Level 1:colcon.colcon_core.package_discovery:discover_packages(colcon_meta) check parameters
[0.188s] Level 1:colcon.colcon_core.package_discovery:discover_packages(recursive) check parameters
[0.188s] Level 1:colcon.colcon_core.package_discovery:discover_packages(ignore) check parameters
[0.188s] Level 1:colcon.colcon_core.package_discovery:discover_packages(path) check parameters
[0.188s] Level 1:colcon.colcon_core.package_discovery:discover_packages(colcon_meta) discover
[0.188s] Level 1:colcon.colcon_core.package_discovery:discover_packages(recursive) discover
[0.188s] INFO:colcon.colcon_core.package_discovery:Crawling recursively for packages in '/home/vincent-pc/ros2_jazzy/src'
[0.188s] Level 1:colcon.colcon_core.package_identification:_identify(.) by extensions ['ignore', 'ignore_ament_install']
[0.188s] Level 1:colcon.colcon_core.package_identification:_identify(.) by extension 'ignore'
[0.188s] Level 1:colcon.colcon_core.package_identification:_identify(.) by extension 'ignore_ament_install'
[0.188s] Level 1:colcon.colcon_core.package_identification:_identify(.) by extensions ['colcon_pkg']
[0.188s] Level 1:colcon.colcon_core.package_identification:_identify(.) by extension 'colcon_pkg'
[0.188s] Level 1:colcon.colcon_core.package_identification:_identify(.) by extensions ['colcon_meta']
[0.188s] Level 1:colcon.colcon_core.package_identification:_identify(.) by extension 'colcon_meta'
[0.189s] Level 1:colcon.colcon_core.package_identification:_identify(.) by extensions ['ros']
[0.189s] Level 1:colcon.colcon_core.package_identification:_identify(.) by extension 'ros'
[0.216s] Level 1:colcon.colcon_core.package_identification:_identify(.) by extensions ['cmake', 'python']
[0.216s] Level 1:colcon.colcon_core.package_identification:_identify(.) by extension 'cmake'
[0.216s] Level 1:colcon.colcon_core.package_identification:_identify(.) by extension 'python'
[0.216s] Level 1:colcon.colcon_core.package_identification:_identify(.) by extensions ['python_setup_py']
[0.216s] Level 1:colcon.colcon_core.package_identification:_identify(.) by extension 'python_setup_py'
[0.216s] Level 1:colcon.colcon_core.package_identification:_identify(actions_cpp) by extensions ['ignore', 'ignore_ament_install']
[0.216s] Level 1:colcon.colcon_core.package_identification:_identify(actions_cpp) by extension 'ignore'
[0.216s] Level 1:colcon.colcon_core.package_identification:_identify(actions_cpp) by extension 'ignore_ament_install'
[0.216s] Level 1:colcon.colcon_core.package_identification:_identify(actions_cpp) by extensions ['colcon_pkg']
[0.216s] Level 1:colcon.colcon_core.package_identification:_identify(actions_cpp) by extension 'colcon_pkg'
[0.217s] Level 1:colcon.colcon_core.package_identification:_identify(actions_cpp) by extensions ['colcon_meta']
[0.217s] Level 1:colcon.colcon_core.package_identification:_identify(actions_cpp) by extension 'colcon_meta'
[0.217s] Level 1:colcon.colcon_core.package_identification:_identify(actions_cpp) by extensions ['ros']
[0.217s] Level 1:colcon.colcon_core.package_identification:_identify(actions_cpp) by extension 'ros'
[0.220s] DEBUG:colcon.colcon_core.package_identification:Package 'actions_cpp' with type 'ros.ament_cmake' and name 'actions_cpp'
[0.220s] Level 1:colcon.colcon_core.package_identification:_identify(actions_py) by extensions ['ignore', 'ignore_ament_install']
[0.220s] Level 1:colcon.colcon_core.package_identification:_identify(actions_py) by extension 'ignore'
[0.220s] Level 1:colcon.colcon_core.package_identification:_identify(actions_py) by extension 'ignore_ament_install'
[0.220s] Level 1:colcon.colcon_core.package_identification:_identify(actions_py) by extensions ['colcon_pkg']
[0.220s] Level 1:colcon.colcon_core.package_identification:_identify(actions_py) by extension 'colcon_pkg'
[0.220s] Level 1:colcon.colcon_core.package_identification:_identify(actions_py) by extensions ['colcon_meta']
[0.220s] Level 1:colcon.colcon_core.package_identification:_identify(actions_py) by extension 'colcon_meta'
[0.220s] Level 1:colcon.colcon_core.package_identification:_identify(actions_py) by extensions ['ros']
[0.220s] Level 1:colcon.colcon_core.package_identification:_identify(actions_py) by extension 'ros'
[0.221s] DEBUG:colcon.colcon_core.package_identification:Package 'actions_py' with type 'ros.ament_python' and name 'actions_py'
[0.221s] Level 1:colcon.colcon_core.package_identification:_identify(build) by extensions ['ignore', 'ignore_ament_install']
[0.221s] Level 1:colcon.colcon_core.package_identification:_identify(build) by extension 'ignore'
[0.221s] Level 1:colcon.colcon_core.package_identification:_identify(build) ignored
[0.222s] Level 1:colcon.colcon_core.package_identification:_identify(install) by extensions ['ignore', 'ignore_ament_install']
[0.222s] Level 1:colcon.colcon_core.package_identification:_identify(install) by extension 'ignore'
[0.222s] Level 1:colcon.colcon_core.package_identification:_identify(install) ignored
[0.222s] Level 1:colcon.colcon_core.package_identification:_identify(lifecycle_cpp) by extensions ['ignore', 'ignore_ament_install']
[0.222s] Level 1:colcon.colcon_core.package_identification:_identify(lifecycle_cpp) by extension 'ignore'
[0.222s] Level 1:colcon.colcon_core.package_identification:_identify(lifecycle_cpp) by extension 'ignore_ament_install'
[0.222s] Level 1:colcon.colcon_core.package_identification:_identify(lifecycle_cpp) by extensions ['colcon_pkg']
[0.222s] Level 1:colcon.colcon_core.package_identification:_identify(lifecycle_cpp) by extension 'colcon_pkg'
[0.222s] Level 1:colcon.colcon_core.package_identification:_identify(lifecycle_cpp) by extensions ['colcon_meta']
[0.222s] Level 1:colcon.colcon_core.package_identification:_identify(lifecycle_cpp) by extension 'colcon_meta'
[0.222s] Level 1:colcon.colcon_core.package_identification:_identify(lifecycle_cpp) by extensions ['ros']
[0.222s] Level 1:colcon.colcon_core.package_identification:_identify(lifecycle_cpp) by extension 'ros'
[0.223s] DEBUG:colcon.colcon_core.package_identification:Package 'lifecycle_cpp' with type 'ros.ament_cmake' and name 'lifecycle_cpp'
[0.223s] Level 1:colcon.colcon_core.package_identification:_identify(lifecycle_py) by extensions ['ignore', 'ignore_ament_install']
[0.223s] Level 1:colcon.colcon_core.package_identification:_identify(lifecycle_py) by extension 'ignore'
[0.223s] Level 1:colcon.colcon_core.package_identification:_identify(lifecycle_py) by extension 'ignore_ament_install'
[0.223s] Level 1:colcon.colcon_core.package_identification:_identify(lifecycle_py) by extensions ['colcon_pkg']
[0.223s] Level 1:colcon.colcon_core.package_identification:_identify(lifecycle_py) by extension 'colcon_pkg'
[0.223s] Level 1:colcon.colcon_core.package_identification:_identify(lifecycle_py) by extensions ['colcon_meta']
[0.223s] Level 1:colcon.colcon_core.package_identification:_identify(lifecycle_py) by extension 'colcon_meta'
[0.223s] Level 1:colcon.colcon_core.package_identification:_identify(lifecycle_py) by extensions ['ros']
[0.223s] Level 1:colcon.colcon_core.package_identification:_identify(lifecycle_py) by extension 'ros'
[0.224s] DEBUG:colcon.colcon_core.package_identification:Package 'lifecycle_py' with type 'ros.ament_python' and name 'lifecycle_py'
[0.224s] Level 1:colcon.colcon_core.package_identification:_identify(log) by extensions ['ignore', 'ignore_ament_install']
[0.224s] Level 1:colcon.colcon_core.package_identification:_identify(log) by extension 'ignore'
[0.224s] Level 1:colcon.colcon_core.package_identification:_identify(log) ignored
[0.224s] Level 1:colcon.colcon_core.package_identification:_identify(my_robot_bringup) by extensions ['ignore', 'ignore_ament_install']
[0.225s] Level 1:colcon.colcon_core.package_identification:_identify(my_robot_bringup) by extension 'ignore'
[0.225s] Level 1:colcon.colcon_core.package_identification:_identify(my_robot_bringup) by extension 'ignore_ament_install'
[0.225s] Level 1:colcon.colcon_core.package_identification:_identify(my_robot_bringup) by extensions ['colcon_pkg']
[0.225s] Level 1:colcon.colcon_core.package_identification:_identify(my_robot_bringup) by extension 'colcon_pkg'
[0.225s] Level 1:colcon.colcon_core.package_identification:_identify(my_robot_bringup) by extensions ['colcon_meta']
[0.225s] Level 1:colcon.colcon_core.package_identification:_identify(my_robot_bringup) by extension 'colcon_meta'
[0.225s] Level 1:colcon.colcon_core.package_identification:_identify(my_robot_bringup) by extensions ['ros']
[0.225s] Level 1:colcon.colcon_core.package_identification:_identify(my_robot_bringup) by extension 'ros'
[0.225s] DEBUG:colcon.colcon_core.package_identification:Package 'my_robot_bringup' with type 'ros.ament_cmake' and name 'my_robot_bringup'
[0.225s] Level 1:colcon.colcon_core.package_identification:_identify(my_robot_cpp) by extensions ['ignore', 'ignore_ament_install']
[0.226s] Level 1:colcon.colcon_core.package_identification:_identify(my_robot_cpp) by extension 'ignore'
[0.226s] Level 1:colcon.colcon_core.package_identification:_identify(my_robot_cpp) by extension 'ignore_ament_install'
[0.226s] Level 1:colcon.colcon_core.package_identification:_identify(my_robot_cpp) by extensions ['colcon_pkg']
[0.226s] Level 1:colcon.colcon_core.package_identification:_identify(my_robot_cpp) by extension 'colcon_pkg'
[0.226s] Level 1:colcon.colcon_core.package_identification:_identify(my_robot_cpp) by extensions ['colcon_meta']
[0.226s] Level 1:colcon.colcon_core.package_identification:_identify(my_robot_cpp) by extension 'colcon_meta'
[0.226s] Level 1:colcon.colcon_core.package_identification:_identify(my_robot_cpp) by extensions ['ros']
[0.226s] Level 1:colcon.colcon_core.package_identification:_identify(my_robot_cpp) by extension 'ros'
[0.227s] DEBUG:colcon.colcon_core.package_identification:Package 'my_robot_cpp' with type 'ros.ament_cmake' and name 'my_robot_cpp'
[0.227s] Level 1:colcon.colcon_core.package_identification:_identify(my_robot_description) by extensions ['ignore', 'ignore_ament_install']
[0.227s] Level 1:colcon.colcon_core.package_identification:_identify(my_robot_description) by extension 'ignore'
[0.227s] Level 1:colcon.colcon_core.package_identification:_identify(my_robot_description) by extension 'ignore_ament_install'
[0.227s] Level 1:colcon.colcon_core.package_identification:_identify(my_robot_description) by extensions ['colcon_pkg']
[0.227s] Level 1:colcon.colcon_core.package_identification:_identify(my_robot_description) by extension 'colcon_pkg'
[0.227s] Level 1:colcon.colcon_core.package_identification:_identify(my_robot_description) by extensions ['colcon_meta']
[0.227s] Level 1:colcon.colcon_core.package_identification:_identify(my_robot_description) by extension 'colcon_meta'
[0.227s] Level 1:colcon.colcon_core.package_identification:_identify(my_robot_description) by extensions ['ros']
[0.227s] Level 1:colcon.colcon_core.package_identification:_identify(my_robot_description) by extension 'ros'
[0.227s] DEBUG:colcon.colcon_core.package_identification:Package 'my_robot_description' with type 'ros.ament_cmake' and name 'my_robot_description'
[0.228s] Level 1:colcon.colcon_core.package_identification:_identify(my_robot_interfaces) by extensions ['ignore', 'ignore_ament_install']
[0.228s] Level 1:colcon.colcon_core.package_identification:_identify(my_robot_interfaces) by extension 'ignore'
[0.228s] Level 1:colcon.colcon_core.package_identification:_identify(my_robot_interfaces) by extension 'ignore_ament_install'
[0.228s] Level 1:colcon.colcon_core.package_identification:_identify(my_robot_interfaces) by extensions ['colcon_pkg']
[0.228s] Level 1:colcon.colcon_core.package_identification:_identify(my_robot_interfaces) by extension 'colcon_pkg'
[0.228s] Level 1:colcon.colcon_core.package_identification:_identify(my_robot_interfaces) by extensions ['colcon_meta']
[0.228s] Level 1:colcon.colcon_core.package_identification:_identify(my_robot_interfaces) by extension 'colcon_meta'
[0.228s] Level 1:colcon.colcon_core.package_identification:_identify(my_robot_interfaces) by extensions ['ros']
[0.228s] Level 1:colcon.colcon_core.package_identification:_identify(my_robot_interfaces) by extension 'ros'
[0.228s] DEBUG:colcon.colcon_core.package_identification:Package 'my_robot_interfaces' with type 'ros.ament_cmake' and name 'my_robot_interfaces'
[0.229s] Level 1:colcon.colcon_core.package_identification:_identify(my_robot_python) by extensions ['ignore', 'ignore_ament_install']
[0.229s] Level 1:colcon.colcon_core.package_identification:_identify(my_robot_python) by extension 'ignore'
[0.229s] Level 1:colcon.colcon_core.package_identification:_identify(my_robot_python) by extension 'ignore_ament_install'
[0.229s] Level 1:colcon.colcon_core.package_identification:_identify(my_robot_python) by extensions ['colcon_pkg']
[0.229s] Level 1:colcon.colcon_core.package_identification:_identify(my_robot_python) by extension 'colcon_pkg'
[0.229s] Level 1:colcon.colcon_core.package_identification:_identify(my_robot_python) by extensions ['colcon_meta']
[0.229s] Level 1:colcon.colcon_core.package_identification:_identify(my_robot_python) by extension 'colcon_meta'
[0.229s] Level 1:colcon.colcon_core.package_identification:_identify(my_robot_python) by extensions ['ros']
[0.229s] Level 1:colcon.colcon_core.package_identification:_identify(my_robot_python) by extension 'ros'
[0.230s] DEBUG:colcon.colcon_core.package_identification:Package 'my_robot_python' with type 'ros.ament_python' and name 'my_robot_python'
[0.230s] Level 1:colcon.colcon_core.package_discovery:discover_packages(recursive) using defaults
[0.230s] Level 1:colcon.colcon_core.package_discovery:discover_packages(ignore) discover
[0.230s] Level 1:colcon.colcon_core.package_discovery:discover_packages(ignore) using defaults
[0.230s] Level 1:colcon.colcon_core.package_discovery:discover_packages(path) discover
[0.230s] Level 1:colcon.colcon_core.package_discovery:discover_packages(path) using defaults
[0.252s] Level 1:colcon.colcon_core.package_discovery:discover_packages(prefix_path) check parameters
[0.252s] Level 1:colcon.colcon_core.package_discovery:discover_packages(prefix_path) discover
[0.254s] DEBUG:colcon.colcon_installed_package_information.package_discovery:Found 7 installed packages in /home/vincent-pc/ros2_jazzy/install
[0.256s] DEBUG:colcon.colcon_installed_package_information.package_discovery:Found 317 installed packages in /opt/ros/jazzy
[0.257s] Level 1:colcon.colcon_core.package_discovery:discover_packages(prefix_path) using defaults
[0.350s] Level 5:colcon.colcon_core.verb:set package 'my_robot_bringup' build argument 'cmake_args' from command line to 'None'
[0.350s] Level 5:colcon.colcon_core.verb:set package 'my_robot_bringup' build argument 'cmake_target' from command line to 'None'
[0.350s] Level 5:colcon.colcon_core.verb:set package 'my_robot_bringup' build argument 'cmake_target_skip_unavailable' from command line to 'False'
[0.350s] Level 5:colcon.colcon_core.verb:set package 'my_robot_bringup' build argument 'cmake_clean_cache' from command line to 'False'
[0.350s] Level 5:colcon.colcon_core.verb:set package 'my_robot_bringup' build argument 'cmake_clean_first' from command line to 'False'
[0.350s] Level 5:colcon.colcon_core.verb:set package 'my_robot_bringup' build argument 'cmake_force_configure' from command line to 'False'
[0.350s] Level 5:colcon.colcon_core.verb:set package 'my_robot_bringup' build argument 'ament_cmake_args' from command line to 'None'
[0.351s] Level 5:colcon.colcon_core.verb:set package 'my_robot_bringup' build argument 'catkin_cmake_args' from command line to 'None'
[0.351s] Level 5:colcon.colcon_core.verb:set package 'my_robot_bringup' build argument 'catkin_skip_building_tests' from command line to 'False'
[0.351s] DEBUG:colcon.colcon_core.verb:Building package 'my_robot_bringup' with the following arguments: {'ament_cmake_args': None, 'build_base': '/home/vincent-pc/ros2_jazzy/src/build/my_robot_bringup', 'catkin_cmake_args': None, 'catkin_skip_building_tests': False, 'cmake_args': None, 'cmake_clean_cache': False, 'cmake_clean_first': False, 'cmake_force_configure': False, 'cmake_target': None, 'cmake_target_skip_unavailable': False, 'install_base': '/home/vincent-pc/ros2_jazzy/src/install/my_robot_bringup', 'merge_install': False, 'path': '/home/vincent-pc/ros2_jazzy/src/my_robot_bringup', 'symlink_install': True, 'test_result_base': None}
[0.351s] Level 5:colcon.colcon_core.verb:set package 'my_robot_description' build argument 'cmake_args' from command line to 'None'
[0.351s] Level 5:colcon.colcon_core.verb:set package 'my_robot_description' build argument 'cmake_target' from command line to 'None'
[0.351s] Level 5:colcon.colcon_core.verb:set package 'my_robot_description' build argument 'cmake_target_skip_unavailable' from command line to 'False'
[0.351s] Level 5:colcon.colcon_core.verb:set package 'my_robot_description' build argument 'cmake_clean_cache' from command line to 'False'
[0.351s] Level 5:colcon.colcon_core.verb:set package 'my_robot_description' build argument 'cmake_clean_first' from command line to 'False'
[0.351s] Level 5:colcon.colcon_core.verb:set package 'my_robot_description' build argument 'cmake_force_configure' from command line to 'False'
[0.351s] Level 5:colcon.colcon_core.verb:set package 'my_robot_description' build argument 'ament_cmake_args' from command line to 'None'
[0.351s] Level 5:colcon.colcon_core.verb:set package 'my_robot_description' build argument 'catkin_cmake_args' from command line to 'None'
[0.351s] Level 5:colcon.colcon_core.verb:set package 'my_robot_description' build argument 'catkin_skip_building_tests' from command line to 'False'
[0.351s] DEBUG:colcon.colcon_core.verb:Building package 'my_robot_description' with the following arguments: {'ament_cmake_args': None, 'build_base': '/home/vincent-pc/ros2_jazzy/src/build/my_robot_description', 'catkin_cmake_args': None, 'catkin_skip_building_tests': False, 'cmake_args': None, 'cmake_clean_cache': False, 'cmake_clean_first': False, 'cmake_force_configure': False, 'cmake_target': None, 'cmake_target_skip_unavailable': False, 'install_base': '/home/vincent-pc/ros2_jazzy/src/install/my_robot_description', 'merge_install': False, 'path': '/home/vincent-pc/ros2_jazzy/src/my_robot_description', 'symlink_install': True, 'test_result_base': None}
[0.351s] Level 5:colcon.colcon_core.verb:set package 'my_robot_interfaces' build argument 'cmake_args' from command line to 'None'
[0.351s] Level 5:colcon.colcon_core.verb:set package 'my_robot_interfaces' build argument 'cmake_target' from command line to 'None'
[0.351s] Level 5:colcon.colcon_core.verb:set package 'my_robot_interfaces' build argument 'cmake_target_skip_unavailable' from command line to 'False'
[0.351s] Level 5:colcon.colcon_core.verb:set package 'my_robot_interfaces' build argument 'cmake_clean_cache' from command line to 'False'
[0.351s] Level 5:colcon.colcon_core.verb:set package 'my_robot_interfaces' build argument 'cmake_clean_first' from command line to 'False'
[0.351s] Level 5:colcon.colcon_core.verb:set package 'my_robot_interfaces' build argument 'cmake_force_configure' from command line to 'False'
[0.351s] Level 5:colcon.colcon_core.verb:set package 'my_robot_interfaces' build argument 'ament_cmake_args' from command line to 'None'
[0.351s] Level 5:colcon.colcon_core.verb:set package 'my_robot_interfaces' build argument 'catkin_cmake_args' from command line to 'None'
[0.351s] Level 5:colcon.colcon_core.verb:set package 'my_robot_interfaces' build argument 'catkin_skip_building_tests' from command line to 'False'
[0.351s] DEBUG:colcon.colcon_core.verb:Building package 'my_robot_interfaces' with the following arguments: {'ament_cmake_args': None, 'build_base': '/home/vincent-pc/ros2_jazzy/src/build/my_robot_interfaces', 'catkin_cmake_args': None, 'catkin_skip_building_tests': False, 'cmake_args': None, 'cmake_clean_cache': False, 'cmake_clean_first': False, 'cmake_force_configure': False, 'cmake_target': None, 'cmake_target_skip_unavailable': False, 'install_base': '/home/vincent-pc/ros2_jazzy/src/install/my_robot_interfaces', 'merge_install': False, 'path': '/home/vincent-pc/ros2_jazzy/src/my_robot_interfaces', 'symlink_install': True, 'test_result_base': None}
[0.352s] Level 5:colcon.colcon_core.verb:set package 'my_robot_python' build argument 'cmake_args' from command line to 'None'
[0.352s] Level 5:colcon.colcon_core.verb:set package 'my_robot_python' build argument 'cmake_target' from command line to 'None'
[0.352s] Level 5:colcon.colcon_core.verb:set package 'my_robot_python' build argument 'cmake_target_skip_unavailable' from command line to 'False'
[0.352s] Level 5:colcon.colcon_core.verb:set package 'my_robot_python' build argument 'cmake_clean_cache' from command line to 'False'
[0.352s] Level 5:colcon.colcon_core.verb:set package 'my_robot_python' build argument 'cmake_clean_first' from command line to 'False'
[0.352s] Level 5:colcon.colcon_core.verb:set package 'my_robot_python' build argument 'cmake_force_configure' from command line to 'False'
[0.352s] Level 5:colcon.colcon_core.verb:set package 'my_robot_python' build argument 'ament_cmake_args' from command line to 'None'
[0.352s] Level 5:colcon.colcon_core.verb:set package 'my_robot_python' build argument 'catkin_cmake_args' from command line to 'None'
[0.352s] Level 5:colcon.colcon_core.verb:set package 'my_robot_python' build argument 'catkin_skip_building_tests' from command line to 'False'
[0.352s] DEBUG:colcon.colcon_core.verb:Building package 'my_robot_python' with the following arguments: {'ament_cmake_args': None, 'build_base': '/home/vincent-pc/ros2_jazzy/src/build/my_robot_python', 'catkin_cmake_args': None, 'catkin_skip_building_tests': False, 'cmake_args': None, 'cmake_clean_cache': False, 'cmake_clean_first': False, 'cmake_force_configure': False, 'cmake_target': None, 'cmake_target_skip_unavailable': False, 'install_base': '/home/vincent-pc/ros2_jazzy/src/install/my_robot_python', 'merge_install': False, 'path': '/home/vincent-pc/ros2_jazzy/src/my_robot_python', 'symlink_install': True, 'test_result_base': None}
[0.352s] Level 5:colcon.colcon_core.verb:set package 'actions_cpp' build argument 'cmake_args' from command line to 'None'
[0.352s] Level 5:colcon.colcon_core.verb:set package 'actions_cpp' build argument 'cmake_target' from command line to 'None'
[0.352s] Level 5:colcon.colcon_core.verb:set package 'actions_cpp' build argument 'cmake_target_skip_unavailable' from command line to 'False'
[0.352s] Level 5:colcon.colcon_core.verb:set package 'actions_cpp' build argument 'cmake_clean_cache' from command line to 'False'
[0.352s] Level 5:colcon.colcon_core.verb:set package 'actions_cpp' build argument 'cmake_clean_first' from command line to 'False'
[0.352s] Level 5:colcon.colcon_core.verb:set package 'actions_cpp' build argument 'cmake_force_configure' from command line to 'False'
[0.352s] Level 5:colcon.colcon_core.verb:set package 'actions_cpp' build argument 'ament_cmake_args' from command line to 'None'
[0.352s] Level 5:colcon.colcon_core.verb:set package 'actions_cpp' build argument 'catkin_cmake_args' from command line to 'None'
[0.352s] Level 5:colcon.colcon_core.verb:set package 'actions_cpp' build argument 'catkin_skip_building_tests' from command line to 'False'
[0.352s] DEBUG:colcon.colcon_core.verb:Building package 'actions_cpp' with the following arguments: {'ament_cmake_args': None, 'build_base': '/home/vincent-pc/ros2_jazzy/src/build/actions_cpp', 'catkin_cmake_args': None, 'catkin_skip_building_tests': False, 'cmake_args': None, 'cmake_clean_cache': False, 'cmake_clean_first': False, 'cmake_force_configure': False, 'cmake_target': None, 'cmake_target_skip_unavailable': False, 'install_base': '/home/vincent-pc/ros2_jazzy/src/install/actions_cpp', 'merge_install': False, 'path': '/home/vincent-pc/ros2_jazzy/src/actions_cpp', 'symlink_install': True, 'test_result_base': None}
[0.353s] Level 5:colcon.colcon_core.verb:set package 'actions_py' build argument 'cmake_args' from command line to 'None'
[0.353s] Level 5:colcon.colcon_core.verb:set package 'actions_py' build argument 'cmake_target' from command line to 'None'
[0.353s] Level 5:colcon.colcon_core.verb:set package 'actions_py' build argument 'cmake_target_skip_unavailable' from command line to 'False'
[0.353s] Level 5:colcon.colcon_core.verb:set package 'actions_py' build argument 'cmake_clean_cache' from command line to 'False'
[0.353s] Level 5:colcon.colcon_core.verb:set package 'actions_py' build argument 'cmake_clean_first' from command line to 'False'
[0.353s] Level 5:colcon.colcon_core.verb:set package 'actions_py' build argument 'cmake_force_configure' from command line to 'False'
[0.353s] Level 5:colcon.colcon_core.verb:set package 'actions_py' build argument 'ament_cmake_args' from command line to 'None'
[0.353s] Level 5:colcon.colcon_core.verb:set package 'actions_py' build argument 'catkin_cmake_args' from command line to 'None'
[0.353s] Level 5:colcon.colcon_core.verb:set package 'actions_py' build argument 'catkin_skip_building_tests' from command line to 'False'
[0.353s] DEBUG:colcon.colcon_core.verb:Building package 'actions_py' with the following arguments: {'ament_cmake_args': None, 'build_base': '/home/vincent-pc/ros2_jazzy/src/build/actions_py', 'catkin_cmake_args': None, 'catkin_skip_building_tests': False, 'cmake_args': None, 'cmake_clean_cache': False, 'cmake_clean_first': False, 'cmake_force_configure': False, 'cmake_target': None, 'cmake_target_skip_unavailable': False, 'install_base': '/home/vincent-pc/ros2_jazzy/src/install/actions_py', 'merge_install': False, 'path': '/home/vincent-pc/ros2_jazzy/src/actions_py', 'symlink_install': True, 'test_result_base': None}
[0.353s] Level 5:colcon.colcon_core.verb:set package 'lifecycle_cpp' build argument 'cmake_args' from command line to 'None'
[0.353s] Level 5:colcon.colcon_core.verb:set package 'lifecycle_cpp' build argument 'cmake_target' from command line to 'None'
[0.353s] Level 5:colcon.colcon_core.verb:set package 'lifecycle_cpp' build argument 'cmake_target_skip_unavailable' from command line to 'False'
[0.353s] Level 5:colcon.colcon_core.verb:set package 'lifecycle_cpp' build argument 'cmake_clean_cache' from command line to 'False'
[0.353s] Level 5:colcon.colcon_core.verb:set package 'lifecycle_cpp' build argument 'cmake_clean_first' from command line to 'False'
[0.353s] Level 5:colcon.colcon_core.verb:set package 'lifecycle_cpp' build argument 'cmake_force_configure' from command line to 'False'
[0.353s] Level 5:colcon.colcon_core.verb:set package 'lifecycle_cpp' build argument 'ament_cmake_args' from command line to 'None'
[0.353s] Level 5:colcon.colcon_core.verb:set package 'lifecycle_cpp' build argument 'catkin_cmake_args' from command line to 'None'
[0.353s] Level 5:colcon.colcon_core.verb:set package 'lifecycle_cpp' build argument 'catkin_skip_building_tests' from command line to 'False'
[0.353s] DEBUG:colcon.colcon_core.verb:Building package 'lifecycle_cpp' with the following arguments: {'ament_cmake_args': None, 'build_base': '/home/vincent-pc/ros2_jazzy/src/build/lifecycle_cpp', 'catkin_cmake_args': None, 'catkin_skip_building_tests': False, 'cmake_args': None, 'cmake_clean_cache': False, 'cmake_clean_first': False, 'cmake_force_configure': False, 'cmake_target': None, 'cmake_target_skip_unavailable': False, 'install_base': '/home/vincent-pc/ros2_jazzy/src/install/lifecycle_cpp', 'merge_install': False, 'path': '/home/vincent-pc/ros2_jazzy/src/lifecycle_cpp', 'symlink_install': True, 'test_result_base': None}
[0.353s] Level 5:colcon.colcon_core.verb:set package 'lifecycle_py' build argument 'cmake_args' from command line to 'None'
[0.353s] Level 5:colcon.colcon_core.verb:set package 'lifecycle_py' build argument 'cmake_target' from command line to 'None'
[0.353s] Level 5:colcon.colcon_core.verb:set package 'lifecycle_py' build argument 'cmake_target_skip_unavailable' from command line to 'False'
[0.353s] Level 5:colcon.colcon_core.verb:set package 'lifecycle_py' build argument 'cmake_clean_cache' from command line to 'False'
[0.353s] Level 5:colcon.colcon_core.verb:set package 'lifecycle_py' build argument 'cmake_clean_first' from command line to 'False'
[0.353s] Level 5:colcon.colcon_core.verb:set package 'lifecycle_py' build argument 'cmake_force_configure' from command line to 'False'
[0.353s] Level 5:colcon.colcon_core.verb:set package 'lifecycle_py' build argument 'ament_cmake_args' from command line to 'None'
[0.353s] Level 5:colcon.colcon_core.verb:set package 'lifecycle_py' build argument 'catkin_cmake_args' from command line to 'None'
[0.353s] Level 5:colcon.colcon_core.verb:set package 'lifecycle_py' build argument 'catkin_skip_building_tests' from command line to 'False'
[0.353s] DEBUG:colcon.colcon_core.verb:Building package 'lifecycle_py' with the following arguments: {'ament_cmake_args': None, 'build_base': '/home/vincent-pc/ros2_jazzy/src/build/lifecycle_py', 'catkin_cmake_args': None, 'catkin_skip_building_tests': False, 'cmake_args': None, 'cmake_clean_cache': False, 'cmake_clean_first': False, 'cmake_force_configure': False, 'cmake_target': None, 'cmake_target_skip_unavailable': False, 'install_base': '/home/vincent-pc/ros2_jazzy/src/install/lifecycle_py', 'merge_install': False, 'path': '/home/vincent-pc/ros2_jazzy/src/lifecycle_py', 'symlink_install': True, 'test_result_base': None}
[0.354s] Level 5:colcon.colcon_core.verb:set package 'my_robot_cpp' build argument 'cmake_args' from command line to 'None'
[0.354s] Level 5:colcon.colcon_core.verb:set package 'my_robot_cpp' build argument 'cmake_target' from command line to 'None'
[0.354s] Level 5:colcon.colcon_core.verb:set package 'my_robot_cpp' build argument 'cmake_target_skip_unavailable' from command line to 'False'
[0.354s] Level 5:colcon.colcon_core.verb:set package 'my_robot_cpp' build argument 'cmake_clean_cache' from command line to 'False'
[0.354s] Level 5:colcon.colcon_core.verb:set package 'my_robot_cpp' build argument 'cmake_clean_first' from command line to 'False'
[0.354s] Level 5:colcon.colcon_core.verb:set package 'my_robot_cpp' build argument 'cmake_force_configure' from command line to 'False'
[0.354s] Level 5:colcon.colcon_core.verb:set package 'my_robot_cpp' build argument 'ament_cmake_args' from command line to 'None'
[0.354s] Level 5:colcon.colcon_core.verb:set package 'my_robot_cpp' build argument 'catkin_cmake_args' from command line to 'None'
[0.354s] Level 5:colcon.colcon_core.verb:set package 'my_robot_cpp' build argument 'catkin_skip_building_tests' from command line to 'False'
[0.354s] DEBUG:colcon.colcon_core.verb:Building package 'my_robot_cpp' with the following arguments: {'ament_cmake_args': None, 'build_base': '/home/vincent-pc/ros2_jazzy/src/build/my_robot_cpp', 'catkin_cmake_args': None, 'catkin_skip_building_tests': False, 'cmake_args': None, 'cmake_clean_cache': False, 'cmake_clean_first': False, 'cmake_force_configure': False, 'cmake_target': None, 'cmake_target_skip_unavailable': False, 'install_base': '/home/vincent-pc/ros2_jazzy/src/install/my_robot_cpp', 'merge_install': False, 'path': '/home/vincent-pc/ros2_jazzy/src/my_robot_cpp', 'symlink_install': True, 'test_result_base': None}
[0.354s] INFO:colcon.colcon_core.executor:Executing jobs using 'parallel' executor
[0.355s] DEBUG:colcon.colcon_parallel_executor.executor.parallel:run_until_complete
[0.355s] INFO:colcon.colcon_ros.task.ament_cmake.build:Building ROS package in '/home/vincent-pc/ros2_jazzy/src/my_robot_interfaces' with build type 'ament_cmake'
[0.355s] INFO:colcon.colcon_cmake.task.cmake.build:Building CMake package in '/home/vincent-pc/ros2_jazzy/src/my_robot_interfaces'
[0.360s] INFO:colcon.colcon_core.plugin_system:Skipping extension 'colcon_core.shell.bat': Not used on non-Windows systems
[0.361s] INFO:colcon.colcon_core.shell:Skip shell extension 'powershell' for command environment: Not usable outside of PowerShell
[0.361s] DEBUG:colcon.colcon_core.shell:Skip shell extension 'dsv' for command environment
[0.364s] INFO:colcon.colcon_ros.task.ament_cmake.build:Building ROS package in '/home/vincent-pc/ros2_jazzy/src/my_robot_bringup' with build type 'ament_cmake'
[0.365s] INFO:colcon.colcon_cmake.task.cmake.build:Building CMake package in '/home/vincent-pc/ros2_jazzy/src/my_robot_bringup'
[0.365s] INFO:colcon.colcon_core.shell:Skip shell extension 'powershell' for command environment: Not usable outside of PowerShell
[0.365s] DEBUG:colcon.colcon_core.shell:Skip shell extension 'dsv' for command environment
[0.368s] INFO:colcon.colcon_ros.task.ament_cmake.build:Building ROS package in '/home/vincent-pc/ros2_jazzy/src/my_robot_description' with build type 'ament_cmake'
[0.368s] INFO:colcon.colcon_cmake.task.cmake.build:Building CMake package in '/home/vincent-pc/ros2_jazzy/src/my_robot_description'
[0.368s] INFO:colcon.colcon_core.shell:Skip shell extension 'powershell' for command environment: Not usable outside of PowerShell
[0.369s] DEBUG:colcon.colcon_core.shell:Skip shell extension 'dsv' for command environment
[0.372s] INFO:colcon.colcon_ros.task.ament_python.build:Building ROS package in '/home/vincent-pc/ros2_jazzy/src/my_robot_python' with build type 'ament_python'
[0.372s] Level 1:colcon.colcon_core.shell:create_environment_hook('my_robot_python', 'ament_prefix_path')
[0.372s] INFO:colcon.colcon_core.shell:Creating environment hook '/home/vincent-pc/ros2_jazzy/src/install/my_robot_python/share/my_robot_python/hook/ament_prefix_path.ps1'
[0.373s] INFO:colcon.colcon_core.shell:Creating environment descriptor '/home/vincent-pc/ros2_jazzy/src/install/my_robot_python/share/my_robot_python/hook/ament_prefix_path.dsv'
[0.373s] INFO:colcon.colcon_core.shell:Creating environment hook '/home/vincent-pc/ros2_jazzy/src/install/my_robot_python/share/my_robot_python/hook/ament_prefix_path.sh'
[0.374s] INFO:colcon.colcon_core.shell:Skip shell extension 'powershell' for command environment: Not usable outside of PowerShell
[0.374s] DEBUG:colcon.colcon_core.shell:Skip shell extension 'dsv' for command environment
[0.383s] DEBUG:colcon.colcon_core.event_handler.log_command:Invoking command in '/home/vincent-pc/ros2_jazzy/src/build/my_robot_interfaces': CMAKE_PREFIX_PATH=${CMAKE_PREFIX_PATH}:/home/vincent-pc/ros2_jazzy/install/my_robot_python:/home/vincent-pc/ros2_jazzy/install/actions_py:/opt/ros/jazzy DEBUGINFOD_URLS=https://debuginfod.ubuntu.com /usr/bin/cmake --build /home/vincent-pc/ros2_jazzy/src/build/my_robot_interfaces -- -j8 -l8
[0.386s] DEBUG:colcon.colcon_core.event_handler.log_command:Invoking command in '/home/vincent-pc/ros2_jazzy/src/build/my_robot_bringup': CMAKE_PREFIX_PATH=${CMAKE_PREFIX_PATH}:/home/vincent-pc/ros2_jazzy/install/my_robot_python:/home/vincent-pc/ros2_jazzy/install/actions_py:/opt/ros/jazzy DEBUGINFOD_URLS=https://debuginfod.ubuntu.com /usr/bin/cmake --build /home/vincent-pc/ros2_jazzy/src/build/my_robot_bringup -- -j8 -l8
[0.389s] DEBUG:colcon.colcon_core.event_handler.log_command:Invoking command in '/home/vincent-pc/ros2_jazzy/src/build/my_robot_description': CMAKE_PREFIX_PATH=${CMAKE_PREFIX_PATH}:/home/vincent-pc/ros2_jazzy/install/my_robot_python:/home/vincent-pc/ros2_jazzy/install/actions_py:/opt/ros/jazzy DEBUGINFOD_URLS=https://debuginfod.ubuntu.com /usr/bin/cmake --build /home/vincent-pc/ros2_jazzy/src/build/my_robot_description -- -j8 -l8
[0.692s] INFO:colcon.colcon_core.task.python.build:Building Python package in '/home/vincent-pc/ros2_jazzy/src/my_robot_python'
[0.692s] INFO:colcon.colcon_core.shell:Skip shell extension 'powershell' for command environment: Not usable outside of PowerShell
[0.692s] DEBUG:colcon.colcon_core.shell:Skip shell extension 'dsv' for command environment
[0.698s] DEBUG:colcon.colcon_core.event_handler.log_command:Invoked command in '/home/vincent-pc/ros2_jazzy/src/build/my_robot_bringup' returned '0': CMAKE_PREFIX_PATH=${CMAKE_PREFIX_PATH}:/home/vincent-pc/ros2_jazzy/install/my_robot_python:/home/vincent-pc/ros2_jazzy/install/actions_py:/opt/ros/jazzy DEBUGINFOD_URLS=https://debuginfod.ubuntu.com /usr/bin/cmake --build /home/vincent-pc/ros2_jazzy/src/build/my_robot_bringup -- -j8 -l8
[0.709s] DEBUG:colcon.colcon_core.event_handler.log_command:Invoking command in '/home/vincent-pc/ros2_jazzy/src/build/my_robot_bringup': CMAKE_PREFIX_PATH=${CMAKE_PREFIX_PATH}:/home/vincent-pc/ros2_jazzy/install/my_robot_python:/home/vincent-pc/ros2_jazzy/install/actions_py:/opt/ros/jazzy DEBUGINFOD_URLS=https://debuginfod.ubuntu.com /usr/bin/cmake --install /home/vincent-pc/ros2_jazzy/src/build/my_robot_bringup
[0.710s] DEBUG:colcon.colcon_core.event_handler.log_command:Invoked command in '/home/vincent-pc/ros2_jazzy/src/build/my_robot_description' returned '0': CMAKE_PREFIX_PATH=${CMAKE_PREFIX_PATH}:/home/vincent-pc/ros2_jazzy/install/my_robot_python:/home/vincent-pc/ros2_jazzy/install/actions_py:/opt/ros/jazzy DEBUGINFOD_URLS=https://debuginfod.ubuntu.com /usr/bin/cmake --build /home/vincent-pc/ros2_jazzy/src/build/my_robot_description -- -j8 -l8
[0.711s] DEBUG:colcon.colcon_core.event_handler.log_command:Invoking command in '/home/vincent-pc/ros2_jazzy/src/build/my_robot_description': CMAKE_PREFIX_PATH=${CMAKE_PREFIX_PATH}:/home/vincent-pc/ros2_jazzy/install/my_robot_python:/home/vincent-pc/ros2_jazzy/install/actions_py:/opt/ros/jazzy DEBUGINFOD_URLS=https://debuginfod.ubuntu.com /usr/bin/cmake --install /home/vincent-pc/ros2_jazzy/src/build/my_robot_description
[0.740s] Level 1:colcon.colcon_core.environment:create_environment_scripts_only(my_robot_description)
[0.741s] DEBUG:colcon.colcon_core.event_handler.log_command:Invoked command in '/home/vincent-pc/ros2_jazzy/src/build/my_robot_description' returned '0': CMAKE_PREFIX_PATH=${CMAKE_PREFIX_PATH}:/home/vincent-pc/ros2_jazzy/install/my_robot_python:/home/vincent-pc/ros2_jazzy/install/actions_py:/opt/ros/jazzy DEBUGINFOD_URLS=https://debuginfod.ubuntu.com /usr/bin/cmake --install /home/vincent-pc/ros2_jazzy/src/build/my_robot_description
[0.746s] Level 1:colcon.colcon_core.environment:checking '/home/vincent-pc/ros2_jazzy/src/install/my_robot_description' for CMake module files
[0.747s] Level 1:colcon.colcon_core.environment:checking '/home/vincent-pc/ros2_jazzy/src/install/my_robot_description' for CMake config files
[0.747s] Level 1:colcon.colcon_core.shell:create_environment_hook('my_robot_description', 'cmake_prefix_path')
[0.748s] INFO:colcon.colcon_core.shell:Creating environment hook '/home/vincent-pc/ros2_jazzy/src/install/my_robot_description/share/my_robot_description/hook/cmake_prefix_path.ps1'
[0.748s] INFO:colcon.colcon_core.shell:Creating environment descriptor '/home/vincent-pc/ros2_jazzy/src/install/my_robot_description/share/my_robot_description/hook/cmake_prefix_path.dsv'
[0.749s] INFO:colcon.colcon_core.shell:Creating environment hook '/home/vincent-pc/ros2_jazzy/src/install/my_robot_description/share/my_robot_description/hook/cmake_prefix_path.sh'
[0.750s] Level 1:colcon.colcon_core.environment:checking '/home/vincent-pc/ros2_jazzy/src/install/my_robot_description/bin'
[0.750s] Level 1:colcon.colcon_core.environment:checking '/home/vincent-pc/ros2_jazzy/src/install/my_robot_description/lib/pkgconfig/my_robot_description.pc'
[0.751s] Level 1:colcon.colcon_core.environment:checking '/home/vincent-pc/ros2_jazzy/src/install/my_robot_description/lib/python3.12/site-packages'
[0.751s] Level 1:colcon.colcon_core.environment:checking '/home/vincent-pc/ros2_jazzy/src/install/my_robot_description/bin'
[0.751s] INFO:colcon.colcon_core.shell:Creating package script '/home/vincent-pc/ros2_jazzy/src/install/my_robot_description/share/my_robot_description/package.ps1'
[0.752s] INFO:colcon.colcon_core.shell:Creating package descriptor '/home/vincent-pc/ros2_jazzy/src/install/my_robot_description/share/my_robot_description/package.dsv'
[0.753s] INFO:colcon.colcon_core.shell:Creating package script '/home/vincent-pc/ros2_jazzy/src/install/my_robot_description/share/my_robot_description/package.sh'
[0.754s] INFO:colcon.colcon_core.shell:Creating package script '/home/vincent-pc/ros2_jazzy/src/install/my_robot_description/share/my_robot_description/package.bash'
[0.755s] INFO:colcon.colcon_core.shell:Creating package script '/home/vincent-pc/ros2_jazzy/src/install/my_robot_description/share/my_robot_description/package.zsh'
[0.756s] Level 1:colcon.colcon_core.environment:create_file_with_runtime_dependencies(/home/vincent-pc/ros2_jazzy/src/install/my_robot_description/share/colcon-core/packages/my_robot_description)
[0.758s] Level 1:colcon.colcon_core.environment:create_environment_scripts_only(my_robot_description)
[0.758s] Level 1:colcon.colcon_core.environment:checking '/home/vincent-pc/ros2_jazzy/src/install/my_robot_description' for CMake module files
[0.759s] Level 1:colcon.colcon_core.environment:checking '/home/vincent-pc/ros2_jazzy/src/install/my_robot_description' for CMake config files
[0.760s] Level 1:colcon.colcon_core.shell:create_environment_hook('my_robot_description', 'cmake_prefix_path')
[0.760s] INFO:colcon.colcon_core.shell:Creating environment hook '/home/vincent-pc/ros2_jazzy/src/install/my_robot_description/share/my_robot_description/hook/cmake_prefix_path.ps1'
[0.761s] INFO:colcon.colcon_core.shell:Creating environment descriptor '/home/vincent-pc/ros2_jazzy/src/install/my_robot_description/share/my_robot_description/hook/cmake_prefix_path.dsv'
[0.761s] INFO:colcon.colcon_core.shell:Creating environment hook '/home/vincent-pc/ros2_jazzy/src/install/my_robot_description/share/my_robot_description/hook/cmake_prefix_path.sh'
[0.762s] Level 1:colcon.colcon_core.environment:checking '/home/vincent-pc/ros2_jazzy/src/install/my_robot_description/bin'
[0.762s] Level 1:colcon.colcon_core.environment:checking '/home/vincent-pc/ros2_jazzy/src/install/my_robot_description/lib/pkgconfig/my_robot_description.pc'
[0.763s] Level 1:colcon.colcon_core.environment:checking '/home/vincent-pc/ros2_jazzy/src/install/my_robot_description/lib/python3.12/site-packages'
[0.763s] Level 1:colcon.colcon_core.environment:checking '/home/vincent-pc/ros2_jazzy/src/install/my_robot_description/bin'
[0.763s] INFO:colcon.colcon_core.shell:Creating package script '/home/vincent-pc/ros2_jazzy/src/install/my_robot_description/share/my_robot_description/package.ps1'
[0.764s] INFO:colcon.colcon_core.shell:Creating package descriptor '/home/vincent-pc/ros2_jazzy/src/install/my_robot_description/share/my_robot_description/package.dsv'
[0.765s] INFO:colcon.colcon_core.shell:Creating package script '/home/vincent-pc/ros2_jazzy/src/install/my_robot_description/share/my_robot_description/package.sh'
[0.766s] INFO:colcon.colcon_core.shell:Creating package script '/home/vincent-pc/ros2_jazzy/src/install/my_robot_description/share/my_robot_description/package.bash'
[0.766s] INFO:colcon.colcon_core.shell:Creating package script '/home/vincent-pc/ros2_jazzy/src/install/my_robot_description/share/my_robot_description/package.zsh'
[0.767s] Level 1:colcon.colcon_core.environment:create_file_with_runtime_dependencies(/home/vincent-pc/ros2_jazzy/src/install/my_robot_description/share/colcon-core/packages/my_robot_description)
[0.768s] Level 1:colcon.colcon_core.environment:create_environment_scripts_only(my_robot_bringup)
[0.768s] Level 1:colcon.colcon_core.environment:checking '/home/vincent-pc/ros2_jazzy/src/install/my_robot_bringup' for CMake module files
[0.769s] DEBUG:colcon.colcon_core.event_handler.log_command:Invoked command in '/home/vincent-pc/ros2_jazzy/src/build/my_robot_bringup' returned '0': CMAKE_PREFIX_PATH=${CMAKE_PREFIX_PATH}:/home/vincent-pc/ros2_jazzy/install/my_robot_python:/home/vincent-pc/ros2_jazzy/install/actions_py:/opt/ros/jazzy DEBUGINFOD_URLS=https://debuginfod.ubuntu.com /usr/bin/cmake --install /home/vincent-pc/ros2_jazzy/src/build/my_robot_bringup
[0.769s] Level 1:colcon.colcon_core.environment:checking '/home/vincent-pc/ros2_jazzy/src/install/my_robot_bringup' for CMake config files
[0.770s] Level 1:colcon.colcon_core.shell:create_environment_hook('my_robot_bringup', 'cmake_prefix_path')
[0.770s] INFO:colcon.colcon_core.shell:Creating environment hook '/home/vincent-pc/ros2_jazzy/src/install/my_robot_bringup/share/my_robot_bringup/hook/cmake_prefix_path.ps1'
[0.771s] INFO:colcon.colcon_core.shell:Creating environment descriptor '/home/vincent-pc/ros2_jazzy/src/install/my_robot_bringup/share/my_robot_bringup/hook/cmake_prefix_path.dsv'
[0.771s] INFO:colcon.colcon_core.shell:Creating environment hook '/home/vincent-pc/ros2_jazzy/src/install/my_robot_bringup/share/my_robot_bringup/hook/cmake_prefix_path.sh'
[0.772s] Level 1:colcon.colcon_core.environment:checking '/home/vincent-pc/ros2_jazzy/src/install/my_robot_bringup/bin'
[0.772s] Level 1:colcon.colcon_core.environment:checking '/home/vincent-pc/ros2_jazzy/src/install/my_robot_bringup/lib/pkgconfig/my_robot_bringup.pc'
[0.772s] Level 1:colcon.colcon_core.environment:checking '/home/vincent-pc/ros2_jazzy/src/install/my_robot_bringup/lib/python3.12/site-packages'
[0.773s] Level 1:colcon.colcon_core.environment:checking '/home/vincent-pc/ros2_jazzy/src/install/my_robot_bringup/bin'
[0.773s] INFO:colcon.colcon_core.shell:Creating package script '/home/vincent-pc/ros2_jazzy/src/install/my_robot_bringup/share/my_robot_bringup/package.ps1'
[0.774s] INFO:colcon.colcon_core.shell:Creating package descriptor '/home/vincent-pc/ros2_jazzy/src/install/my_robot_bringup/share/my_robot_bringup/package.dsv'
[0.774s] INFO:colcon.colcon_core.shell:Creating package script '/home/vincent-pc/ros2_jazzy/src/install/my_robot_bringup/share/my_robot_bringup/package.sh'
[0.775s] INFO:colcon.colcon_core.shell:Creating package script '/home/vincent-pc/ros2_jazzy/src/install/my_robot_bringup/share/my_robot_bringup/package.bash'
[0.775s] INFO:colcon.colcon_core.shell:Creating package script '/home/vincent-pc/ros2_jazzy/src/install/my_robot_bringup/share/my_robot_bringup/package.zsh'
[0.776s] Level 1:colcon.colcon_core.environment:create_file_with_runtime_dependencies(/home/vincent-pc/ros2_jazzy/src/install/my_robot_bringup/share/colcon-core/packages/my_robot_bringup)
[0.776s] Level 1:colcon.colcon_core.environment:create_environment_scripts_only(my_robot_bringup)
[0.777s] Level 1:colcon.colcon_core.environment:checking '/home/vincent-pc/ros2_jazzy/src/install/my_robot_bringup' for CMake module files
[0.778s] Level 1:colcon.colcon_core.environment:checking '/home/vincent-pc/ros2_jazzy/src/install/my_robot_bringup' for CMake config files
[0.778s] Level 1:colcon.colcon_core.shell:create_environment_hook('my_robot_bringup', 'cmake_prefix_path')
[0.778s] INFO:colcon.colcon_core.shell:Creating environment hook '/home/vincent-pc/ros2_jazzy/src/install/my_robot_bringup/share/my_robot_bringup/hook/cmake_prefix_path.ps1'
[0.779s] INFO:colcon.colcon_core.shell:Creating environment descriptor '/home/vincent-pc/ros2_jazzy/src/install/my_robot_bringup/share/my_robot_bringup/hook/cmake_prefix_path.dsv'
[0.780s] INFO:colcon.colcon_core.shell:Creating environment hook '/home/vincent-pc/ros2_jazzy/src/install/my_robot_bringup/share/my_robot_bringup/hook/cmake_prefix_path.sh'
[0.781s] Level 1:colcon.colcon_core.environment:checking '/home/vincent-pc/ros2_jazzy/src/install/my_robot_bringup/bin'
[0.781s] Level 1:colcon.colcon_core.environment:checking '/home/vincent-pc/ros2_jazzy/src/install/my_robot_bringup/lib/pkgconfig/my_robot_bringup.pc'
[0.781s] Level 1:colcon.colcon_core.environment:checking '/home/vincent-pc/ros2_jazzy/src/install/my_robot_bringup/lib/python3.12/site-packages'
[0.782s] Level 1:colcon.colcon_core.environment:checking '/home/vincent-pc/ros2_jazzy/src/install/my_robot_bringup/bin'
[0.782s] INFO:colcon.colcon_core.shell:Creating package script '/home/vincent-pc/ros2_jazzy/src/install/my_robot_bringup/share/my_robot_bringup/package.ps1'
[0.784s] INFO:colcon.colcon_core.shell:Creating package descriptor '/home/vincent-pc/ros2_jazzy/src/install/my_robot_bringup/share/my_robot_bringup/package.dsv'
[0.784s] INFO:colcon.colcon_core.shell:Creating package script '/home/vincent-pc/ros2_jazzy/src/install/my_robot_bringup/share/my_robot_bringup/package.sh'
[0.785s] INFO:colcon.colcon_core.shell:Creating package script '/home/vincent-pc/ros2_jazzy/src/install/my_robot_bringup/share/my_robot_bringup/package.bash'
[0.785s] INFO:colcon.colcon_core.shell:Creating package script '/home/vincent-pc/ros2_jazzy/src/install/my_robot_bringup/share/my_robot_bringup/package.zsh'
[0.786s] Level 1:colcon.colcon_core.environment:create_file_with_runtime_dependencies(/home/vincent-pc/ros2_jazzy/src/install/my_robot_bringup/share/colcon-core/packages/my_robot_bringup)
[0.895s] DEBUG:colcon.colcon_core.event_handler.log_command:Invoked command in '/home/vincent-pc/ros2_jazzy/src/build/my_robot_interfaces' returned '0': CMAKE_PREFIX_PATH=${CMAKE_PREFIX_PATH}:/home/vincent-pc/ros2_jazzy/install/my_robot_python:/home/vincent-pc/ros2_jazzy/install/actions_py:/opt/ros/jazzy DEBUGINFOD_URLS=https://debuginfod.ubuntu.com /usr/bin/cmake --build /home/vincent-pc/ros2_jazzy/src/build/my_robot_interfaces -- -j8 -l8
[0.897s] DEBUG:colcon.colcon_core.event_handler.log_command:Invoking command in '/home/vincent-pc/ros2_jazzy/src/build/my_robot_interfaces': CMAKE_PREFIX_PATH=${CMAKE_PREFIX_PATH}:/home/vincent-pc/ros2_jazzy/install/my_robot_python:/home/vincent-pc/ros2_jazzy/install/actions_py:/opt/ros/jazzy DEBUGINFOD_URLS=https://debuginfod.ubuntu.com /usr/bin/cmake --install /home/vincent-pc/ros2_jazzy/src/build/my_robot_interfaces
[1.011s] Level 1:colcon.colcon_core.environment:create_environment_scripts_only(my_robot_interfaces)
[1.011s] Level 1:colcon.colcon_core.environment:checking '/home/vincent-pc/ros2_jazzy/src/install/my_robot_interfaces' for CMake module files
[1.011s] DEBUG:colcon.colcon_core.event_handler.log_command:Invoked command in '/home/vincent-pc/ros2_jazzy/src/build/my_robot_interfaces' returned '0': CMAKE_PREFIX_PATH=${CMAKE_PREFIX_PATH}:/home/vincent-pc/ros2_jazzy/install/my_robot_python:/home/vincent-pc/ros2_jazzy/install/actions_py:/opt/ros/jazzy DEBUGINFOD_URLS=https://debuginfod.ubuntu.com /usr/bin/cmake --install /home/vincent-pc/ros2_jazzy/src/build/my_robot_interfaces
[1.012s] Level 1:colcon.colcon_core.environment:checking '/home/vincent-pc/ros2_jazzy/src/install/my_robot_interfaces' for CMake config files
[1.014s] Level 1:colcon.colcon_core.shell:create_environment_hook('my_robot_interfaces', 'cmake_prefix_path')
[1.014s] INFO:colcon.colcon_core.shell:Creating environment hook '/home/vincent-pc/ros2_jazzy/src/install/my_robot_interfaces/share/my_robot_interfaces/hook/cmake_prefix_path.ps1'
[1.015s] INFO:colcon.colcon_core.shell:Creating environment descriptor '/home/vincent-pc/ros2_jazzy/src/install/my_robot_interfaces/share/my_robot_interfaces/hook/cmake_prefix_path.dsv'
[1.015s] INFO:colcon.colcon_core.shell:Creating environment hook '/home/vincent-pc/ros2_jazzy/src/install/my_robot_interfaces/share/my_robot_interfaces/hook/cmake_prefix_path.sh'
[1.016s] Level 1:colcon.colcon_core.environment:checking '/home/vincent-pc/ros2_jazzy/src/install/my_robot_interfaces/lib'
[1.016s] Level 1:colcon.colcon_core.shell:create_environment_hook('my_robot_interfaces', 'ld_library_path_lib')
[1.017s] INFO:colcon.colcon_core.shell:Creating environment hook '/home/vincent-pc/ros2_jazzy/src/install/my_robot_interfaces/share/my_robot_interfaces/hook/ld_library_path_lib.ps1'
[1.017s] INFO:colcon.colcon_core.shell:Creating environment descriptor '/home/vincent-pc/ros2_jazzy/src/install/my_robot_interfaces/share/my_robot_interfaces/hook/ld_library_path_lib.dsv'
[1.018s] INFO:colcon.colcon_core.shell:Creating environment hook '/home/vincent-pc/ros2_jazzy/src/install/my_robot_interfaces/share/my_robot_interfaces/hook/ld_library_path_lib.sh'
[1.018s] Level 1:colcon.colcon_core.environment:checking '/home/vincent-pc/ros2_jazzy/src/install/my_robot_interfaces/bin'
[1.018s] Level 1:colcon.colcon_core.environment:checking '/home/vincent-pc/ros2_jazzy/src/install/my_robot_interfaces/lib/pkgconfig/my_robot_interfaces.pc'
[1.019s] Level 1:colcon.colcon_core.environment:checking '/home/vincent-pc/ros2_jazzy/src/install/my_robot_interfaces/lib/python3.12/site-packages'
[1.019s] Level 1:colcon.colcon_core.shell:create_environment_hook('my_robot_interfaces', 'pythonpath')
[1.019s] INFO:colcon.colcon_core.shell:Creating environment hook '/home/vincent-pc/ros2_jazzy/src/install/my_robot_interfaces/share/my_robot_interfaces/hook/pythonpath.ps1'
[1.019s] INFO:colcon.colcon_core.shell:Creating environment descriptor '/home/vincent-pc/ros2_jazzy/src/install/my_robot_interfaces/share/my_robot_interfaces/hook/pythonpath.dsv'
[1.020s] INFO:colcon.colcon_core.shell:Creating environment hook '/home/vincent-pc/ros2_jazzy/src/install/my_robot_interfaces/share/my_robot_interfaces/hook/pythonpath.sh'
[1.020s] Level 1:colcon.colcon_core.environment:checking '/home/vincent-pc/ros2_jazzy/src/install/my_robot_interfaces/bin'
[1.021s] INFO:colcon.colcon_core.shell:Creating package script '/home/vincent-pc/ros2_jazzy/src/install/my_robot_interfaces/share/my_robot_interfaces/package.ps1'
[1.021s] INFO:colcon.colcon_core.shell:Creating package descriptor '/home/vincent-pc/ros2_jazzy/src/install/my_robot_interfaces/share/my_robot_interfaces/package.dsv'
[1.022s] INFO:colcon.colcon_core.shell:Creating package script '/home/vincent-pc/ros2_jazzy/src/install/my_robot_interfaces/share/my_robot_interfaces/package.sh'
[1.022s] INFO:colcon.colcon_core.shell:Creating package script '/home/vincent-pc/ros2_jazzy/src/install/my_robot_interfaces/share/my_robot_interfaces/package.bash'
[1.022s] INFO:colcon.colcon_core.shell:Creating package script '/home/vincent-pc/ros2_jazzy/src/install/my_robot_interfaces/share/my_robot_interfaces/package.zsh'
[1.023s] Level 1:colcon.colcon_core.environment:create_file_with_runtime_dependencies(/home/vincent-pc/ros2_jazzy/src/install/my_robot_interfaces/share/colcon-core/packages/my_robot_interfaces)
[1.023s] Level 1:colcon.colcon_core.environment:create_environment_scripts_only(my_robot_interfaces)
[1.023s] Level 1:colcon.colcon_core.environment:checking '/home/vincent-pc/ros2_jazzy/src/install/my_robot_interfaces' for CMake module files
[1.024s] Level 1:colcon.colcon_core.environment:checking '/home/vincent-pc/ros2_jazzy/src/install/my_robot_interfaces' for CMake config files
[1.025s] Level 1:colcon.colcon_core.shell:create_environment_hook('my_robot_interfaces', 'cmake_prefix_path')
[1.025s] INFO:colcon.colcon_core.shell:Creating environment hook '/home/vincent-pc/ros2_jazzy/src/install/my_robot_interfaces/share/my_robot_interfaces/hook/cmake_prefix_path.ps1'
[1.025s] INFO:colcon.colcon_core.shell:Creating environment descriptor '/home/vincent-pc/ros2_jazzy/src/install/my_robot_interfaces/share/my_robot_interfaces/hook/cmake_prefix_path.dsv'
[1.026s] INFO:colcon.colcon_core.shell:Creating environment hook '/home/vincent-pc/ros2_jazzy/src/install/my_robot_interfaces/share/my_robot_interfaces/hook/cmake_prefix_path.sh'
[1.026s] Level 1:colcon.colcon_core.environment:checking '/home/vincent-pc/ros2_jazzy/src/install/my_robot_interfaces/lib'
[1.026s] Level 1:colcon.colcon_core.shell:create_environment_hook('my_robot_interfaces', 'ld_library_path_lib')
[1.026s] INFO:colcon.colcon_core.shell:Creating environment hook '/home/vincent-pc/ros2_jazzy/src/install/my_robot_interfaces/share/my_robot_interfaces/hook/ld_library_path_lib.ps1'
[1.027s] INFO:colcon.colcon_core.shell:Creating environment descriptor '/home/vincent-pc/ros2_jazzy/src/install/my_robot_interfaces/share/my_robot_interfaces/hook/ld_library_path_lib.dsv'
[1.027s] INFO:colcon.colcon_core.shell:Creating environment hook '/home/vincent-pc/ros2_jazzy/src/install/my_robot_interfaces/share/my_robot_interfaces/hook/ld_library_path_lib.sh'
[1.028s] Level 1:colcon.colcon_core.environment:checking '/home/vincent-pc/ros2_jazzy/src/install/my_robot_interfaces/bin'
[1.028s] Level 1:colcon.colcon_core.environment:checking '/home/vincent-pc/ros2_jazzy/src/install/my_robot_interfaces/lib/pkgconfig/my_robot_interfaces.pc'
[1.028s] Level 1:colcon.colcon_core.environment:checking '/home/vincent-pc/ros2_jazzy/src/install/my_robot_interfaces/lib/python3.12/site-packages'
[1.028s] Level 1:colcon.colcon_core.shell:create_environment_hook('my_robot_interfaces', 'pythonpath')
[1.028s] INFO:colcon.colcon_core.shell:Creating environment hook '/home/vincent-pc/ros2_jazzy/src/install/my_robot_interfaces/share/my_robot_interfaces/hook/pythonpath.ps1'
[1.029s] INFO:colcon.colcon_core.shell:Creating environment descriptor '/home/vincent-pc/ros2_jazzy/src/install/my_robot_interfaces/share/my_robot_interfaces/hook/pythonpath.dsv'
[1.029s] INFO:colcon.colcon_core.shell:Creating environment hook '/home/vincent-pc/ros2_jazzy/src/install/my_robot_interfaces/share/my_robot_interfaces/hook/pythonpath.sh'
[1.030s] Level 1:colcon.colcon_core.environment:checking '/home/vincent-pc/ros2_jazzy/src/install/my_robot_interfaces/bin'
[1.030s] INFO:colcon.colcon_core.shell:Creating package script '/home/vincent-pc/ros2_jazzy/src/install/my_robot_interfaces/share/my_robot_interfaces/package.ps1'
[1.030s] INFO:colcon.colcon_core.shell:Creating package descriptor '/home/vincent-pc/ros2_jazzy/src/install/my_robot_interfaces/share/my_robot_interfaces/package.dsv'
[1.031s] INFO:colcon.colcon_core.shell:Creating package script '/home/vincent-pc/ros2_jazzy/src/install/my_robot_interfaces/share/my_robot_interfaces/package.sh'
[1.031s] INFO:colcon.colcon_core.shell:Creating package script '/home/vincent-pc/ros2_jazzy/src/install/my_robot_interfaces/share/my_robot_interfaces/package.bash'
[1.032s] INFO:colcon.colcon_core.shell:Creating package script '/home/vincent-pc/ros2_jazzy/src/install/my_robot_interfaces/share/my_robot_interfaces/package.zsh'
[1.032s] Level 1:colcon.colcon_core.environment:create_file_with_runtime_dependencies(/home/vincent-pc/ros2_jazzy/src/install/my_robot_interfaces/share/colcon-core/packages/my_robot_interfaces)
[1.032s] INFO:colcon.colcon_ros.task.ament_cmake.build:Building ROS package in '/home/vincent-pc/ros2_jazzy/src/actions_cpp' with build type 'ament_cmake'
[1.033s] INFO:colcon.colcon_cmake.task.cmake.build:Building CMake package in '/home/vincent-pc/ros2_jazzy/src/actions_cpp'
[1.033s] INFO:colcon.colcon_core.shell:Skip shell extension 'powershell' for command environment: Not usable outside of PowerShell
[1.033s] DEBUG:colcon.colcon_core.shell:Skip shell extension 'dsv' for command environment
[1.039s] INFO:colcon.colcon_ros.task.ament_python.build:Building ROS package in '/home/vincent-pc/ros2_jazzy/src/actions_py' with build type 'ament_python'
[1.040s] Level 1:colcon.colcon_core.shell:create_environment_hook('actions_py', 'ament_prefix_path')
[1.042s] INFO:colcon.colcon_core.shell:Creating environment hook '/home/vincent-pc/ros2_jazzy/src/install/actions_py/share/actions_py/hook/ament_prefix_path.ps1'
[1.043s] INFO:colcon.colcon_core.shell:Creating environment descriptor '/home/vincent-pc/ros2_jazzy/src/install/actions_py/share/actions_py/hook/ament_prefix_path.dsv'
[1.044s] INFO:colcon.colcon_core.shell:Creating environment hook '/home/vincent-pc/ros2_jazzy/src/install/actions_py/share/actions_py/hook/ament_prefix_path.sh'
[1.047s] INFO:colcon.colcon_core.shell:Skip shell extension 'powershell' for command environment: Not usable outside of PowerShell
[1.047s] DEBUG:colcon.colcon_core.shell:Skip shell extension 'dsv' for command environment
[1.058s] INFO:colcon.colcon_ros.task.ament_cmake.build:Building ROS package in '/home/vincent-pc/ros2_jazzy/src/lifecycle_cpp' with build type 'ament_cmake'
[1.060s] INFO:colcon.colcon_cmake.task.cmake.build:Building CMake package in '/home/vincent-pc/ros2_jazzy/src/lifecycle_cpp'
[1.060s] INFO:colcon.colcon_core.shell:Skip shell extension 'powershell' for command environment: Not usable outside of PowerShell
[1.060s] DEBUG:colcon.colcon_core.shell:Skip shell extension 'dsv' for command environment
[1.069s] INFO:colcon.colcon_ros.task.ament_python.build:Building ROS package in '/home/vincent-pc/ros2_jazzy/src/lifecycle_py' with build type 'ament_python'
[1.071s] Level 1:colcon.colcon_core.shell:create_environment_hook('lifecycle_py', 'ament_prefix_path')
[1.071s] INFO:colcon.colcon_core.shell:Creating environment hook '/home/vincent-pc/ros2_jazzy/src/install/lifecycle_py/share/lifecycle_py/hook/ament_prefix_path.ps1'
[1.072s] INFO:colcon.colcon_core.shell:Creating environment descriptor '/home/vincent-pc/ros2_jazzy/src/install/lifecycle_py/share/lifecycle_py/hook/ament_prefix_path.dsv'
[1.073s] INFO:colcon.colcon_core.shell:Creating environment hook '/home/vincent-pc/ros2_jazzy/src/install/lifecycle_py/share/lifecycle_py/hook/ament_prefix_path.sh'
[1.073s] INFO:colcon.colcon_core.shell:Skip shell extension 'powershell' for command environment: Not usable outside of PowerShell
[1.074s] DEBUG:colcon.colcon_core.shell:Skip shell extension 'dsv' for command environment
[1.083s] INFO:colcon.colcon_ros.task.ament_cmake.build:Building ROS package in '/home/vincent-pc/ros2_jazzy/src/my_robot_cpp' with build type 'ament_cmake'
[1.086s] INFO:colcon.colcon_cmake.task.cmake.build:Building CMake package in '/home/vincent-pc/ros2_jazzy/src/my_robot_cpp'
[1.086s] INFO:colcon.colcon_core.shell:Skip shell extension 'powershell' for command environment: Not usable outside of PowerShell
[1.086s] DEBUG:colcon.colcon_core.shell:Skip shell extension 'dsv' for command environment
[1.101s] DEBUG:colcon.colcon_core.event_handler.log_command:Invoking command in '/home/vincent-pc/ros2_jazzy/src/build/actions_cpp': AMENT_PREFIX_PATH=/home/vincent-pc/ros2_jazzy/src/install/my_robot_interfaces:${AMENT_PREFIX_PATH} CMAKE_PREFIX_PATH=/home/vincent-pc/ros2_jazzy/src/install/my_robot_interfaces:/home/vincent-pc/ros2_jazzy/install/my_robot_cpp:/home/vincent-pc/ros2_jazzy/install/actions_cpp:/home/vincent-pc/ros2_jazzy/install/my_robot_interfaces:/home/vincent-pc/ros2_jazzy/install/my_robot_description:/home/vincent-pc/ros2_jazzy/install/my_robot_bringup:/opt/ros/jazzy/opt/gz_sim_vendor:/opt/ros/jazzy/opt/gz_sensors_vendor:/opt/ros/jazzy/opt/gz_physics_vendor:/opt/ros/jazzy/opt/sdformat_vendor:/opt/ros/jazzy/opt/gz_gui_vendor:/opt/ros/jazzy/opt/gz_transport_vendor:/opt/ros/jazzy/opt/gz_rendering_vendor:/opt/ros/jazzy/opt/gz_plugin_vendor:/opt/ros/jazzy/opt/gz_fuel_tools_vendor:/opt/ros/jazzy/opt/gz_msgs_vendor:/opt/ros/jazzy/opt/gz_common_vendor:/opt/ros/jazzy/opt/gz_math_vendor:/opt/ros/jazzy/opt/gz_utils_vendor:/opt/ros/jazzy/opt/gz_tools_vendor:/opt/ros/jazzy/opt/gz_ogre_next_vendor:/opt/ros/jazzy/opt/gz_dartsim_vendor:/opt/ros/jazzy/opt/gz_cmake_vendor:/home/vincent-pc/ros2_jazzy/install/my_robot_python:/home/vincent-pc/ros2_jazzy/install/actions_py:/opt/ros/jazzy DEBUGINFOD_URLS=https://debuginfod.ubuntu.com LD_LIBRARY_PATH=/home/vincent-pc/ros2_jazzy/src/install/my_robot_interfaces/lib:${LD_LIBRARY_PATH} PYTHONPATH=/home/vincent-pc/ros2_jazzy/src/install/my_robot_interfaces/lib/python3.12/site-packages:${PYTHONPATH} /usr/bin/cmake --build /home/vincent-pc/ros2_jazzy/src/build/actions_cpp -- -j8 -l8
[1.403s] INFO:colcon.colcon_core.task.python.build:Building Python package in '/home/vincent-pc/ros2_jazzy/src/actions_py'
[1.404s] INFO:colcon.colcon_core.shell:Skip shell extension 'powershell' for command environment: Not usable outside of PowerShell
[1.404s] DEBUG:colcon.colcon_core.shell:Skip shell extension 'dsv' for command environment
[1.413s] DEBUG:colcon.colcon_core.event_handler.log_command:Invoking command in '/home/vincent-pc/ros2_jazzy/src/build/lifecycle_cpp': AMENT_PREFIX_PATH=/home/vincent-pc/ros2_jazzy/src/install/my_robot_interfaces:${AMENT_PREFIX_PATH} CMAKE_PREFIX_PATH=/home/vincent-pc/ros2_jazzy/src/install/my_robot_interfaces:/home/vincent-pc/ros2_jazzy/install/my_robot_cpp:/home/vincent-pc/ros2_jazzy/install/actions_cpp:/home/vincent-pc/ros2_jazzy/install/my_robot_interfaces:/home/vincent-pc/ros2_jazzy/install/my_robot_description:/home/vincent-pc/ros2_jazzy/install/my_robot_bringup:/opt/ros/jazzy/opt/gz_sim_vendor:/opt/ros/jazzy/opt/gz_sensors_vendor:/opt/ros/jazzy/opt/gz_physics_vendor:/opt/ros/jazzy/opt/sdformat_vendor:/opt/ros/jazzy/opt/gz_gui_vendor:/opt/ros/jazzy/opt/gz_transport_vendor:/opt/ros/jazzy/opt/gz_rendering_vendor:/opt/ros/jazzy/opt/gz_plugin_vendor:/opt/ros/jazzy/opt/gz_fuel_tools_vendor:/opt/ros/jazzy/opt/gz_msgs_vendor:/opt/ros/jazzy/opt/gz_common_vendor:/opt/ros/jazzy/opt/gz_math_vendor:/opt/ros/jazzy/opt/gz_utils_vendor:/opt/ros/jazzy/opt/gz_tools_vendor:/opt/ros/jazzy/opt/gz_ogre_next_vendor:/opt/ros/jazzy/opt/gz_dartsim_vendor:/opt/ros/jazzy/opt/gz_cmake_vendor:/home/vincent-pc/ros2_jazzy/install/my_robot_python:/home/vincent-pc/ros2_jazzy/install/actions_py:/opt/ros/jazzy DEBUGINFOD_URLS=https://debuginfod.ubuntu.com LD_LIBRARY_PATH=/home/vincent-pc/ros2_jazzy/src/install/my_robot_interfaces/lib:${LD_LIBRARY_PATH} PYTHONPATH=/home/vincent-pc/ros2_jazzy/src/install/my_robot_interfaces/lib/python3.12/site-packages:${PYTHONPATH} /usr/bin/cmake --build /home/vincent-pc/ros2_jazzy/src/build/lifecycle_cpp -- -j8 -l8
[1.700s] INFO:colcon.colcon_core.task.python.build:Building Python package in '/home/vincent-pc/ros2_jazzy/src/lifecycle_py'
[1.701s] INFO:colcon.colcon_core.shell:Skip shell extension 'powershell' for command environment: Not usable outside of PowerShell
[1.701s] DEBUG:colcon.colcon_core.shell:Skip shell extension 'dsv' for command environment
[1.711s] DEBUG:colcon.colcon_core.event_handler.log_command:Invoking command in '/home/vincent-pc/ros2_jazzy/src/build/my_robot_cpp': AMENT_PREFIX_PATH=/home/vincent-pc/ros2_jazzy/src/install/my_robot_interfaces:${AMENT_PREFIX_PATH} CMAKE_PREFIX_PATH=/home/vincent-pc/ros2_jazzy/src/install/my_robot_interfaces:/home/vincent-pc/ros2_jazzy/install/my_robot_cpp:/home/vincent-pc/ros2_jazzy/install/actions_cpp:/home/vincent-pc/ros2_jazzy/install/my_robot_interfaces:/home/vincent-pc/ros2_jazzy/install/my_robot_description:/home/vincent-pc/ros2_jazzy/install/my_robot_bringup:/opt/ros/jazzy/opt/gz_sim_vendor:/opt/ros/jazzy/opt/gz_sensors_vendor:/opt/ros/jazzy/opt/gz_physics_vendor:/opt/ros/jazzy/opt/sdformat_vendor:/opt/ros/jazzy/opt/gz_gui_vendor:/opt/ros/jazzy/opt/gz_transport_vendor:/opt/ros/jazzy/opt/gz_rendering_vendor:/opt/ros/jazzy/opt/gz_plugin_vendor:/opt/ros/jazzy/opt/gz_fuel_tools_vendor:/opt/ros/jazzy/opt/gz_msgs_vendor:/opt/ros/jazzy/opt/gz_common_vendor:/opt/ros/jazzy/opt/gz_math_vendor:/opt/ros/jazzy/opt/gz_utils_vendor:/opt/ros/jazzy/opt/gz_tools_vendor:/opt/ros/jazzy/opt/gz_ogre_next_vendor:/opt/ros/jazzy/opt/gz_dartsim_vendor:/opt/ros/jazzy/opt/gz_cmake_vendor:/home/vincent-pc/ros2_jazzy/install/my_robot_python:/home/vincent-pc/ros2_jazzy/install/actions_py:/opt/ros/jazzy DEBUGINFOD_URLS=https://debuginfod.ubuntu.com LD_LIBRARY_PATH=/home/vincent-pc/ros2_jazzy/src/install/my_robot_interfaces/lib:${LD_LIBRARY_PATH} PYTHONPATH=/home/vincent-pc/ros2_jazzy/src/install/my_robot_interfaces/lib/python3.12/site-packages:${PYTHONPATH} /usr/bin/cmake --build /home/vincent-pc/ros2_jazzy/src/build/my_robot_cpp -- -j8 -l8
[1.711s] DEBUG:colcon.colcon_core.event_handler.log_command:Invoked command in '/home/vincent-pc/ros2_jazzy/src/build/actions_cpp' returned '0': AMENT_PREFIX_PATH=/home/vincent-pc/ros2_jazzy/src/install/my_robot_interfaces:${AMENT_PREFIX_PATH} CMAKE_PREFIX_PATH=/home/vincent-pc/ros2_jazzy/src/install/my_robot_interfaces:/home/vincent-pc/ros2_jazzy/install/my_robot_cpp:/home/vincent-pc/ros2_jazzy/install/actions_cpp:/home/vincent-pc/ros2_jazzy/install/my_robot_interfaces:/home/vincent-pc/ros2_jazzy/install/my_robot_description:/home/vincent-pc/ros2_jazzy/install/my_robot_bringup:/opt/ros/jazzy/opt/gz_sim_vendor:/opt/ros/jazzy/opt/gz_sensors_vendor:/opt/ros/jazzy/opt/gz_physics_vendor:/opt/ros/jazzy/opt/sdformat_vendor:/opt/ros/jazzy/opt/gz_gui_vendor:/opt/ros/jazzy/opt/gz_transport_vendor:/opt/ros/jazzy/opt/gz_rendering_vendor:/opt/ros/jazzy/opt/gz_plugin_vendor:/opt/ros/jazzy/opt/gz_fuel_tools_vendor:/opt/ros/jazzy/opt/gz_msgs_vendor:/opt/ros/jazzy/opt/gz_common_vendor:/opt/ros/jazzy/opt/gz_math_vendor:/opt/ros/jazzy/opt/gz_utils_vendor:/opt/ros/jazzy/opt/gz_tools_vendor:/opt/ros/jazzy/opt/gz_ogre_next_vendor:/opt/ros/jazzy/opt/gz_dartsim_vendor:/opt/ros/jazzy/opt/gz_cmake_vendor:/home/vincent-pc/ros2_jazzy/install/my_robot_python:/home/vincent-pc/ros2_jazzy/install/actions_py:/opt/ros/jazzy DEBUGINFOD_URLS=https://debuginfod.ubuntu.com LD_LIBRARY_PATH=/home/vincent-pc/ros2_jazzy/src/install/my_robot_interfaces/lib:${LD_LIBRARY_PATH} PYTHONPATH=/home/vincent-pc/ros2_jazzy/src/install/my_robot_interfaces/lib/python3.12/site-packages:${PYTHONPATH} /usr/bin/cmake --build /home/vincent-pc/ros2_jazzy/src/build/actions_cpp -- -j8 -l8
[1.713s] DEBUG:colcon.colcon_core.event_handler.log_command:Invoking command in '/home/vincent-pc/ros2_jazzy/src/build/actions_cpp': AMENT_PREFIX_PATH=/home/vincent-pc/ros2_jazzy/src/install/my_robot_interfaces:${AMENT_PREFIX_PATH} CMAKE_PREFIX_PATH=/home/vincent-pc/ros2_jazzy/src/install/my_robot_interfaces:/home/vincent-pc/ros2_jazzy/install/my_robot_cpp:/home/vincent-pc/ros2_jazzy/install/actions_cpp:/home/vincent-pc/ros2_jazzy/install/my_robot_interfaces:/home/vincent-pc/ros2_jazzy/install/my_robot_description:/home/vincent-pc/ros2_jazzy/install/my_robot_bringup:/opt/ros/jazzy/opt/gz_sim_vendor:/opt/ros/jazzy/opt/gz_sensors_vendor:/opt/ros/jazzy/opt/gz_physics_vendor:/opt/ros/jazzy/opt/sdformat_vendor:/opt/ros/jazzy/opt/gz_gui_vendor:/opt/ros/jazzy/opt/gz_transport_vendor:/opt/ros/jazzy/opt/gz_rendering_vendor:/opt/ros/jazzy/opt/gz_plugin_vendor:/opt/ros/jazzy/opt/gz_fuel_tools_vendor:/opt/ros/jazzy/opt/gz_msgs_vendor:/opt/ros/jazzy/opt/gz_common_vendor:/opt/ros/jazzy/opt/gz_math_vendor:/opt/ros/jazzy/opt/gz_utils_vendor:/opt/ros/jazzy/opt/gz_tools_vendor:/opt/ros/jazzy/opt/gz_ogre_next_vendor:/opt/ros/jazzy/opt/gz_dartsim_vendor:/opt/ros/jazzy/opt/gz_cmake_vendor:/home/vincent-pc/ros2_jazzy/install/my_robot_python:/home/vincent-pc/ros2_jazzy/install/actions_py:/opt/ros/jazzy DEBUGINFOD_URLS=https://debuginfod.ubuntu.com LD_LIBRARY_PATH=/home/vincent-pc/ros2_jazzy/src/install/my_robot_interfaces/lib:${LD_LIBRARY_PATH} PYTHONPATH=/home/vincent-pc/ros2_jazzy/src/install/my_robot_interfaces/lib/python3.12/site-packages:${PYTHONPATH} /usr/bin/cmake --install /home/vincent-pc/ros2_jazzy/src/build/actions_cpp
[1.719s] DEBUG:colcon.colcon_core.event_handler.log_command:Invoking command in '/home/vincent-pc/ros2_jazzy/src/build/my_robot_python': DEBUGINFOD_URLS=https://debuginfod.ubuntu.com PYTHONPATH=/home/vincent-pc/ros2_jazzy/src/build/my_robot_python/prefix_override:/usr/lib/python3/dist-packages/colcon_core/task/python/colcon_distutils_commands:/home/vincent-pc/ros2_jazzy/src/install/my_robot_python/lib/python3.12/site-packages:${PYTHONPATH} /usr/bin/python3 -W ignore:setup.py install is deprecated -W ignore:easy_install command is deprecated setup.py develop --editable --build-directory /home/vincent-pc/ros2_jazzy/src/build/my_robot_python/build --no-deps symlink_data
[1.756s] Level 1:colcon.colcon_core.environment:create_environment_scripts_only(actions_cpp)
[1.757s] Level 1:colcon.colcon_core.environment:checking '/home/vincent-pc/ros2_jazzy/src/install/actions_cpp' for CMake module files
[1.759s] Level 1:colcon.colcon_core.environment:checking '/home/vincent-pc/ros2_jazzy/src/install/actions_cpp' for CMake config files
[1.759s] Level 1:colcon.colcon_core.shell:create_environment_hook('actions_cpp', 'cmake_prefix_path')
[1.760s] INFO:colcon.colcon_core.shell:Creating environment hook '/home/vincent-pc/ros2_jazzy/src/install/actions_cpp/share/actions_cpp/hook/cmake_prefix_path.ps1'
[1.760s] DEBUG:colcon.colcon_core.event_handler.log_command:Invoked command in '/home/vincent-pc/ros2_jazzy/src/build/actions_cpp' returned '0': AMENT_PREFIX_PATH=/home/vincent-pc/ros2_jazzy/src/install/my_robot_interfaces:${AMENT_PREFIX_PATH} CMAKE_PREFIX_PATH=/home/vincent-pc/ros2_jazzy/src/install/my_robot_interfaces:/home/vincent-pc/ros2_jazzy/install/my_robot_cpp:/home/vincent-pc/ros2_jazzy/install/actions_cpp:/home/vincent-pc/ros2_jazzy/install/my_robot_interfaces:/home/vincent-pc/ros2_jazzy/install/my_robot_description:/home/vincent-pc/ros2_jazzy/install/my_robot_bringup:/opt/ros/jazzy/opt/gz_sim_vendor:/opt/ros/jazzy/opt/gz_sensors_vendor:/opt/ros/jazzy/opt/gz_physics_vendor:/opt/ros/jazzy/opt/sdformat_vendor:/opt/ros/jazzy/opt/gz_gui_vendor:/opt/ros/jazzy/opt/gz_transport_vendor:/opt/ros/jazzy/opt/gz_rendering_vendor:/opt/ros/jazzy/opt/gz_plugin_vendor:/opt/ros/jazzy/opt/gz_fuel_tools_vendor:/opt/ros/jazzy/opt/gz_msgs_vendor:/opt/ros/jazzy/opt/gz_common_vendor:/opt/ros/jazzy/opt/gz_math_vendor:/opt/ros/jazzy/opt/gz_utils_vendor:/opt/ros/jazzy/opt/gz_tools_vendor:/opt/ros/jazzy/opt/gz_ogre_next_vendor:/opt/ros/jazzy/opt/gz_dartsim_vendor:/opt/ros/jazzy/opt/gz_cmake_vendor:/home/vincent-pc/ros2_jazzy/install/my_robot_python:/home/vincent-pc/ros2_jazzy/install/actions_py:/opt/ros/jazzy DEBUGINFOD_URLS=https://debuginfod.ubuntu.com LD_LIBRARY_PATH=/home/vincent-pc/ros2_jazzy/src/install/my_robot_interfaces/lib:${LD_LIBRARY_PATH} PYTHONPATH=/home/vincent-pc/ros2_jazzy/src/install/my_robot_interfaces/lib/python3.12/site-packages:${PYTHONPATH} /usr/bin/cmake --install /home/vincent-pc/ros2_jazzy/src/build/actions_cpp
[1.761s] INFO:colcon.colcon_core.shell:Creating environment descriptor '/home/vincent-pc/ros2_jazzy/src/install/actions_cpp/share/actions_cpp/hook/cmake_prefix_path.dsv'
[1.761s] INFO:colcon.colcon_core.shell:Creating environment hook '/home/vincent-pc/ros2_jazzy/src/install/actions_cpp/share/actions_cpp/hook/cmake_prefix_path.sh'
[1.764s] Level 1:colcon.colcon_core.environment:checking '/home/vincent-pc/ros2_jazzy/src/install/actions_cpp/lib'
[1.765s] Level 1:colcon.colcon_core.environment:checking '/home/vincent-pc/ros2_jazzy/src/install/actions_cpp/bin'
[1.765s] Level 1:colcon.colcon_core.environment:checking '/home/vincent-pc/ros2_jazzy/src/install/actions_cpp/lib/pkgconfig/actions_cpp.pc'
[1.765s] Level 1:colcon.colcon_core.environment:checking '/home/vincent-pc/ros2_jazzy/src/install/actions_cpp/lib/python3.12/site-packages'
[1.766s] Level 1:colcon.colcon_core.environment:checking '/home/vincent-pc/ros2_jazzy/src/install/actions_cpp/bin'
[1.767s] INFO:colcon.colcon_core.shell:Creating package script '/home/vincent-pc/ros2_jazzy/src/install/actions_cpp/share/actions_cpp/package.ps1'
[1.768s] INFO:colcon.colcon_core.shell:Creating package descriptor '/home/vincent-pc/ros2_jazzy/src/install/actions_cpp/share/actions_cpp/package.dsv'
[1.769s] INFO:colcon.colcon_core.shell:Creating package script '/home/vincent-pc/ros2_jazzy/src/install/actions_cpp/share/actions_cpp/package.sh'
[1.770s] INFO:colcon.colcon_core.shell:Creating package script '/home/vincent-pc/ros2_jazzy/src/install/actions_cpp/share/actions_cpp/package.bash'
[1.771s] INFO:colcon.colcon_core.shell:Creating package script '/home/vincent-pc/ros2_jazzy/src/install/actions_cpp/share/actions_cpp/package.zsh'
[1.771s] Level 1:colcon.colcon_core.environment:create_file_with_runtime_dependencies(/home/vincent-pc/ros2_jazzy/src/install/actions_cpp/share/colcon-core/packages/actions_cpp)
[1.772s] Level 1:colcon.colcon_core.environment:create_environment_scripts_only(actions_cpp)
[1.772s] Level 1:colcon.colcon_core.environment:checking '/home/vincent-pc/ros2_jazzy/src/install/actions_cpp' for CMake module files
[1.773s] Level 1:colcon.colcon_core.environment:checking '/home/vincent-pc/ros2_jazzy/src/install/actions_cpp' for CMake config files
[1.775s] Level 1:colcon.colcon_core.shell:create_environment_hook('actions_cpp', 'cmake_prefix_path')
[1.776s] INFO:colcon.colcon_core.shell:Creating environment hook '/home/vincent-pc/ros2_jazzy/src/install/actions_cpp/share/actions_cpp/hook/cmake_prefix_path.ps1'
[1.776s] INFO:colcon.colcon_core.shell:Creating environment descriptor '/home/vincent-pc/ros2_jazzy/src/install/actions_cpp/share/actions_cpp/hook/cmake_prefix_path.dsv'
[1.783s] INFO:colcon.colcon_core.shell:Creating environment hook '/home/vincent-pc/ros2_jazzy/src/install/actions_cpp/share/actions_cpp/hook/cmake_prefix_path.sh'
[1.784s] Level 1:colcon.colcon_core.environment:checking '/home/vincent-pc/ros2_jazzy/src/install/actions_cpp/lib'
[1.785s] Level 1:colcon.colcon_core.environment:checking '/home/vincent-pc/ros2_jazzy/src/install/actions_cpp/bin'
[1.785s] Level 1:colcon.colcon_core.environment:checking '/home/vincent-pc/ros2_jazzy/src/install/actions_cpp/lib/pkgconfig/actions_cpp.pc'
[1.785s] Level 1:colcon.colcon_core.environment:checking '/home/vincent-pc/ros2_jazzy/src/install/actions_cpp/lib/python3.12/site-packages'
[1.786s] Level 1:colcon.colcon_core.environment:checking '/home/vincent-pc/ros2_jazzy/src/install/actions_cpp/bin'
[1.786s] INFO:colcon.colcon_core.shell:Creating package script '/home/vincent-pc/ros2_jazzy/src/install/actions_cpp/share/actions_cpp/package.ps1'
[1.792s] INFO:colcon.colcon_core.shell:Creating package descriptor '/home/vincent-pc/ros2_jazzy/src/install/actions_cpp/share/actions_cpp/package.dsv'
[1.793s] INFO:colcon.colcon_core.shell:Creating package script '/home/vincent-pc/ros2_jazzy/src/install/actions_cpp/share/actions_cpp/package.sh'
[1.794s] INFO:colcon.colcon_core.shell:Creating package script '/home/vincent-pc/ros2_jazzy/src/install/actions_cpp/share/actions_cpp/package.bash'
[1.795s] INFO:colcon.colcon_core.shell:Creating package script '/home/vincent-pc/ros2_jazzy/src/install/actions_cpp/share/actions_cpp/package.zsh'
[1.799s] Level 1:colcon.colcon_core.environment:create_file_with_runtime_dependencies(/home/vincent-pc/ros2_jazzy/src/install/actions_cpp/share/colcon-core/packages/actions_cpp)
[1.887s] DEBUG:colcon.colcon_core.event_handler.log_command:Invoked command in '/home/vincent-pc/ros2_jazzy/src/build/my_robot_cpp' returned '0': AMENT_PREFIX_PATH=/home/vincent-pc/ros2_jazzy/src/install/my_robot_interfaces:${AMENT_PREFIX_PATH} CMAKE_PREFIX_PATH=/home/vincent-pc/ros2_jazzy/src/install/my_robot_interfaces:/home/vincent-pc/ros2_jazzy/install/my_robot_cpp:/home/vincent-pc/ros2_jazzy/install/actions_cpp:/home/vincent-pc/ros2_jazzy/install/my_robot_interfaces:/home/vincent-pc/ros2_jazzy/install/my_robot_description:/home/vincent-pc/ros2_jazzy/install/my_robot_bringup:/opt/ros/jazzy/opt/gz_sim_vendor:/opt/ros/jazzy/opt/gz_sensors_vendor:/opt/ros/jazzy/opt/gz_physics_vendor:/opt/ros/jazzy/opt/sdformat_vendor:/opt/ros/jazzy/opt/gz_gui_vendor:/opt/ros/jazzy/opt/gz_transport_vendor:/opt/ros/jazzy/opt/gz_rendering_vendor:/opt/ros/jazzy/opt/gz_plugin_vendor:/opt/ros/jazzy/opt/gz_fuel_tools_vendor:/opt/ros/jazzy/opt/gz_msgs_vendor:/opt/ros/jazzy/opt/gz_common_vendor:/opt/ros/jazzy/opt/gz_math_vendor:/opt/ros/jazzy/opt/gz_utils_vendor:/opt/ros/jazzy/opt/gz_tools_vendor:/opt/ros/jazzy/opt/gz_ogre_next_vendor:/opt/ros/jazzy/opt/gz_dartsim_vendor:/opt/ros/jazzy/opt/gz_cmake_vendor:/home/vincent-pc/ros2_jazzy/install/my_robot_python:/home/vincent-pc/ros2_jazzy/install/actions_py:/opt/ros/jazzy DEBUGINFOD_URLS=https://debuginfod.ubuntu.com LD_LIBRARY_PATH=/home/vincent-pc/ros2_jazzy/src/install/my_robot_interfaces/lib:${LD_LIBRARY_PATH} PYTHONPATH=/home/vincent-pc/ros2_jazzy/src/install/my_robot_interfaces/lib/python3.12/site-packages:${PYTHONPATH} /usr/bin/cmake --build /home/vincent-pc/ros2_jazzy/src/build/my_robot_cpp -- -j8 -l8
[1.889s] DEBUG:colcon.colcon_core.event_handler.log_command:Invoking command in '/home/vincent-pc/ros2_jazzy/src/build/my_robot_cpp': AMENT_PREFIX_PATH=/home/vincent-pc/ros2_jazzy/src/install/my_robot_interfaces:${AMENT_PREFIX_PATH} CMAKE_PREFIX_PATH=/home/vincent-pc/ros2_jazzy/src/install/my_robot_interfaces:/home/vincent-pc/ros2_jazzy/install/my_robot_cpp:/home/vincent-pc/ros2_jazzy/install/actions_cpp:/home/vincent-pc/ros2_jazzy/install/my_robot_interfaces:/home/vincent-pc/ros2_jazzy/install/my_robot_description:/home/vincent-pc/ros2_jazzy/install/my_robot_bringup:/opt/ros/jazzy/opt/gz_sim_vendor:/opt/ros/jazzy/opt/gz_sensors_vendor:/opt/ros/jazzy/opt/gz_physics_vendor:/opt/ros/jazzy/opt/sdformat_vendor:/opt/ros/jazzy/opt/gz_gui_vendor:/opt/ros/jazzy/opt/gz_transport_vendor:/opt/ros/jazzy/opt/gz_rendering_vendor:/opt/ros/jazzy/opt/gz_plugin_vendor:/opt/ros/jazzy/opt/gz_fuel_tools_vendor:/opt/ros/jazzy/opt/gz_msgs_vendor:/opt/ros/jazzy/opt/gz_common_vendor:/opt/ros/jazzy/opt/gz_math_vendor:/opt/ros/jazzy/opt/gz_utils_vendor:/opt/ros/jazzy/opt/gz_tools_vendor:/opt/ros/jazzy/opt/gz_ogre_next_vendor:/opt/ros/jazzy/opt/gz_dartsim_vendor:/opt/ros/jazzy/opt/gz_cmake_vendor:/home/vincent-pc/ros2_jazzy/install/my_robot_python:/home/vincent-pc/ros2_jazzy/install/actions_py:/opt/ros/jazzy DEBUGINFOD_URLS=https://debuginfod.ubuntu.com LD_LIBRARY_PATH=/home/vincent-pc/ros2_jazzy/src/install/my_robot_interfaces/lib:${LD_LIBRARY_PATH} PYTHONPATH=/home/vincent-pc/ros2_jazzy/src/install/my_robot_interfaces/lib/python3.12/site-packages:${PYTHONPATH} /usr/bin/cmake --install /home/vincent-pc/ros2_jazzy/src/build/my_robot_cpp
[1.928s] Level 1:colcon.colcon_core.environment:create_environment_scripts_only(my_robot_cpp)
[1.928s] Level 1:colcon.colcon_core.environment:checking '/home/vincent-pc/ros2_jazzy/src/install/my_robot_cpp' for CMake module files
[1.929s] DEBUG:colcon.colcon_core.event_handler.log_command:Invoked command in '/home/vincent-pc/ros2_jazzy/src/build/my_robot_cpp' returned '0': AMENT_PREFIX_PATH=/home/vincent-pc/ros2_jazzy/src/install/my_robot_interfaces:${AMENT_PREFIX_PATH} CMAKE_PREFIX_PATH=/home/vincent-pc/ros2_jazzy/src/install/my_robot_interfaces:/home/vincent-pc/ros2_jazzy/install/my_robot_cpp:/home/vincent-pc/ros2_jazzy/install/actions_cpp:/home/vincent-pc/ros2_jazzy/install/my_robot_interfaces:/home/vincent-pc/ros2_jazzy/install/my_robot_description:/home/vincent-pc/ros2_jazzy/install/my_robot_bringup:/opt/ros/jazzy/opt/gz_sim_vendor:/opt/ros/jazzy/opt/gz_sensors_vendor:/opt/ros/jazzy/opt/gz_physics_vendor:/opt/ros/jazzy/opt/sdformat_vendor:/opt/ros/jazzy/opt/gz_gui_vendor:/opt/ros/jazzy/opt/gz_transport_vendor:/opt/ros/jazzy/opt/gz_rendering_vendor:/opt/ros/jazzy/opt/gz_plugin_vendor:/opt/ros/jazzy/opt/gz_fuel_tools_vendor:/opt/ros/jazzy/opt/gz_msgs_vendor:/opt/ros/jazzy/opt/gz_common_vendor:/opt/ros/jazzy/opt/gz_math_vendor:/opt/ros/jazzy/opt/gz_utils_vendor:/opt/ros/jazzy/opt/gz_tools_vendor:/opt/ros/jazzy/opt/gz_ogre_next_vendor:/opt/ros/jazzy/opt/gz_dartsim_vendor:/opt/ros/jazzy/opt/gz_cmake_vendor:/home/vincent-pc/ros2_jazzy/install/my_robot_python:/home/vincent-pc/ros2_jazzy/install/actions_py:/opt/ros/jazzy DEBUGINFOD_URLS=https://debuginfod.ubuntu.com LD_LIBRARY_PATH=/home/vincent-pc/ros2_jazzy/src/install/my_robot_interfaces/lib:${LD_LIBRARY_PATH} PYTHONPATH=/home/vincent-pc/ros2_jazzy/src/install/my_robot_interfaces/lib/python3.12/site-packages:${PYTHONPATH} /usr/bin/cmake --install /home/vincent-pc/ros2_jazzy/src/build/my_robot_cpp
[1.930s] Level 1:colcon.colcon_core.environment:checking '/home/vincent-pc/ros2_jazzy/src/install/my_robot_cpp' for CMake config files
[1.930s] Level 1:colcon.colcon_core.shell:create_environment_hook('my_robot_cpp', 'cmake_prefix_path')
[1.931s] INFO:colcon.colcon_core.shell:Creating environment hook '/home/vincent-pc/ros2_jazzy/src/install/my_robot_cpp/share/my_robot_cpp/hook/cmake_prefix_path.ps1'
[1.932s] INFO:colcon.colcon_core.shell:Creating environment descriptor '/home/vincent-pc/ros2_jazzy/src/install/my_robot_cpp/share/my_robot_cpp/hook/cmake_prefix_path.dsv'
[1.932s] INFO:colcon.colcon_core.shell:Creating environment hook '/home/vincent-pc/ros2_jazzy/src/install/my_robot_cpp/share/my_robot_cpp/hook/cmake_prefix_path.sh'
[1.934s] Level 1:colcon.colcon_core.environment:checking '/home/vincent-pc/ros2_jazzy/src/install/my_robot_cpp/lib'
[1.934s] Level 1:colcon.colcon_core.environment:checking '/home/vincent-pc/ros2_jazzy/src/install/my_robot_cpp/bin'
[1.934s] Level 1:colcon.colcon_core.environment:checking '/home/vincent-pc/ros2_jazzy/src/install/my_robot_cpp/lib/pkgconfig/my_robot_cpp.pc'
[1.934s] Level 1:colcon.colcon_core.environment:checking '/home/vincent-pc/ros2_jazzy/src/install/my_robot_cpp/lib/python3.12/site-packages'
[1.935s] Level 1:colcon.colcon_core.environment:checking '/home/vincent-pc/ros2_jazzy/src/install/my_robot_cpp/bin'
[1.935s] INFO:colcon.colcon_core.shell:Creating package script '/home/vincent-pc/ros2_jazzy/src/install/my_robot_cpp/share/my_robot_cpp/package.ps1'
[1.936s] INFO:colcon.colcon_core.shell:Creating package descriptor '/home/vincent-pc/ros2_jazzy/src/install/my_robot_cpp/share/my_robot_cpp/package.dsv'
[1.937s] INFO:colcon.colcon_core.shell:Creating package script '/home/vincent-pc/ros2_jazzy/src/install/my_robot_cpp/share/my_robot_cpp/package.sh'
[1.937s] INFO:colcon.colcon_core.shell:Creating package script '/home/vincent-pc/ros2_jazzy/src/install/my_robot_cpp/share/my_robot_cpp/package.bash'
[1.938s] INFO:colcon.colcon_core.shell:Creating package script '/home/vincent-pc/ros2_jazzy/src/install/my_robot_cpp/share/my_robot_cpp/package.zsh'
[1.938s] Level 1:colcon.colcon_core.environment:create_file_with_runtime_dependencies(/home/vincent-pc/ros2_jazzy/src/install/my_robot_cpp/share/colcon-core/packages/my_robot_cpp)
[1.939s] Level 1:colcon.colcon_core.environment:create_environment_scripts_only(my_robot_cpp)
[1.939s] Level 1:colcon.colcon_core.environment:checking '/home/vincent-pc/ros2_jazzy/src/install/my_robot_cpp' for CMake module files
[1.941s] Level 1:colcon.colcon_core.environment:checking '/home/vincent-pc/ros2_jazzy/src/install/my_robot_cpp' for CMake config files
[1.941s] Level 1:colcon.colcon_core.shell:create_environment_hook('my_robot_cpp', 'cmake_prefix_path')
[1.941s] INFO:colcon.colcon_core.shell:Creating environment hook '/home/vincent-pc/ros2_jazzy/src/install/my_robot_cpp/share/my_robot_cpp/hook/cmake_prefix_path.ps1'
[1.942s] INFO:colcon.colcon_core.shell:Creating environment descriptor '/home/vincent-pc/ros2_jazzy/src/install/my_robot_cpp/share/my_robot_cpp/hook/cmake_prefix_path.dsv'
[1.942s] INFO:colcon.colcon_core.shell:Creating environment hook '/home/vincent-pc/ros2_jazzy/src/install/my_robot_cpp/share/my_robot_cpp/hook/cmake_prefix_path.sh'
[1.943s] Level 1:colcon.colcon_core.environment:checking '/home/vincent-pc/ros2_jazzy/src/install/my_robot_cpp/lib'
[1.943s] Level 1:colcon.colcon_core.environment:checking '/home/vincent-pc/ros2_jazzy/src/install/my_robot_cpp/bin'
[1.944s] Level 1:colcon.colcon_core.environment:checking '/home/vincent-pc/ros2_jazzy/src/install/my_robot_cpp/lib/pkgconfig/my_robot_cpp.pc'
[1.944s] Level 1:colcon.colcon_core.environment:checking '/home/vincent-pc/ros2_jazzy/src/install/my_robot_cpp/lib/python3.12/site-packages'
[1.944s] Level 1:colcon.colcon_core.environment:checking '/home/vincent-pc/ros2_jazzy/src/install/my_robot_cpp/bin'
[1.945s] INFO:colcon.colcon_core.shell:Creating package script '/home/vincent-pc/ros2_jazzy/src/install/my_robot_cpp/share/my_robot_cpp/package.ps1'
[1.946s] INFO:colcon.colcon_core.shell:Creating package descriptor '/home/vincent-pc/ros2_jazzy/src/install/my_robot_cpp/share/my_robot_cpp/package.dsv'
[1.946s] INFO:colcon.colcon_core.shell:Creating package script '/home/vincent-pc/ros2_jazzy/src/install/my_robot_cpp/share/my_robot_cpp/package.sh'
[1.947s] INFO:colcon.colcon_core.shell:Creating package script '/home/vincent-pc/ros2_jazzy/src/install/my_robot_cpp/share/my_robot_cpp/package.bash'
[1.948s] INFO:colcon.colcon_core.shell:Creating package script '/home/vincent-pc/ros2_jazzy/src/install/my_robot_cpp/share/my_robot_cpp/package.zsh'
[1.949s] Level 1:colcon.colcon_core.environment:create_file_with_runtime_dependencies(/home/vincent-pc/ros2_jazzy/src/install/my_robot_cpp/share/colcon-core/packages/my_robot_cpp)
[2.782s] DEBUG:colcon.colcon_core.event_handler.log_command:Invoking command in '/home/vincent-pc/ros2_jazzy/src/build/lifecycle_py': AMENT_PREFIX_PATH=/home/vincent-pc/ros2_jazzy/src/install/my_robot_interfaces:${AMENT_PREFIX_PATH} CMAKE_PREFIX_PATH=/home/vincent-pc/ros2_jazzy/src/install/my_robot_interfaces:${CMAKE_PREFIX_PATH} DEBUGINFOD_URLS=https://debuginfod.ubuntu.com LD_LIBRARY_PATH=/home/vincent-pc/ros2_jazzy/src/install/my_robot_interfaces/lib:${LD_LIBRARY_PATH} PYTHONPATH=/home/vincent-pc/ros2_jazzy/src/build/lifecycle_py/prefix_override:/usr/lib/python3/dist-packages/colcon_core/task/python/colcon_distutils_commands:/home/vincent-pc/ros2_jazzy/src/install/lifecycle_py/lib/python3.12/site-packages:/home/vincent-pc/ros2_jazzy/src/install/my_robot_interfaces/lib/python3.12/site-packages:${PYTHONPATH} /usr/bin/python3 -W ignore:setup.py install is deprecated -W ignore:easy_install command is deprecated setup.py develop --editable --build-directory /home/vincent-pc/ros2_jazzy/src/build/lifecycle_py/build --no-deps symlink_data
[2.866s] DEBUG:colcon.colcon_core.event_handler.log_command:Invoking command in '/home/vincent-pc/ros2_jazzy/src/build/actions_py': AMENT_PREFIX_PATH=/home/vincent-pc/ros2_jazzy/src/install/my_robot_interfaces:${AMENT_PREFIX_PATH} CMAKE_PREFIX_PATH=/home/vincent-pc/ros2_jazzy/src/install/my_robot_interfaces:${CMAKE_PREFIX_PATH} DEBUGINFOD_URLS=https://debuginfod.ubuntu.com LD_LIBRARY_PATH=/home/vincent-pc/ros2_jazzy/src/install/my_robot_interfaces/lib:${LD_LIBRARY_PATH} PYTHONPATH=/home/vincent-pc/ros2_jazzy/src/build/actions_py/prefix_override:/usr/lib/python3/dist-packages/colcon_core/task/python/colcon_distutils_commands:/home/vincent-pc/ros2_jazzy/src/install/actions_py/lib/python3.12/site-packages:/home/vincent-pc/ros2_jazzy/src/install/my_robot_interfaces/lib/python3.12/site-packages:${PYTHONPATH} /usr/bin/python3 -W ignore:setup.py install is deprecated -W ignore:easy_install command is deprecated setup.py develop --editable --build-directory /home/vincent-pc/ros2_jazzy/src/build/actions_py/build --no-deps symlink_data
[2.994s] Level 1:colcon.colcon_core.shell:create_environment_hook('my_robot_python', 'pythonpath_develop')
[2.994s] INFO:colcon.colcon_core.shell:Creating environment hook '/home/vincent-pc/ros2_jazzy/src/build/my_robot_python/share/my_robot_python/hook/pythonpath_develop.ps1'
[2.995s] INFO:colcon.colcon_core.shell:Creating environment descriptor '/home/vincent-pc/ros2_jazzy/src/build/my_robot_python/share/my_robot_python/hook/pythonpath_develop.dsv'
[2.996s] DEBUG:colcon.colcon_core.event_handler.log_command:Invoked command in '/home/vincent-pc/ros2_jazzy/src/build/my_robot_python' returned '0': DEBUGINFOD_URLS=https://debuginfod.ubuntu.com PYTHONPATH=/home/vincent-pc/ros2_jazzy/src/build/my_robot_python/prefix_override:/usr/lib/python3/dist-packages/colcon_core/task/python/colcon_distutils_commands:/home/vincent-pc/ros2_jazzy/src/install/my_robot_python/lib/python3.12/site-packages:${PYTHONPATH} /usr/bin/python3 -W ignore:setup.py install is deprecated -W ignore:easy_install command is deprecated setup.py develop --editable --build-directory /home/vincent-pc/ros2_jazzy/src/build/my_robot_python/build --no-deps symlink_data
[2.996s] INFO:colcon.colcon_core.shell:Creating environment hook '/home/vincent-pc/ros2_jazzy/src/build/my_robot_python/share/my_robot_python/hook/pythonpath_develop.sh'
[2.997s] Level 1:colcon.colcon_core.environment:checking '/home/vincent-pc/ros2_jazzy/src/install/my_robot_python' for CMake module files
[2.998s] Level 1:colcon.colcon_core.environment:checking '/home/vincent-pc/ros2_jazzy/src/install/my_robot_python' for CMake config files
[2.999s] Level 1:colcon.colcon_core.environment:checking '/home/vincent-pc/ros2_jazzy/src/install/my_robot_python/lib'
[3.000s] Level 1:colcon.colcon_core.environment:checking '/home/vincent-pc/ros2_jazzy/src/install/my_robot_python/bin'
[3.000s] Level 1:colcon.colcon_core.environment:checking '/home/vincent-pc/ros2_jazzy/src/install/my_robot_python/lib/pkgconfig/my_robot_python.pc'
[3.001s] Level 1:colcon.colcon_core.environment:checking '/home/vincent-pc/ros2_jazzy/src/install/my_robot_python/lib/python3.12/site-packages'
[3.001s] Level 1:colcon.colcon_core.shell:create_environment_hook('my_robot_python', 'pythonpath')
[3.001s] INFO:colcon.colcon_core.shell:Creating environment hook '/home/vincent-pc/ros2_jazzy/src/install/my_robot_python/share/my_robot_python/hook/pythonpath.ps1'
[3.002s] INFO:colcon.colcon_core.shell:Creating environment descriptor '/home/vincent-pc/ros2_jazzy/src/install/my_robot_python/share/my_robot_python/hook/pythonpath.dsv'
[3.003s] INFO:colcon.colcon_core.shell:Creating environment hook '/home/vincent-pc/ros2_jazzy/src/install/my_robot_python/share/my_robot_python/hook/pythonpath.sh'
[3.004s] Level 1:colcon.colcon_core.environment:checking '/home/vincent-pc/ros2_jazzy/src/install/my_robot_python/bin'
[3.004s] Level 1:colcon.colcon_core.environment:create_environment_scripts_only(my_robot_python)
[3.004s] INFO:colcon.colcon_core.shell:Creating package script '/home/vincent-pc/ros2_jazzy/src/install/my_robot_python/share/my_robot_python/package.ps1'
[3.005s] INFO:colcon.colcon_core.shell:Creating package descriptor '/home/vincent-pc/ros2_jazzy/src/install/my_robot_python/share/my_robot_python/package.dsv'
[3.006s] INFO:colcon.colcon_core.shell:Creating package script '/home/vincent-pc/ros2_jazzy/src/install/my_robot_python/share/my_robot_python/package.sh'
[3.007s] INFO:colcon.colcon_core.shell:Creating package script '/home/vincent-pc/ros2_jazzy/src/install/my_robot_python/share/my_robot_python/package.bash'
[3.008s] INFO:colcon.colcon_core.shell:Creating package script '/home/vincent-pc/ros2_jazzy/src/install/my_robot_python/share/my_robot_python/package.zsh'
[3.008s] Level 1:colcon.colcon_core.environment:create_file_with_runtime_dependencies(/home/vincent-pc/ros2_jazzy/src/install/my_robot_python/share/colcon-core/packages/my_robot_python)
[3.773s] Level 1:colcon.colcon_core.shell:create_environment_hook('lifecycle_py', 'pythonpath_develop')
[3.774s] INFO:colcon.colcon_core.shell:Creating environment hook '/home/vincent-pc/ros2_jazzy/src/build/lifecycle_py/share/lifecycle_py/hook/pythonpath_develop.ps1'
[3.775s] DEBUG:colcon.colcon_core.event_handler.log_command:Invoked command in '/home/vincent-pc/ros2_jazzy/src/build/lifecycle_py' returned '0': AMENT_PREFIX_PATH=/home/vincent-pc/ros2_jazzy/src/install/my_robot_interfaces:${AMENT_PREFIX_PATH} CMAKE_PREFIX_PATH=/home/vincent-pc/ros2_jazzy/src/install/my_robot_interfaces:${CMAKE_PREFIX_PATH} DEBUGINFOD_URLS=https://debuginfod.ubuntu.com LD_LIBRARY_PATH=/home/vincent-pc/ros2_jazzy/src/install/my_robot_interfaces/lib:${LD_LIBRARY_PATH} PYTHONPATH=/home/vincent-pc/ros2_jazzy/src/build/lifecycle_py/prefix_override:/usr/lib/python3/dist-packages/colcon_core/task/python/colcon_distutils_commands:/home/vincent-pc/ros2_jazzy/src/install/lifecycle_py/lib/python3.12/site-packages:/home/vincent-pc/ros2_jazzy/src/install/my_robot_interfaces/lib/python3.12/site-packages:${PYTHONPATH} /usr/bin/python3 -W ignore:setup.py install is deprecated -W ignore:easy_install command is deprecated setup.py develop --editable --build-directory /home/vincent-pc/ros2_jazzy/src/build/lifecycle_py/build --no-deps symlink_data
[3.775s] INFO:colcon.colcon_core.shell:Creating environment descriptor '/home/vincent-pc/ros2_jazzy/src/build/lifecycle_py/share/lifecycle_py/hook/pythonpath_develop.dsv'
[3.776s] INFO:colcon.colcon_core.shell:Creating environment hook '/home/vincent-pc/ros2_jazzy/src/build/lifecycle_py/share/lifecycle_py/hook/pythonpath_develop.sh'
[3.777s] Level 1:colcon.colcon_core.environment:checking '/home/vincent-pc/ros2_jazzy/src/install/lifecycle_py' for CMake module files
[3.778s] Level 1:colcon.colcon_core.environment:checking '/home/vincent-pc/ros2_jazzy/src/install/lifecycle_py' for CMake config files
[3.778s] Level 1:colcon.colcon_core.environment:checking '/home/vincent-pc/ros2_jazzy/src/install/lifecycle_py/lib'
[3.779s] Level 1:colcon.colcon_core.environment:checking '/home/vincent-pc/ros2_jazzy/src/install/lifecycle_py/bin'
[3.779s] Level 1:colcon.colcon_core.environment:checking '/home/vincent-pc/ros2_jazzy/src/install/lifecycle_py/lib/pkgconfig/lifecycle_py.pc'
[3.779s] Level 1:colcon.colcon_core.environment:checking '/home/vincent-pc/ros2_jazzy/src/install/lifecycle_py/lib/python3.12/site-packages'
[3.779s] Level 1:colcon.colcon_core.shell:create_environment_hook('lifecycle_py', 'pythonpath')
[3.779s] INFO:colcon.colcon_core.shell:Creating environment hook '/home/vincent-pc/ros2_jazzy/src/install/lifecycle_py/share/lifecycle_py/hook/pythonpath.ps1'
[3.781s] INFO:colcon.colcon_core.shell:Creating environment descriptor '/home/vincent-pc/ros2_jazzy/src/install/lifecycle_py/share/lifecycle_py/hook/pythonpath.dsv'
[3.781s] INFO:colcon.colcon_core.shell:Creating environment hook '/home/vincent-pc/ros2_jazzy/src/install/lifecycle_py/share/lifecycle_py/hook/pythonpath.sh'
[3.782s] Level 1:colcon.colcon_core.environment:checking '/home/vincent-pc/ros2_jazzy/src/install/lifecycle_py/bin'
[3.783s] Level 1:colcon.colcon_core.environment:create_environment_scripts_only(lifecycle_py)
[3.783s] INFO:colcon.colcon_core.shell:Creating package script '/home/vincent-pc/ros2_jazzy/src/install/lifecycle_py/share/lifecycle_py/package.ps1'
[3.784s] INFO:colcon.colcon_core.shell:Creating package descriptor '/home/vincent-pc/ros2_jazzy/src/install/lifecycle_py/share/lifecycle_py/package.dsv'
[3.785s] INFO:colcon.colcon_core.shell:Creating package script '/home/vincent-pc/ros2_jazzy/src/install/lifecycle_py/share/lifecycle_py/package.sh'
[3.786s] INFO:colcon.colcon_core.shell:Creating package script '/home/vincent-pc/ros2_jazzy/src/install/lifecycle_py/share/lifecycle_py/package.bash'
[3.787s] INFO:colcon.colcon_core.shell:Creating package script '/home/vincent-pc/ros2_jazzy/src/install/lifecycle_py/share/lifecycle_py/package.zsh'
[3.787s] Level 1:colcon.colcon_core.environment:create_file_with_runtime_dependencies(/home/vincent-pc/ros2_jazzy/src/install/lifecycle_py/share/colcon-core/packages/lifecycle_py)
[4.024s] Level 1:colcon.colcon_core.shell:create_environment_hook('actions_py', 'pythonpath_develop')
[4.024s] INFO:colcon.colcon_core.shell:Creating environment hook '/home/vincent-pc/ros2_jazzy/src/build/actions_py/share/actions_py/hook/pythonpath_develop.ps1'
[4.024s] DEBUG:colcon.colcon_core.event_handler.log_command:Invoked command in '/home/vincent-pc/ros2_jazzy/src/build/actions_py' returned '0': AMENT_PREFIX_PATH=/home/vincent-pc/ros2_jazzy/src/install/my_robot_interfaces:${AMENT_PREFIX_PATH} CMAKE_PREFIX_PATH=/home/vincent-pc/ros2_jazzy/src/install/my_robot_interfaces:${CMAKE_PREFIX_PATH} DEBUGINFOD_URLS=https://debuginfod.ubuntu.com LD_LIBRARY_PATH=/home/vincent-pc/ros2_jazzy/src/install/my_robot_interfaces/lib:${LD_LIBRARY_PATH} PYTHONPATH=/home/vincent-pc/ros2_jazzy/src/build/actions_py/prefix_override:/usr/lib/python3/dist-packages/colcon_core/task/python/colcon_distutils_commands:/home/vincent-pc/ros2_jazzy/src/install/actions_py/lib/python3.12/site-packages:/home/vincent-pc/ros2_jazzy/src/install/my_robot_interfaces/lib/python3.12/site-packages:${PYTHONPATH} /usr/bin/python3 -W ignore:setup.py install is deprecated -W ignore:easy_install command is deprecated setup.py develop --editable --build-directory /home/vincent-pc/ros2_jazzy/src/build/actions_py/build --no-deps symlink_data
[4.025s] INFO:colcon.colcon_core.shell:Creating environment descriptor '/home/vincent-pc/ros2_jazzy/src/build/actions_py/share/actions_py/hook/pythonpath_develop.dsv'
[4.026s] INFO:colcon.colcon_core.shell:Creating environment hook '/home/vincent-pc/ros2_jazzy/src/build/actions_py/share/actions_py/hook/pythonpath_develop.sh'
[4.027s] Level 1:colcon.colcon_core.environment:checking '/home/vincent-pc/ros2_jazzy/src/install/actions_py' for CMake module files
[4.027s] Level 1:colcon.colcon_core.environment:checking '/home/vincent-pc/ros2_jazzy/src/install/actions_py' for CMake config files
[4.028s] Level 1:colcon.colcon_core.environment:checking '/home/vincent-pc/ros2_jazzy/src/install/actions_py/lib'
[4.028s] Level 1:colcon.colcon_core.environment:checking '/home/vincent-pc/ros2_jazzy/src/install/actions_py/bin'
[4.028s] Level 1:colcon.colcon_core.environment:checking '/home/vincent-pc/ros2_jazzy/src/install/actions_py/lib/pkgconfig/actions_py.pc'
[4.029s] Level 1:colcon.colcon_core.environment:checking '/home/vincent-pc/ros2_jazzy/src/install/actions_py/lib/python3.12/site-packages'
[4.029s] Level 1:colcon.colcon_core.shell:create_environment_hook('actions_py', 'pythonpath')
[4.029s] INFO:colcon.colcon_core.shell:Creating environment hook '/home/vincent-pc/ros2_jazzy/src/install/actions_py/share/actions_py/hook/pythonpath.ps1'
[4.030s] INFO:colcon.colcon_core.shell:Creating environment descriptor '/home/vincent-pc/ros2_jazzy/src/install/actions_py/share/actions_py/hook/pythonpath.dsv'
[4.030s] INFO:colcon.colcon_core.shell:Creating environment hook '/home/vincent-pc/ros2_jazzy/src/install/actions_py/share/actions_py/hook/pythonpath.sh'
[4.032s] Level 1:colcon.colcon_core.environment:checking '/home/vincent-pc/ros2_jazzy/src/install/actions_py/bin'
[4.032s] Level 1:colcon.colcon_core.environment:create_environment_scripts_only(actions_py)
[4.032s] INFO:colcon.colcon_core.shell:Creating package script '/home/vincent-pc/ros2_jazzy/src/install/actions_py/share/actions_py/package.ps1'
[4.033s] INFO:colcon.colcon_core.shell:Creating package descriptor '/home/vincent-pc/ros2_jazzy/src/install/actions_py/share/actions_py/package.dsv'
[4.034s] INFO:colcon.colcon_core.shell:Creating package script '/home/vincent-pc/ros2_jazzy/src/install/actions_py/share/actions_py/package.sh'
[4.035s] INFO:colcon.colcon_core.shell:Creating package script '/home/vincent-pc/ros2_jazzy/src/install/actions_py/share/actions_py/package.bash'
[4.035s] INFO:colcon.colcon_core.shell:Creating package script '/home/vincent-pc/ros2_jazzy/src/install/actions_py/share/actions_py/package.zsh'
[4.036s] Level 1:colcon.colcon_core.environment:create_file_with_runtime_dependencies(/home/vincent-pc/ros2_jazzy/src/install/actions_py/share/colcon-core/packages/actions_py)
[6.256s] DEBUG:colcon.colcon_core.event_handler.log_command:Invoked command in '/home/vincent-pc/ros2_jazzy/src/build/lifecycle_cpp' returned '2': AMENT_PREFIX_PATH=/home/vincent-pc/ros2_jazzy/src/install/my_robot_interfaces:${AMENT_PREFIX_PATH} CMAKE_PREFIX_PATH=/home/vincent-pc/ros2_jazzy/src/install/my_robot_interfaces:/home/vincent-pc/ros2_jazzy/install/my_robot_cpp:/home/vincent-pc/ros2_jazzy/install/actions_cpp:/home/vincent-pc/ros2_jazzy/install/my_robot_interfaces:/home/vincent-pc/ros2_jazzy/install/my_robot_description:/home/vincent-pc/ros2_jazzy/install/my_robot_bringup:/opt/ros/jazzy/opt/gz_sim_vendor:/opt/ros/jazzy/opt/gz_sensors_vendor:/opt/ros/jazzy/opt/gz_physics_vendor:/opt/ros/jazzy/opt/sdformat_vendor:/opt/ros/jazzy/opt/gz_gui_vendor:/opt/ros/jazzy/opt/gz_transport_vendor:/opt/ros/jazzy/opt/gz_rendering_vendor:/opt/ros/jazzy/opt/gz_plugin_vendor:/opt/ros/jazzy/opt/gz_fuel_tools_vendor:/opt/ros/jazzy/opt/gz_msgs_vendor:/opt/ros/jazzy/opt/gz_common_vendor:/opt/ros/jazzy/opt/gz_math_vendor:/opt/ros/jazzy/opt/gz_utils_vendor:/opt/ros/jazzy/opt/gz_tools_vendor:/opt/ros/jazzy/opt/gz_ogre_next_vendor:/opt/ros/jazzy/opt/gz_dartsim_vendor:/opt/ros/jazzy/opt/gz_cmake_vendor:/home/vincent-pc/ros2_jazzy/install/my_robot_python:/home/vincent-pc/ros2_jazzy/install/actions_py:/opt/ros/jazzy DEBUGINFOD_URLS=https://debuginfod.ubuntu.com LD_LIBRARY_PATH=/home/vincent-pc/ros2_jazzy/src/install/my_robot_interfaces/lib:${LD_LIBRARY_PATH} PYTHONPATH=/home/vincent-pc/ros2_jazzy/src/install/my_robot_interfaces/lib/python3.12/site-packages:${PYTHONPATH} /usr/bin/cmake --build /home/vincent-pc/ros2_jazzy/src/build/lifecycle_cpp -- -j8 -l8
[6.256s] Level 1:colcon.colcon_core.environment:create_environment_scripts_only(lifecycle_cpp)
[6.256s] Level 1:colcon.colcon_core.environment:checking '/home/vincent-pc/ros2_jazzy/src/install/lifecycle_cpp' for CMake module files
[6.257s] Level 1:colcon.colcon_core.environment:checking '/home/vincent-pc/ros2_jazzy/src/install/lifecycle_cpp' for CMake config files
[6.257s] Level 1:colcon.colcon_core.shell:create_environment_hook('lifecycle_cpp', 'cmake_prefix_path')
[6.257s] INFO:colcon.colcon_core.shell:Creating environment hook '/home/vincent-pc/ros2_jazzy/src/install/lifecycle_cpp/share/lifecycle_cpp/hook/cmake_prefix_path.ps1'
[6.258s] INFO:colcon.colcon_core.shell:Creating environment descriptor '/home/vincent-pc/ros2_jazzy/src/install/lifecycle_cpp/share/lifecycle_cpp/hook/cmake_prefix_path.dsv'
[6.258s] INFO:colcon.colcon_core.shell:Creating environment hook '/home/vincent-pc/ros2_jazzy/src/install/lifecycle_cpp/share/lifecycle_cpp/hook/cmake_prefix_path.sh'
[6.258s] Level 1:colcon.colcon_core.environment:checking '/home/vincent-pc/ros2_jazzy/src/install/lifecycle_cpp/bin'
[6.258s] Level 1:colcon.colcon_core.environment:checking '/home/vincent-pc/ros2_jazzy/src/install/lifecycle_cpp/lib/pkgconfig/lifecycle_cpp.pc'
[6.259s] Level 1:colcon.colcon_core.environment:checking '/home/vincent-pc/ros2_jazzy/src/install/lifecycle_cpp/lib/python3.12/site-packages'
[6.259s] Level 1:colcon.colcon_core.environment:checking '/home/vincent-pc/ros2_jazzy/src/install/lifecycle_cpp/bin'
[6.259s] INFO:colcon.colcon_core.shell:Creating package script '/home/vincent-pc/ros2_jazzy/src/install/lifecycle_cpp/share/lifecycle_cpp/package.ps1'
[6.260s] INFO:colcon.colcon_core.shell:Creating package descriptor '/home/vincent-pc/ros2_jazzy/src/install/lifecycle_cpp/share/lifecycle_cpp/package.dsv'
[6.260s] INFO:colcon.colcon_core.shell:Creating package script '/home/vincent-pc/ros2_jazzy/src/install/lifecycle_cpp/share/lifecycle_cpp/package.sh'
[6.260s] INFO:colcon.colcon_core.shell:Creating package script '/home/vincent-pc/ros2_jazzy/src/install/lifecycle_cpp/share/lifecycle_cpp/package.bash'
[6.261s] INFO:colcon.colcon_core.shell:Creating package script '/home/vincent-pc/ros2_jazzy/src/install/lifecycle_cpp/share/lifecycle_cpp/package.zsh'
[6.261s] Level 1:colcon.colcon_core.environment:create_file_with_runtime_dependencies(/home/vincent-pc/ros2_jazzy/src/install/lifecycle_cpp/share/colcon-core/packages/lifecycle_cpp)
[6.272s] DEBUG:colcon.colcon_parallel_executor.executor.parallel:closing loop
[6.272s] DEBUG:colcon.colcon_parallel_executor.executor.parallel:loop closed
[6.272s] DEBUG:colcon.colcon_parallel_executor.executor.parallel:run_until_complete finished with '2'
[6.272s] DEBUG:colcon.colcon_core.event_reactor:joining thread
[6.277s] INFO:colcon.colcon_core.plugin_system:Skipping extension 'colcon_notification.desktop_notification.terminal_notifier': Not used on non-Darwin systems
[6.278s] INFO:colcon.colcon_core.plugin_system:Skipping extension 'colcon_notification.desktop_notification.win32': Not used on non-Windows systems
[6.278s] INFO:colcon.colcon_notification.desktop_notification:Sending desktop notification using 'notify2'
[6.294s] DEBUG:colcon.colcon_core.event_reactor:joined thread
[6.294s] INFO:colcon.colcon_core.shell:Creating prefix script '/home/vincent-pc/ros2_jazzy/src/install/local_setup.ps1'
[6.295s] INFO:colcon.colcon_core.shell:Creating prefix util module '/home/vincent-pc/ros2_jazzy/src/install/_local_setup_util_ps1.py'
[6.296s] INFO:colcon.colcon_core.shell:Creating prefix chain script '/home/vincent-pc/ros2_jazzy/src/install/setup.ps1'
[6.298s] INFO:colcon.colcon_core.shell:Creating prefix script '/home/vincent-pc/ros2_jazzy/src/install/local_setup.sh'
[6.299s] INFO:colcon.colcon_core.shell:Creating prefix util module '/home/vincent-pc/ros2_jazzy/src/install/_local_setup_util_sh.py'
[6.300s] INFO:colcon.colcon_core.shell:Creating prefix chain script '/home/vincent-pc/ros2_jazzy/src/install/setup.sh'
[6.301s] INFO:colcon.colcon_core.shell:Creating prefix script '/home/vincent-pc/ros2_jazzy/src/install/local_setup.bash'
[6.302s] INFO:colcon.colcon_core.shell:Creating prefix chain script '/home/vincent-pc/ros2_jazzy/src/install/setup.bash'
[6.304s] INFO:colcon.colcon_core.shell:Creating prefix script '/home/vincent-pc/ros2_jazzy/src/install/local_setup.zsh'
[6.304s] INFO:colcon.colcon_core.shell:Creating prefix chain script '/home/vincent-pc/ros2_jazzy/src/install/setup.zsh'
