[0.114s] DEBUG:colcon:Command line arguments: ['/usr/bin/colcon', 'build']
[0.114s] DEBUG:colcon:Parsed command line arguments: Namespace(log_base=None, log_level=None, verb_name='build', build_base='build', install_base='install', merge_install=False, symlink_install=False, test_result_base=None, continue_on_error=False, executor='parallel', parallel_workers=8, event_handlers=None, ignore_user_meta=False, metas=['./colcon.meta'], base_paths=['.'], packages_ignore=None, packages_ignore_regex=None, paths=None, packages_up_to=None, packages_up_to_regex=None, packages_above=None, packages_above_and_dependencies=None, packages_above_depth=None, packages_select_by_dep=None, packages_skip_by_dep=None, packages_skip_up_to=None, packages_select_build_failed=False, packages_skip_build_finished=False, packages_select_test_failures=False, packages_skip_test_passed=False, packages_select=None, packages_skip=None, packages_select_regex=None, packages_skip_regex=None, packages_start=None, packages_end=None, allow_overriding=[], cmake_args=None, cmake_target=None, cmake_target_skip_unavailable=False, cmake_clean_cache=False, cmake_clean_first=False, cmake_force_configure=False, ament_cmake_args=None, catkin_cmake_args=None, catkin_skip_building_tests=False, mixin_files=None, mixin=None, verb_parser=<colcon_mixin.mixin.mixin_argument.MixinArgumentDecorator object at 0x717c7879e570>, verb_extension=<colcon_core.verb.build.BuildVerb object at 0x717c788ba150>, main=<bound method BuildVerb.main of <colcon_core.verb.build.BuildVerb object at 0x717c788ba150>>, mixin_verb=('build',))
[0.155s] Level 1:colcon.colcon_core.package_discovery:discover_packages(colcon_meta) check parameters
[0.155s] Level 1:colcon.colcon_core.package_discovery:discover_packages(recursive) check parameters
[0.155s] Level 1:colcon.colcon_core.package_discovery:discover_packages(ignore) check parameters
[0.155s] Level 1:colcon.colcon_core.package_discovery:discover_packages(path) check parameters
[0.155s] Level 1:colcon.colcon_core.package_discovery:discover_packages(colcon_meta) discover
[0.155s] Level 1:colcon.colcon_core.package_discovery:discover_packages(recursive) discover
[0.155s] INFO:colcon.colcon_core.package_discovery:Crawling recursively for packages in '/home/vincent-pc/ros2_jazzy'
[0.155s] Level 1:colcon.colcon_core.package_identification:_identify(.) by extensions ['ignore', 'ignore_ament_install']
[0.155s] Level 1:colcon.colcon_core.package_identification:_identify(.) by extension 'ignore'
[0.155s] Level 1:colcon.colcon_core.package_identification:_identify(.) by extension 'ignore_ament_install'
[0.155s] Level 1:colcon.colcon_core.package_identification:_identify(.) by extensions ['colcon_pkg']
[0.156s] Level 1:colcon.colcon_core.package_identification:_identify(.) by extension 'colcon_pkg'
[0.156s] Level 1:colcon.colcon_core.package_identification:_identify(.) by extensions ['colcon_meta']
[0.156s] Level 1:colcon.colcon_core.package_identification:_identify(.) by extension 'colcon_meta'
[0.156s] Level 1:colcon.colcon_core.package_identification:_identify(.) by extensions ['ros']
[0.156s] Level 1:colcon.colcon_core.package_identification:_identify(.) by extension 'ros'
[0.181s] Level 1:colcon.colcon_core.package_identification:_identify(.) by extensions ['cmake', 'python']
[0.181s] Level 1:colcon.colcon_core.package_identification:_identify(.) by extension 'cmake'
[0.181s] Level 1:colcon.colcon_core.package_identification:_identify(.) by extension 'python'
[0.181s] Level 1:colcon.colcon_core.package_identification:_identify(.) by extensions ['python_setup_py']
[0.181s] Level 1:colcon.colcon_core.package_identification:_identify(.) by extension 'python_setup_py'
[0.182s] Level 1:colcon.colcon_core.package_identification:_identify(build) by extensions ['ignore', 'ignore_ament_install']
[0.182s] Level 1:colcon.colcon_core.package_identification:_identify(build) by extension 'ignore'
[0.182s] Level 1:colcon.colcon_core.package_identification:_identify(build) ignored
[0.182s] Level 1:colcon.colcon_core.package_identification:_identify(final_project) by extensions ['ignore', 'ignore_ament_install']
[0.182s] Level 1:colcon.colcon_core.package_identification:_identify(final_project) by extension 'ignore'
[0.182s] Level 1:colcon.colcon_core.package_identification:_identify(final_project) by extension 'ignore_ament_install'
[0.182s] Level 1:colcon.colcon_core.package_identification:_identify(final_project) by extensions ['colcon_pkg']
[0.182s] Level 1:colcon.colcon_core.package_identification:_identify(final_project) by extension 'colcon_pkg'
[0.182s] Level 1:colcon.colcon_core.package_identification:_identify(final_project) by extensions ['colcon_meta']
[0.182s] Level 1:colcon.colcon_core.package_identification:_identify(final_project) by extension 'colcon_meta'
[0.183s] Level 1:colcon.colcon_core.package_identification:_identify(final_project) by extensions ['ros']
[0.183s] Level 1:colcon.colcon_core.package_identification:_identify(final_project) by extension 'ros'
[0.185s] DEBUG:colcon.colcon_core.package_identification:Package 'final_project' with type 'ros.ament_cmake' and name 'final_project'
[0.185s] Level 1:colcon.colcon_core.package_identification:_identify(install) by extensions ['ignore', 'ignore_ament_install']
[0.185s] Level 1:colcon.colcon_core.package_identification:_identify(install) by extension 'ignore'
[0.185s] Level 1:colcon.colcon_core.package_identification:_identify(install) ignored
[0.186s] Level 1:colcon.colcon_core.package_identification:_identify(log) by extensions ['ignore', 'ignore_ament_install']
[0.186s] Level 1:colcon.colcon_core.package_identification:_identify(log) by extension 'ignore'
[0.186s] Level 1:colcon.colcon_core.package_identification:_identify(log) ignored
[0.186s] Level 1:colcon.colcon_core.package_identification:_identify(py_controllers) by extensions ['ignore', 'ignore_ament_install']
[0.186s] Level 1:colcon.colcon_core.package_identification:_identify(py_controllers) by extension 'ignore'
[0.186s] Level 1:colcon.colcon_core.package_identification:_identify(py_controllers) by extension 'ignore_ament_install'
[0.186s] Level 1:colcon.colcon_core.package_identification:_identify(py_controllers) by extensions ['colcon_pkg']
[0.186s] Level 1:colcon.colcon_core.package_identification:_identify(py_controllers) by extension 'colcon_pkg'
[0.186s] Level 1:colcon.colcon_core.package_identification:_identify(py_controllers) by extensions ['colcon_meta']
[0.186s] Level 1:colcon.colcon_core.package_identification:_identify(py_controllers) by extension 'colcon_meta'
[0.186s] Level 1:colcon.colcon_core.package_identification:_identify(py_controllers) by extensions ['ros']
[0.186s] Level 1:colcon.colcon_core.package_identification:_identify(py_controllers) by extension 'ros'
[0.186s] Level 1:colcon.colcon_core.package_identification:_identify(py_controllers) by extensions ['cmake', 'python']
[0.186s] Level 1:colcon.colcon_core.package_identification:_identify(py_controllers) by extension 'cmake'
[0.186s] Level 1:colcon.colcon_core.package_identification:_identify(py_controllers) by extension 'python'
[0.186s] Level 1:colcon.colcon_core.package_identification:_identify(py_controllers) by extensions ['python_setup_py']
[0.186s] Level 1:colcon.colcon_core.package_identification:_identify(py_controllers) by extension 'python_setup_py'
[0.187s] Level 1:colcon.colcon_core.package_identification:_identify(shapes) by extensions ['ignore', 'ignore_ament_install']
[0.187s] Level 1:colcon.colcon_core.package_identification:_identify(shapes) by extension 'ignore'
[0.187s] Level 1:colcon.colcon_core.package_identification:_identify(shapes) by extension 'ignore_ament_install'
[0.187s] Level 1:colcon.colcon_core.package_identification:_identify(shapes) by extensions ['colcon_pkg']
[0.187s] Level 1:colcon.colcon_core.package_identification:_identify(shapes) by extension 'colcon_pkg'
[0.187s] Level 1:colcon.colcon_core.package_identification:_identify(shapes) by extensions ['colcon_meta']
[0.187s] Level 1:colcon.colcon_core.package_identification:_identify(shapes) by extension 'colcon_meta'
[0.187s] Level 1:colcon.colcon_core.package_identification:_identify(shapes) by extensions ['ros']
[0.187s] Level 1:colcon.colcon_core.package_identification:_identify(shapes) by extension 'ros'
[0.187s] Level 1:colcon.colcon_core.package_identification:_identify(shapes) by extensions ['cmake', 'python']
[0.187s] Level 1:colcon.colcon_core.package_identification:_identify(shapes) by extension 'cmake'
[0.187s] Level 1:colcon.colcon_core.package_identification:_identify(shapes) by extension 'python'
[0.187s] Level 1:colcon.colcon_core.package_identification:_identify(shapes) by extensions ['python_setup_py']
[0.187s] Level 1:colcon.colcon_core.package_identification:_identify(shapes) by extension 'python_setup_py'
[0.187s] Level 1:colcon.colcon_core.package_identification:_identify(shapes/meshes) by extensions ['ignore', 'ignore_ament_install']
[0.187s] Level 1:colcon.colcon_core.package_identification:_identify(shapes/meshes) by extension 'ignore'
[0.187s] Level 1:colcon.colcon_core.package_identification:_identify(shapes/meshes) by extension 'ignore_ament_install'
[0.187s] Level 1:colcon.colcon_core.package_identification:_identify(shapes/meshes) by extensions ['colcon_pkg']
[0.187s] Level 1:colcon.colcon_core.package_identification:_identify(shapes/meshes) by extension 'colcon_pkg'
[0.187s] Level 1:colcon.colcon_core.package_identification:_identify(shapes/meshes) by extensions ['colcon_meta']
[0.187s] Level 1:colcon.colcon_core.package_identification:_identify(shapes/meshes) by extension 'colcon_meta'
[0.187s] Level 1:colcon.colcon_core.package_identification:_identify(shapes/meshes) by extensions ['ros']
[0.187s] Level 1:colcon.colcon_core.package_identification:_identify(shapes/meshes) by extension 'ros'
[0.187s] Level 1:colcon.colcon_core.package_identification:_identify(shapes/meshes) by extensions ['cmake', 'python']
[0.188s] Level 1:colcon.colcon_core.package_identification:_identify(shapes/meshes) by extension 'cmake'
[0.188s] Level 1:colcon.colcon_core.package_identification:_identify(shapes/meshes) by extension 'python'
[0.188s] Level 1:colcon.colcon_core.package_identification:_identify(shapes/meshes) by extensions ['python_setup_py']
[0.188s] Level 1:colcon.colcon_core.package_identification:_identify(shapes/meshes) by extension 'python_setup_py'
[0.188s] Level 1:colcon.colcon_core.package_identification:_identify(src) by extensions ['ignore', 'ignore_ament_install']
[0.188s] Level 1:colcon.colcon_core.package_identification:_identify(src) by extension 'ignore'
[0.188s] Level 1:colcon.colcon_core.package_identification:_identify(src) by extension 'ignore_ament_install'
[0.188s] Level 1:colcon.colcon_core.package_identification:_identify(src) by extensions ['colcon_pkg']
[0.188s] Level 1:colcon.colcon_core.package_identification:_identify(src) by extension 'colcon_pkg'
[0.188s] Level 1:colcon.colcon_core.package_identification:_identify(src) by extensions ['colcon_meta']
[0.188s] Level 1:colcon.colcon_core.package_identification:_identify(src) by extension 'colcon_meta'
[0.188s] Level 1:colcon.colcon_core.package_identification:_identify(src) by extensions ['ros']
[0.188s] Level 1:colcon.colcon_core.package_identification:_identify(src) by extension 'ros'
[0.188s] Level 1:colcon.colcon_core.package_identification:_identify(src) by extensions ['cmake', 'python']
[0.188s] Level 1:colcon.colcon_core.package_identification:_identify(src) by extension 'cmake'
[0.188s] Level 1:colcon.colcon_core.package_identification:_identify(src) by extension 'python'
[0.188s] Level 1:colcon.colcon_core.package_identification:_identify(src) by extensions ['python_setup_py']
[0.188s] Level 1:colcon.colcon_core.package_identification:_identify(src) by extension 'python_setup_py'
[0.188s] Level 1:colcon.colcon_core.package_identification:_identify(src/actions_cpp) by extensions ['ignore', 'ignore_ament_install']
[0.188s] Level 1:colcon.colcon_core.package_identification:_identify(src/actions_cpp) by extension 'ignore'
[0.188s] Level 1:colcon.colcon_core.package_identification:_identify(src/actions_cpp) by extension 'ignore_ament_install'
[0.188s] Level 1:colcon.colcon_core.package_identification:_identify(src/actions_cpp) by extensions ['colcon_pkg']
[0.188s] Level 1:colcon.colcon_core.package_identification:_identify(src/actions_cpp) by extension 'colcon_pkg'
[0.189s] Level 1:colcon.colcon_core.package_identification:_identify(src/actions_cpp) by extensions ['colcon_meta']
[0.189s] Level 1:colcon.colcon_core.package_identification:_identify(src/actions_cpp) by extension 'colcon_meta'
[0.189s] Level 1:colcon.colcon_core.package_identification:_identify(src/actions_cpp) by extensions ['ros']
[0.189s] Level 1:colcon.colcon_core.package_identification:_identify(src/actions_cpp) by extension 'ros'
[0.189s] DEBUG:colcon.colcon_core.package_identification:Package 'src/actions_cpp' with type 'ros.ament_cmake' and name 'actions_cpp'
[0.189s] Level 1:colcon.colcon_core.package_identification:_identify(src/actions_py) by extensions ['ignore', 'ignore_ament_install']
[0.189s] Level 1:colcon.colcon_core.package_identification:_identify(src/actions_py) by extension 'ignore'
[0.189s] Level 1:colcon.colcon_core.package_identification:_identify(src/actions_py) by extension 'ignore_ament_install'
[0.189s] Level 1:colcon.colcon_core.package_identification:_identify(src/actions_py) by extensions ['colcon_pkg']
[0.189s] Level 1:colcon.colcon_core.package_identification:_identify(src/actions_py) by extension 'colcon_pkg'
[0.190s] Level 1:colcon.colcon_core.package_identification:_identify(src/actions_py) by extensions ['colcon_meta']
[0.190s] Level 1:colcon.colcon_core.package_identification:_identify(src/actions_py) by extension 'colcon_meta'
[0.190s] Level 1:colcon.colcon_core.package_identification:_identify(src/actions_py) by extensions ['ros']
[0.190s] Level 1:colcon.colcon_core.package_identification:_identify(src/actions_py) by extension 'ros'
[0.190s] DEBUG:colcon.colcon_core.package_identification:Package 'src/actions_py' with type 'ros.ament_python' and name 'actions_py'
[0.190s] Level 1:colcon.colcon_core.package_identification:_identify(src/build) by extensions ['ignore', 'ignore_ament_install']
[0.190s] Level 1:colcon.colcon_core.package_identification:_identify(src/build) by extension 'ignore'
[0.191s] Level 1:colcon.colcon_core.package_identification:_identify(src/build) ignored
[0.191s] Level 1:colcon.colcon_core.package_identification:_identify(src/components_cpp) by extensions ['ignore', 'ignore_ament_install']
[0.191s] Level 1:colcon.colcon_core.package_identification:_identify(src/components_cpp) by extension 'ignore'
[0.191s] Level 1:colcon.colcon_core.package_identification:_identify(src/components_cpp) by extension 'ignore_ament_install'
[0.191s] Level 1:colcon.colcon_core.package_identification:_identify(src/components_cpp) by extensions ['colcon_pkg']
[0.191s] Level 1:colcon.colcon_core.package_identification:_identify(src/components_cpp) by extension 'colcon_pkg'
[0.191s] Level 1:colcon.colcon_core.package_identification:_identify(src/components_cpp) by extensions ['colcon_meta']
[0.191s] Level 1:colcon.colcon_core.package_identification:_identify(src/components_cpp) by extension 'colcon_meta'
[0.191s] Level 1:colcon.colcon_core.package_identification:_identify(src/components_cpp) by extensions ['ros']
[0.191s] Level 1:colcon.colcon_core.package_identification:_identify(src/components_cpp) by extension 'ros'
[0.192s] DEBUG:colcon.colcon_core.package_identification:Package 'src/components_cpp' with type 'ros.ament_cmake' and name 'components_cpp'
[0.192s] Level 1:colcon.colcon_core.package_identification:_identify(src/components_py) by extensions ['ignore', 'ignore_ament_install']
[0.192s] Level 1:colcon.colcon_core.package_identification:_identify(src/components_py) by extension 'ignore'
[0.192s] Level 1:colcon.colcon_core.package_identification:_identify(src/components_py) by extension 'ignore_ament_install'
[0.192s] Level 1:colcon.colcon_core.package_identification:_identify(src/components_py) by extensions ['colcon_pkg']
[0.192s] Level 1:colcon.colcon_core.package_identification:_identify(src/components_py) by extension 'colcon_pkg'
[0.192s] Level 1:colcon.colcon_core.package_identification:_identify(src/components_py) by extensions ['colcon_meta']
[0.193s] Level 1:colcon.colcon_core.package_identification:_identify(src/components_py) by extension 'colcon_meta'
[0.193s] Level 1:colcon.colcon_core.package_identification:_identify(src/components_py) by extensions ['ros']
[0.193s] Level 1:colcon.colcon_core.package_identification:_identify(src/components_py) by extension 'ros'
[0.193s] DEBUG:colcon.colcon_core.package_identification:Package 'src/components_py' with type 'ros.ament_python' and name 'components_py'
[0.193s] Level 1:colcon.colcon_core.package_identification:_identify(src/executors_cpp) by extensions ['ignore', 'ignore_ament_install']
[0.193s] Level 1:colcon.colcon_core.package_identification:_identify(src/executors_cpp) by extension 'ignore'
[0.193s] Level 1:colcon.colcon_core.package_identification:_identify(src/executors_cpp) by extension 'ignore_ament_install'
[0.193s] Level 1:colcon.colcon_core.package_identification:_identify(src/executors_cpp) by extensions ['colcon_pkg']
[0.194s] Level 1:colcon.colcon_core.package_identification:_identify(src/executors_cpp) by extension 'colcon_pkg'
[0.194s] Level 1:colcon.colcon_core.package_identification:_identify(src/executors_cpp) by extensions ['colcon_meta']
[0.194s] Level 1:colcon.colcon_core.package_identification:_identify(src/executors_cpp) by extension 'colcon_meta'
[0.194s] Level 1:colcon.colcon_core.package_identification:_identify(src/executors_cpp) by extensions ['ros']
[0.194s] Level 1:colcon.colcon_core.package_identification:_identify(src/executors_cpp) by extension 'ros'
[0.194s] DEBUG:colcon.colcon_core.package_identification:Package 'src/executors_cpp' with type 'ros.ament_cmake' and name 'executors_cpp'
[0.194s] Level 1:colcon.colcon_core.package_identification:_identify(src/executors_py) by extensions ['ignore', 'ignore_ament_install']
[0.195s] Level 1:colcon.colcon_core.package_identification:_identify(src/executors_py) by extension 'ignore'
[0.195s] Level 1:colcon.colcon_core.package_identification:_identify(src/executors_py) by extension 'ignore_ament_install'
[0.195s] Level 1:colcon.colcon_core.package_identification:_identify(src/executors_py) by extensions ['colcon_pkg']
[0.195s] Level 1:colcon.colcon_core.package_identification:_identify(src/executors_py) by extension 'colcon_pkg'
[0.195s] Level 1:colcon.colcon_core.package_identification:_identify(src/executors_py) by extensions ['colcon_meta']
[0.195s] Level 1:colcon.colcon_core.package_identification:_identify(src/executors_py) by extension 'colcon_meta'
[0.195s] Level 1:colcon.colcon_core.package_identification:_identify(src/executors_py) by extensions ['ros']
[0.195s] Level 1:colcon.colcon_core.package_identification:_identify(src/executors_py) by extension 'ros'
[0.196s] DEBUG:colcon.colcon_core.package_identification:Package 'src/executors_py' with type 'ros.ament_python' and name 'executors_py'
[0.196s] Level 1:colcon.colcon_core.package_identification:_identify(src/install) by extensions ['ignore', 'ignore_ament_install']
[0.196s] Level 1:colcon.colcon_core.package_identification:_identify(src/install) by extension 'ignore'
[0.196s] Level 1:colcon.colcon_core.package_identification:_identify(src/install) ignored
[0.196s] Level 1:colcon.colcon_core.package_identification:_identify(src/lifecycle_cpp) by extensions ['ignore', 'ignore_ament_install']
[0.196s] Level 1:colcon.colcon_core.package_identification:_identify(src/lifecycle_cpp) by extension 'ignore'
[0.196s] Level 1:colcon.colcon_core.package_identification:_identify(src/lifecycle_cpp) by extension 'ignore_ament_install'
[0.196s] Level 1:colcon.colcon_core.package_identification:_identify(src/lifecycle_cpp) by extensions ['colcon_pkg']
[0.196s] Level 1:colcon.colcon_core.package_identification:_identify(src/lifecycle_cpp) by extension 'colcon_pkg'
[0.197s] Level 1:colcon.colcon_core.package_identification:_identify(src/lifecycle_cpp) by extensions ['colcon_meta']
[0.197s] Level 1:colcon.colcon_core.package_identification:_identify(src/lifecycle_cpp) by extension 'colcon_meta'
[0.197s] Level 1:colcon.colcon_core.package_identification:_identify(src/lifecycle_cpp) by extensions ['ros']
[0.197s] Level 1:colcon.colcon_core.package_identification:_identify(src/lifecycle_cpp) by extension 'ros'
[0.197s] DEBUG:colcon.colcon_core.package_identification:Package 'src/lifecycle_cpp' with type 'ros.ament_cmake' and name 'lifecycle_cpp'
[0.197s] Level 1:colcon.colcon_core.package_identification:_identify(src/lifecycle_py) by extensions ['ignore', 'ignore_ament_install']
[0.197s] Level 1:colcon.colcon_core.package_identification:_identify(src/lifecycle_py) by extension 'ignore'
[0.198s] Level 1:colcon.colcon_core.package_identification:_identify(src/lifecycle_py) by extension 'ignore_ament_install'
[0.198s] Level 1:colcon.colcon_core.package_identification:_identify(src/lifecycle_py) by extensions ['colcon_pkg']
[0.198s] Level 1:colcon.colcon_core.package_identification:_identify(src/lifecycle_py) by extension 'colcon_pkg'
[0.198s] Level 1:colcon.colcon_core.package_identification:_identify(src/lifecycle_py) by extensions ['colcon_meta']
[0.198s] Level 1:colcon.colcon_core.package_identification:_identify(src/lifecycle_py) by extension 'colcon_meta'
[0.198s] Level 1:colcon.colcon_core.package_identification:_identify(src/lifecycle_py) by extensions ['ros']
[0.198s] Level 1:colcon.colcon_core.package_identification:_identify(src/lifecycle_py) by extension 'ros'
[0.198s] DEBUG:colcon.colcon_core.package_identification:Package 'src/lifecycle_py' with type 'ros.ament_python' and name 'lifecycle_py'
[0.198s] Level 1:colcon.colcon_core.package_identification:_identify(src/log) by extensions ['ignore', 'ignore_ament_install']
[0.199s] Level 1:colcon.colcon_core.package_identification:_identify(src/log) by extension 'ignore'
[0.199s] Level 1:colcon.colcon_core.package_identification:_identify(src/log) ignored
[0.199s] Level 1:colcon.colcon_core.package_identification:_identify(src/my_robot_bringup) by extensions ['ignore', 'ignore_ament_install']
[0.199s] Level 1:colcon.colcon_core.package_identification:_identify(src/my_robot_bringup) by extension 'ignore'
[0.199s] Level 1:colcon.colcon_core.package_identification:_identify(src/my_robot_bringup) by extension 'ignore_ament_install'
[0.199s] Level 1:colcon.colcon_core.package_identification:_identify(src/my_robot_bringup) by extensions ['colcon_pkg']
[0.199s] Level 1:colcon.colcon_core.package_identification:_identify(src/my_robot_bringup) by extension 'colcon_pkg'
[0.199s] Level 1:colcon.colcon_core.package_identification:_identify(src/my_robot_bringup) by extensions ['colcon_meta']
[0.199s] Level 1:colcon.colcon_core.package_identification:_identify(src/my_robot_bringup) by extension 'colcon_meta'
[0.199s] Level 1:colcon.colcon_core.package_identification:_identify(src/my_robot_bringup) by extensions ['ros']
[0.199s] Level 1:colcon.colcon_core.package_identification:_identify(src/my_robot_bringup) by extension 'ros'
[0.200s] DEBUG:colcon.colcon_core.package_identification:Package 'src/my_robot_bringup' with type 'ros.ament_cmake' and name 'my_robot_bringup'
[0.200s] Level 1:colcon.colcon_core.package_identification:_identify(src/my_robot_cpp) by extensions ['ignore', 'ignore_ament_install']
[0.200s] Level 1:colcon.colcon_core.package_identification:_identify(src/my_robot_cpp) by extension 'ignore'
[0.200s] Level 1:colcon.colcon_core.package_identification:_identify(src/my_robot_cpp) by extension 'ignore_ament_install'
[0.200s] Level 1:colcon.colcon_core.package_identification:_identify(src/my_robot_cpp) by extensions ['colcon_pkg']
[0.200s] Level 1:colcon.colcon_core.package_identification:_identify(src/my_robot_cpp) by extension 'colcon_pkg'
[0.200s] Level 1:colcon.colcon_core.package_identification:_identify(src/my_robot_cpp) by extensions ['colcon_meta']
[0.200s] Level 1:colcon.colcon_core.package_identification:_identify(src/my_robot_cpp) by extension 'colcon_meta'
[0.200s] Level 1:colcon.colcon_core.package_identification:_identify(src/my_robot_cpp) by extensions ['ros']
[0.200s] Level 1:colcon.colcon_core.package_identification:_identify(src/my_robot_cpp) by extension 'ros'
[0.201s] DEBUG:colcon.colcon_core.package_identification:Package 'src/my_robot_cpp' with type 'ros.ament_cmake' and name 'my_robot_cpp'
[0.201s] Level 1:colcon.colcon_core.package_identification:_identify(src/my_robot_description) by extensions ['ignore', 'ignore_ament_install']
[0.201s] Level 1:colcon.colcon_core.package_identification:_identify(src/my_robot_description) by extension 'ignore'
[0.201s] Level 1:colcon.colcon_core.package_identification:_identify(src/my_robot_description) by extension 'ignore_ament_install'
[0.201s] Level 1:colcon.colcon_core.package_identification:_identify(src/my_robot_description) by extensions ['colcon_pkg']
[0.201s] Level 1:colcon.colcon_core.package_identification:_identify(src/my_robot_description) by extension 'colcon_pkg'
[0.201s] Level 1:colcon.colcon_core.package_identification:_identify(src/my_robot_description) by extensions ['colcon_meta']
[0.201s] Level 1:colcon.colcon_core.package_identification:_identify(src/my_robot_description) by extension 'colcon_meta'
[0.201s] Level 1:colcon.colcon_core.package_identification:_identify(src/my_robot_description) by extensions ['ros']
[0.201s] Level 1:colcon.colcon_core.package_identification:_identify(src/my_robot_description) by extension 'ros'
[0.202s] DEBUG:colcon.colcon_core.package_identification:Package 'src/my_robot_description' with type 'ros.ament_cmake' and name 'my_robot_description'
[0.202s] Level 1:colcon.colcon_core.package_identification:_identify(src/my_robot_interfaces) by extensions ['ignore', 'ignore_ament_install']
[0.202s] Level 1:colcon.colcon_core.package_identification:_identify(src/my_robot_interfaces) by extension 'ignore'
[0.202s] Level 1:colcon.colcon_core.package_identification:_identify(src/my_robot_interfaces) by extension 'ignore_ament_install'
[0.202s] Level 1:colcon.colcon_core.package_identification:_identify(src/my_robot_interfaces) by extensions ['colcon_pkg']
[0.202s] Level 1:colcon.colcon_core.package_identification:_identify(src/my_robot_interfaces) by extension 'colcon_pkg'
[0.202s] Level 1:colcon.colcon_core.package_identification:_identify(src/my_robot_interfaces) by extensions ['colcon_meta']
[0.202s] Level 1:colcon.colcon_core.package_identification:_identify(src/my_robot_interfaces) by extension 'colcon_meta'
[0.202s] Level 1:colcon.colcon_core.package_identification:_identify(src/my_robot_interfaces) by extensions ['ros']
[0.202s] Level 1:colcon.colcon_core.package_identification:_identify(src/my_robot_interfaces) by extension 'ros'
[0.202s] DEBUG:colcon.colcon_core.package_identification:Package 'src/my_robot_interfaces' with type 'ros.ament_cmake' and name 'my_robot_interfaces'
[0.203s] Level 1:colcon.colcon_core.package_identification:_identify(src/my_robot_python) by extensions ['ignore', 'ignore_ament_install']
[0.203s] Level 1:colcon.colcon_core.package_identification:_identify(src/my_robot_python) by extension 'ignore'
[0.203s] Level 1:colcon.colcon_core.package_identification:_identify(src/my_robot_python) by extension 'ignore_ament_install'
[0.203s] Level 1:colcon.colcon_core.package_identification:_identify(src/my_robot_python) by extensions ['colcon_pkg']
[0.203s] Level 1:colcon.colcon_core.package_identification:_identify(src/my_robot_python) by extension 'colcon_pkg'
[0.203s] Level 1:colcon.colcon_core.package_identification:_identify(src/my_robot_python) by extensions ['colcon_meta']
[0.203s] Level 1:colcon.colcon_core.package_identification:_identify(src/my_robot_python) by extension 'colcon_meta'
[0.203s] Level 1:colcon.colcon_core.package_identification:_identify(src/my_robot_python) by extensions ['ros']
[0.203s] Level 1:colcon.colcon_core.package_identification:_identify(src/my_robot_python) by extension 'ros'
[0.203s] DEBUG:colcon.colcon_core.package_identification:Package 'src/my_robot_python' with type 'ros.ament_python' and name 'my_robot_python'
[0.203s] Level 1:colcon.colcon_core.package_identification:_identify(src/robot_cpp) by extensions ['ignore', 'ignore_ament_install']
[0.203s] Level 1:colcon.colcon_core.package_identification:_identify(src/robot_cpp) by extension 'ignore'
[0.204s] Level 1:colcon.colcon_core.package_identification:_identify(src/robot_cpp) by extension 'ignore_ament_install'
[0.204s] Level 1:colcon.colcon_core.package_identification:_identify(src/robot_cpp) by extensions ['colcon_pkg']
[0.204s] Level 1:colcon.colcon_core.package_identification:_identify(src/robot_cpp) by extension 'colcon_pkg'
[0.204s] Level 1:colcon.colcon_core.package_identification:_identify(src/robot_cpp) by extensions ['colcon_meta']
[0.204s] Level 1:colcon.colcon_core.package_identification:_identify(src/robot_cpp) by extension 'colcon_meta'
[0.204s] Level 1:colcon.colcon_core.package_identification:_identify(src/robot_cpp) by extensions ['ros']
[0.204s] Level 1:colcon.colcon_core.package_identification:_identify(src/robot_cpp) by extension 'ros'
[0.204s] DEBUG:colcon.colcon_core.package_identification:Package 'src/robot_cpp' with type 'ros.ament_cmake' and name 'robot_cpp'
[0.204s] Level 1:colcon.colcon_core.package_identification:_identify(src/robot_py) by extensions ['ignore', 'ignore_ament_install']
[0.205s] Level 1:colcon.colcon_core.package_identification:_identify(src/robot_py) by extension 'ignore'
[0.205s] Level 1:colcon.colcon_core.package_identification:_identify(src/robot_py) by extension 'ignore_ament_install'
[0.205s] Level 1:colcon.colcon_core.package_identification:_identify(src/robot_py) by extensions ['colcon_pkg']
[0.205s] Level 1:colcon.colcon_core.package_identification:_identify(src/robot_py) by extension 'colcon_pkg'
[0.205s] Level 1:colcon.colcon_core.package_identification:_identify(src/robot_py) by extensions ['colcon_meta']
[0.205s] Level 1:colcon.colcon_core.package_identification:_identify(src/robot_py) by extension 'colcon_meta'
[0.205s] Level 1:colcon.colcon_core.package_identification:_identify(src/robot_py) by extensions ['ros']
[0.205s] Level 1:colcon.colcon_core.package_identification:_identify(src/robot_py) by extension 'ros'
[0.205s] DEBUG:colcon.colcon_core.package_identification:Package 'src/robot_py' with type 'ros.ament_python' and name 'robot_py'
[0.205s] Level 1:colcon.colcon_core.package_discovery:discover_packages(recursive) using defaults
[0.205s] Level 1:colcon.colcon_core.package_discovery:discover_packages(ignore) discover
[0.205s] Level 1:colcon.colcon_core.package_discovery:discover_packages(ignore) using defaults
[0.205s] Level 1:colcon.colcon_core.package_discovery:discover_packages(path) discover
[0.205s] Level 1:colcon.colcon_core.package_discovery:discover_packages(path) using defaults
[0.225s] Level 1:colcon.colcon_core.package_discovery:discover_packages(prefix_path) check parameters
[0.225s] Level 1:colcon.colcon_core.package_discovery:discover_packages(prefix_path) discover
[0.227s] DEBUG:colcon.colcon_installed_package_information.package_discovery:Found 16 installed packages in /home/vincent-pc/ros2_jazzy/install
[0.229s] DEBUG:colcon.colcon_installed_package_information.package_discovery:Found 317 installed packages in /opt/ros/jazzy
[0.230s] Level 1:colcon.colcon_core.package_discovery:discover_packages(prefix_path) using defaults
[0.271s] Level 5:colcon.colcon_core.verb:set package 'my_robot_description' build argument 'cmake_args' from command line to 'None'
[0.271s] Level 5:colcon.colcon_core.verb:set package 'my_robot_description' build argument 'cmake_target' from command line to 'None'
[0.271s] Level 5:colcon.colcon_core.verb:set package 'my_robot_description' build argument 'cmake_target_skip_unavailable' from command line to 'False'
[0.271s] Level 5:colcon.colcon_core.verb:set package 'my_robot_description' build argument 'cmake_clean_cache' from command line to 'False'
[0.271s] Level 5:colcon.colcon_core.verb:set package 'my_robot_description' build argument 'cmake_clean_first' from command line to 'False'
[0.271s] Level 5:colcon.colcon_core.verb:set package 'my_robot_description' build argument 'cmake_force_configure' from command line to 'False'
[0.271s] Level 5:colcon.colcon_core.verb:set package 'my_robot_description' build argument 'ament_cmake_args' from command line to 'None'
[0.271s] Level 5:colcon.colcon_core.verb:set package 'my_robot_description' build argument 'catkin_cmake_args' from command line to 'None'
[0.271s] Level 5:colcon.colcon_core.verb:set package 'my_robot_description' build argument 'catkin_skip_building_tests' from command line to 'False'
[0.271s] DEBUG:colcon.colcon_core.verb:Building package 'my_robot_description' with the following arguments: {'ament_cmake_args': None, 'build_base': '/home/vincent-pc/ros2_jazzy/build/my_robot_description', 'catkin_cmake_args': None, 'catkin_skip_building_tests': False, 'cmake_args': None, 'cmake_clean_cache': False, 'cmake_clean_first': False, 'cmake_force_configure': False, 'cmake_target': None, 'cmake_target_skip_unavailable': False, 'install_base': '/home/vincent-pc/ros2_jazzy/install/my_robot_description', 'merge_install': False, 'path': '/home/vincent-pc/ros2_jazzy/src/my_robot_description', 'symlink_install': False, 'test_result_base': None}
[0.272s] Level 5:colcon.colcon_core.verb:set package 'my_robot_interfaces' build argument 'cmake_args' from command line to 'None'
[0.272s] Level 5:colcon.colcon_core.verb:set package 'my_robot_interfaces' build argument 'cmake_target' from command line to 'None'
[0.272s] Level 5:colcon.colcon_core.verb:set package 'my_robot_interfaces' build argument 'cmake_target_skip_unavailable' from command line to 'False'
[0.272s] Level 5:colcon.colcon_core.verb:set package 'my_robot_interfaces' build argument 'cmake_clean_cache' from command line to 'False'
[0.272s] Level 5:colcon.colcon_core.verb:set package 'my_robot_interfaces' build argument 'cmake_clean_first' from command line to 'False'
[0.272s] Level 5:colcon.colcon_core.verb:set package 'my_robot_interfaces' build argument 'cmake_force_configure' from command line to 'False'
[0.272s] Level 5:colcon.colcon_core.verb:set package 'my_robot_interfaces' build argument 'ament_cmake_args' from command line to 'None'
[0.272s] Level 5:colcon.colcon_core.verb:set package 'my_robot_interfaces' build argument 'catkin_cmake_args' from command line to 'None'
[0.272s] Level 5:colcon.colcon_core.verb:set package 'my_robot_interfaces' build argument 'catkin_skip_building_tests' from command line to 'False'
[0.272s] DEBUG:colcon.colcon_core.verb:Building package 'my_robot_interfaces' with the following arguments: {'ament_cmake_args': None, 'build_base': '/home/vincent-pc/ros2_jazzy/build/my_robot_interfaces', 'catkin_cmake_args': None, 'catkin_skip_building_tests': False, 'cmake_args': None, 'cmake_clean_cache': False, 'cmake_clean_first': False, 'cmake_force_configure': False, 'cmake_target': None, 'cmake_target_skip_unavailable': False, 'install_base': '/home/vincent-pc/ros2_jazzy/install/my_robot_interfaces', 'merge_install': False, 'path': '/home/vincent-pc/ros2_jazzy/src/my_robot_interfaces', 'symlink_install': False, 'test_result_base': None}
[0.272s] Level 5:colcon.colcon_core.verb:set package 'my_robot_python' build argument 'cmake_args' from command line to 'None'
[0.272s] Level 5:colcon.colcon_core.verb:set package 'my_robot_python' build argument 'cmake_target' from command line to 'None'
[0.272s] Level 5:colcon.colcon_core.verb:set package 'my_robot_python' build argument 'cmake_target_skip_unavailable' from command line to 'False'
[0.272s] Level 5:colcon.colcon_core.verb:set package 'my_robot_python' build argument 'cmake_clean_cache' from command line to 'False'
[0.272s] Level 5:colcon.colcon_core.verb:set package 'my_robot_python' build argument 'cmake_clean_first' from command line to 'False'
[0.272s] Level 5:colcon.colcon_core.verb:set package 'my_robot_python' build argument 'cmake_force_configure' from command line to 'False'
[0.272s] Level 5:colcon.colcon_core.verb:set package 'my_robot_python' build argument 'ament_cmake_args' from command line to 'None'
[0.272s] Level 5:colcon.colcon_core.verb:set package 'my_robot_python' build argument 'catkin_cmake_args' from command line to 'None'
[0.272s] Level 5:colcon.colcon_core.verb:set package 'my_robot_python' build argument 'catkin_skip_building_tests' from command line to 'False'
[0.272s] DEBUG:colcon.colcon_core.verb:Building package 'my_robot_python' with the following arguments: {'ament_cmake_args': None, 'build_base': '/home/vincent-pc/ros2_jazzy/build/my_robot_python', 'catkin_cmake_args': None, 'catkin_skip_building_tests': False, 'cmake_args': None, 'cmake_clean_cache': False, 'cmake_clean_first': False, 'cmake_force_configure': False, 'cmake_target': None, 'cmake_target_skip_unavailable': False, 'install_base': '/home/vincent-pc/ros2_jazzy/install/my_robot_python', 'merge_install': False, 'path': '/home/vincent-pc/ros2_jazzy/src/my_robot_python', 'symlink_install': False, 'test_result_base': None}
[0.272s] Level 5:colcon.colcon_core.verb:set package 'robot_py' build argument 'cmake_args' from command line to 'None'
[0.273s] Level 5:colcon.colcon_core.verb:set package 'robot_py' build argument 'cmake_target' from command line to 'None'
[0.273s] Level 5:colcon.colcon_core.verb:set package 'robot_py' build argument 'cmake_target_skip_unavailable' from command line to 'False'
[0.273s] Level 5:colcon.colcon_core.verb:set package 'robot_py' build argument 'cmake_clean_cache' from command line to 'False'
[0.273s] Level 5:colcon.colcon_core.verb:set package 'robot_py' build argument 'cmake_clean_first' from command line to 'False'
[0.273s] Level 5:colcon.colcon_core.verb:set package 'robot_py' build argument 'cmake_force_configure' from command line to 'False'
[0.273s] Level 5:colcon.colcon_core.verb:set package 'robot_py' build argument 'ament_cmake_args' from command line to 'None'
[0.273s] Level 5:colcon.colcon_core.verb:set package 'robot_py' build argument 'catkin_cmake_args' from command line to 'None'
[0.273s] Level 5:colcon.colcon_core.verb:set package 'robot_py' build argument 'catkin_skip_building_tests' from command line to 'False'
[0.273s] DEBUG:colcon.colcon_core.verb:Building package 'robot_py' with the following arguments: {'ament_cmake_args': None, 'build_base': '/home/vincent-pc/ros2_jazzy/build/robot_py', 'catkin_cmake_args': None, 'catkin_skip_building_tests': False, 'cmake_args': None, 'cmake_clean_cache': False, 'cmake_clean_first': False, 'cmake_force_configure': False, 'cmake_target': None, 'cmake_target_skip_unavailable': False, 'install_base': '/home/vincent-pc/ros2_jazzy/install/robot_py', 'merge_install': False, 'path': '/home/vincent-pc/ros2_jazzy/src/robot_py', 'symlink_install': False, 'test_result_base': None}
[0.273s] Level 5:colcon.colcon_core.verb:set package 'actions_cpp' build argument 'cmake_args' from command line to 'None'
[0.273s] Level 5:colcon.colcon_core.verb:set package 'actions_cpp' build argument 'cmake_target' from command line to 'None'
[0.273s] Level 5:colcon.colcon_core.verb:set package 'actions_cpp' build argument 'cmake_target_skip_unavailable' from command line to 'False'
[0.273s] Level 5:colcon.colcon_core.verb:set package 'actions_cpp' build argument 'cmake_clean_cache' from command line to 'False'
[0.273s] Level 5:colcon.colcon_core.verb:set package 'actions_cpp' build argument 'cmake_clean_first' from command line to 'False'
[0.273s] Level 5:colcon.colcon_core.verb:set package 'actions_cpp' build argument 'cmake_force_configure' from command line to 'False'
[0.273s] Level 5:colcon.colcon_core.verb:set package 'actions_cpp' build argument 'ament_cmake_args' from command line to 'None'
[0.273s] Level 5:colcon.colcon_core.verb:set package 'actions_cpp' build argument 'catkin_cmake_args' from command line to 'None'
[0.273s] Level 5:colcon.colcon_core.verb:set package 'actions_cpp' build argument 'catkin_skip_building_tests' from command line to 'False'
[0.273s] DEBUG:colcon.colcon_core.verb:Building package 'actions_cpp' with the following arguments: {'ament_cmake_args': None, 'build_base': '/home/vincent-pc/ros2_jazzy/build/actions_cpp', 'catkin_cmake_args': None, 'catkin_skip_building_tests': False, 'cmake_args': None, 'cmake_clean_cache': False, 'cmake_clean_first': False, 'cmake_force_configure': False, 'cmake_target': None, 'cmake_target_skip_unavailable': False, 'install_base': '/home/vincent-pc/ros2_jazzy/install/actions_cpp', 'merge_install': False, 'path': '/home/vincent-pc/ros2_jazzy/src/actions_cpp', 'symlink_install': False, 'test_result_base': None}
[0.273s] Level 5:colcon.colcon_core.verb:set package 'actions_py' build argument 'cmake_args' from command line to 'None'
[0.273s] Level 5:colcon.colcon_core.verb:set package 'actions_py' build argument 'cmake_target' from command line to 'None'
[0.273s] Level 5:colcon.colcon_core.verb:set package 'actions_py' build argument 'cmake_target_skip_unavailable' from command line to 'False'
[0.273s] Level 5:colcon.colcon_core.verb:set package 'actions_py' build argument 'cmake_clean_cache' from command line to 'False'
[0.273s] Level 5:colcon.colcon_core.verb:set package 'actions_py' build argument 'cmake_clean_first' from command line to 'False'
[0.273s] Level 5:colcon.colcon_core.verb:set package 'actions_py' build argument 'cmake_force_configure' from command line to 'False'
[0.273s] Level 5:colcon.colcon_core.verb:set package 'actions_py' build argument 'ament_cmake_args' from command line to 'None'
[0.273s] Level 5:colcon.colcon_core.verb:set package 'actions_py' build argument 'catkin_cmake_args' from command line to 'None'
[0.273s] Level 5:colcon.colcon_core.verb:set package 'actions_py' build argument 'catkin_skip_building_tests' from command line to 'False'
[0.273s] DEBUG:colcon.colcon_core.verb:Building package 'actions_py' with the following arguments: {'ament_cmake_args': None, 'build_base': '/home/vincent-pc/ros2_jazzy/build/actions_py', 'catkin_cmake_args': None, 'catkin_skip_building_tests': False, 'cmake_args': None, 'cmake_clean_cache': False, 'cmake_clean_first': False, 'cmake_force_configure': False, 'cmake_target': None, 'cmake_target_skip_unavailable': False, 'install_base': '/home/vincent-pc/ros2_jazzy/install/actions_py', 'merge_install': False, 'path': '/home/vincent-pc/ros2_jazzy/src/actions_py', 'symlink_install': False, 'test_result_base': None}
[0.274s] Level 5:colcon.colcon_core.verb:set package 'components_cpp' build argument 'cmake_args' from command line to 'None'
[0.274s] Level 5:colcon.colcon_core.verb:set package 'components_cpp' build argument 'cmake_target' from command line to 'None'
[0.274s] Level 5:colcon.colcon_core.verb:set package 'components_cpp' build argument 'cmake_target_skip_unavailable' from command line to 'False'
[0.274s] Level 5:colcon.colcon_core.verb:set package 'components_cpp' build argument 'cmake_clean_cache' from command line to 'False'
[0.274s] Level 5:colcon.colcon_core.verb:set package 'components_cpp' build argument 'cmake_clean_first' from command line to 'False'
[0.274s] Level 5:colcon.colcon_core.verb:set package 'components_cpp' build argument 'cmake_force_configure' from command line to 'False'
[0.274s] Level 5:colcon.colcon_core.verb:set package 'components_cpp' build argument 'ament_cmake_args' from command line to 'None'
[0.274s] Level 5:colcon.colcon_core.verb:set package 'components_cpp' build argument 'catkin_cmake_args' from command line to 'None'
[0.274s] Level 5:colcon.colcon_core.verb:set package 'components_cpp' build argument 'catkin_skip_building_tests' from command line to 'False'
[0.274s] DEBUG:colcon.colcon_core.verb:Building package 'components_cpp' with the following arguments: {'ament_cmake_args': None, 'build_base': '/home/vincent-pc/ros2_jazzy/build/components_cpp', 'catkin_cmake_args': None, 'catkin_skip_building_tests': False, 'cmake_args': None, 'cmake_clean_cache': False, 'cmake_clean_first': False, 'cmake_force_configure': False, 'cmake_target': None, 'cmake_target_skip_unavailable': False, 'install_base': '/home/vincent-pc/ros2_jazzy/install/components_cpp', 'merge_install': False, 'path': '/home/vincent-pc/ros2_jazzy/src/components_cpp', 'symlink_install': False, 'test_result_base': None}
[0.274s] Level 5:colcon.colcon_core.verb:set package 'components_py' build argument 'cmake_args' from command line to 'None'
[0.274s] Level 5:colcon.colcon_core.verb:set package 'components_py' build argument 'cmake_target' from command line to 'None'
[0.274s] Level 5:colcon.colcon_core.verb:set package 'components_py' build argument 'cmake_target_skip_unavailable' from command line to 'False'
[0.274s] Level 5:colcon.colcon_core.verb:set package 'components_py' build argument 'cmake_clean_cache' from command line to 'False'
[0.274s] Level 5:colcon.colcon_core.verb:set package 'components_py' build argument 'cmake_clean_first' from command line to 'False'
[0.274s] Level 5:colcon.colcon_core.verb:set package 'components_py' build argument 'cmake_force_configure' from command line to 'False'
[0.274s] Level 5:colcon.colcon_core.verb:set package 'components_py' build argument 'ament_cmake_args' from command line to 'None'
[0.274s] Level 5:colcon.colcon_core.verb:set package 'components_py' build argument 'catkin_cmake_args' from command line to 'None'
[0.274s] Level 5:colcon.colcon_core.verb:set package 'components_py' build argument 'catkin_skip_building_tests' from command line to 'False'
[0.274s] DEBUG:colcon.colcon_core.verb:Building package 'components_py' with the following arguments: {'ament_cmake_args': None, 'build_base': '/home/vincent-pc/ros2_jazzy/build/components_py', 'catkin_cmake_args': None, 'catkin_skip_building_tests': False, 'cmake_args': None, 'cmake_clean_cache': False, 'cmake_clean_first': False, 'cmake_force_configure': False, 'cmake_target': None, 'cmake_target_skip_unavailable': False, 'install_base': '/home/vincent-pc/ros2_jazzy/install/components_py', 'merge_install': False, 'path': '/home/vincent-pc/ros2_jazzy/src/components_py', 'symlink_install': False, 'test_result_base': None}
[0.274s] Level 5:colcon.colcon_core.verb:set package 'executors_cpp' build argument 'cmake_args' from command line to 'None'
[0.274s] Level 5:colcon.colcon_core.verb:set package 'executors_cpp' build argument 'cmake_target' from command line to 'None'
[0.274s] Level 5:colcon.colcon_core.verb:set package 'executors_cpp' build argument 'cmake_target_skip_unavailable' from command line to 'False'
[0.274s] Level 5:colcon.colcon_core.verb:set package 'executors_cpp' build argument 'cmake_clean_cache' from command line to 'False'
[0.275s] Level 5:colcon.colcon_core.verb:set package 'executors_cpp' build argument 'cmake_clean_first' from command line to 'False'
[0.275s] Level 5:colcon.colcon_core.verb:set package 'executors_cpp' build argument 'cmake_force_configure' from command line to 'False'
[0.275s] Level 5:colcon.colcon_core.verb:set package 'executors_cpp' build argument 'ament_cmake_args' from command line to 'None'
[0.275s] Level 5:colcon.colcon_core.verb:set package 'executors_cpp' build argument 'catkin_cmake_args' from command line to 'None'
[0.275s] Level 5:colcon.colcon_core.verb:set package 'executors_cpp' build argument 'catkin_skip_building_tests' from command line to 'False'
[0.275s] DEBUG:colcon.colcon_core.verb:Building package 'executors_cpp' with the following arguments: {'ament_cmake_args': None, 'build_base': '/home/vincent-pc/ros2_jazzy/build/executors_cpp', 'catkin_cmake_args': None, 'catkin_skip_building_tests': False, 'cmake_args': None, 'cmake_clean_cache': False, 'cmake_clean_first': False, 'cmake_force_configure': False, 'cmake_target': None, 'cmake_target_skip_unavailable': False, 'install_base': '/home/vincent-pc/ros2_jazzy/install/executors_cpp', 'merge_install': False, 'path': '/home/vincent-pc/ros2_jazzy/src/executors_cpp', 'symlink_install': False, 'test_result_base': None}
[0.275s] Level 5:colcon.colcon_core.verb:set package 'executors_py' build argument 'cmake_args' from command line to 'None'
[0.275s] Level 5:colcon.colcon_core.verb:set package 'executors_py' build argument 'cmake_target' from command line to 'None'
[0.275s] Level 5:colcon.colcon_core.verb:set package 'executors_py' build argument 'cmake_target_skip_unavailable' from command line to 'False'
[0.275s] Level 5:colcon.colcon_core.verb:set package 'executors_py' build argument 'cmake_clean_cache' from command line to 'False'
[0.275s] Level 5:colcon.colcon_core.verb:set package 'executors_py' build argument 'cmake_clean_first' from command line to 'False'
[0.275s] Level 5:colcon.colcon_core.verb:set package 'executors_py' build argument 'cmake_force_configure' from command line to 'False'
[0.275s] Level 5:colcon.colcon_core.verb:set package 'executors_py' build argument 'ament_cmake_args' from command line to 'None'
[0.275s] Level 5:colcon.colcon_core.verb:set package 'executors_py' build argument 'catkin_cmake_args' from command line to 'None'
[0.275s] Level 5:colcon.colcon_core.verb:set package 'executors_py' build argument 'catkin_skip_building_tests' from command line to 'False'
[0.275s] DEBUG:colcon.colcon_core.verb:Building package 'executors_py' with the following arguments: {'ament_cmake_args': None, 'build_base': '/home/vincent-pc/ros2_jazzy/build/executors_py', 'catkin_cmake_args': None, 'catkin_skip_building_tests': False, 'cmake_args': None, 'cmake_clean_cache': False, 'cmake_clean_first': False, 'cmake_force_configure': False, 'cmake_target': None, 'cmake_target_skip_unavailable': False, 'install_base': '/home/vincent-pc/ros2_jazzy/install/executors_py', 'merge_install': False, 'path': '/home/vincent-pc/ros2_jazzy/src/executors_py', 'symlink_install': False, 'test_result_base': None}
[0.275s] Level 5:colcon.colcon_core.verb:set package 'final_project' build argument 'cmake_args' from command line to 'None'
[0.275s] Level 5:colcon.colcon_core.verb:set package 'final_project' build argument 'cmake_target' from command line to 'None'
[0.275s] Level 5:colcon.colcon_core.verb:set package 'final_project' build argument 'cmake_target_skip_unavailable' from command line to 'False'
[0.275s] Level 5:colcon.colcon_core.verb:set package 'final_project' build argument 'cmake_clean_cache' from command line to 'False'
[0.275s] Level 5:colcon.colcon_core.verb:set package 'final_project' build argument 'cmake_clean_first' from command line to 'False'
[0.275s] Level 5:colcon.colcon_core.verb:set package 'final_project' build argument 'cmake_force_configure' from command line to 'False'
[0.275s] Level 5:colcon.colcon_core.verb:set package 'final_project' build argument 'ament_cmake_args' from command line to 'None'
[0.275s] Level 5:colcon.colcon_core.verb:set package 'final_project' build argument 'catkin_cmake_args' from command line to 'None'
[0.275s] Level 5:colcon.colcon_core.verb:set package 'final_project' build argument 'catkin_skip_building_tests' from command line to 'False'
[0.275s] DEBUG:colcon.colcon_core.verb:Building package 'final_project' with the following arguments: {'ament_cmake_args': None, 'build_base': '/home/vincent-pc/ros2_jazzy/build/final_project', 'catkin_cmake_args': None, 'catkin_skip_building_tests': False, 'cmake_args': None, 'cmake_clean_cache': False, 'cmake_clean_first': False, 'cmake_force_configure': False, 'cmake_target': None, 'cmake_target_skip_unavailable': False, 'install_base': '/home/vincent-pc/ros2_jazzy/install/final_project', 'merge_install': False, 'path': '/home/vincent-pc/ros2_jazzy/final_project', 'symlink_install': False, 'test_result_base': None}
[0.275s] Level 5:colcon.colcon_core.verb:set package 'lifecycle_cpp' build argument 'cmake_args' from command line to 'None'
[0.276s] Level 5:colcon.colcon_core.verb:set package 'lifecycle_cpp' build argument 'cmake_target' from command line to 'None'
[0.276s] Level 5:colcon.colcon_core.verb:set package 'lifecycle_cpp' build argument 'cmake_target_skip_unavailable' from command line to 'False'
[0.276s] Level 5:colcon.colcon_core.verb:set package 'lifecycle_cpp' build argument 'cmake_clean_cache' from command line to 'False'
[0.276s] Level 5:colcon.colcon_core.verb:set package 'lifecycle_cpp' build argument 'cmake_clean_first' from command line to 'False'
[0.276s] Level 5:colcon.colcon_core.verb:set package 'lifecycle_cpp' build argument 'cmake_force_configure' from command line to 'False'
[0.276s] Level 5:colcon.colcon_core.verb:set package 'lifecycle_cpp' build argument 'ament_cmake_args' from command line to 'None'
[0.276s] Level 5:colcon.colcon_core.verb:set package 'lifecycle_cpp' build argument 'catkin_cmake_args' from command line to 'None'
[0.276s] Level 5:colcon.colcon_core.verb:set package 'lifecycle_cpp' build argument 'catkin_skip_building_tests' from command line to 'False'
[0.276s] DEBUG:colcon.colcon_core.verb:Building package 'lifecycle_cpp' with the following arguments: {'ament_cmake_args': None, 'build_base': '/home/vincent-pc/ros2_jazzy/build/lifecycle_cpp', 'catkin_cmake_args': None, 'catkin_skip_building_tests': False, 'cmake_args': None, 'cmake_clean_cache': False, 'cmake_clean_first': False, 'cmake_force_configure': False, 'cmake_target': None, 'cmake_target_skip_unavailable': False, 'install_base': '/home/vincent-pc/ros2_jazzy/install/lifecycle_cpp', 'merge_install': False, 'path': '/home/vincent-pc/ros2_jazzy/src/lifecycle_cpp', 'symlink_install': False, 'test_result_base': None}
[0.276s] Level 5:colcon.colcon_core.verb:set package 'lifecycle_py' build argument 'cmake_args' from command line to 'None'
[0.276s] Level 5:colcon.colcon_core.verb:set package 'lifecycle_py' build argument 'cmake_target' from command line to 'None'
[0.276s] Level 5:colcon.colcon_core.verb:set package 'lifecycle_py' build argument 'cmake_target_skip_unavailable' from command line to 'False'
[0.276s] Level 5:colcon.colcon_core.verb:set package 'lifecycle_py' build argument 'cmake_clean_cache' from command line to 'False'
[0.276s] Level 5:colcon.colcon_core.verb:set package 'lifecycle_py' build argument 'cmake_clean_first' from command line to 'False'
[0.276s] Level 5:colcon.colcon_core.verb:set package 'lifecycle_py' build argument 'cmake_force_configure' from command line to 'False'
[0.276s] Level 5:colcon.colcon_core.verb:set package 'lifecycle_py' build argument 'ament_cmake_args' from command line to 'None'
[0.276s] Level 5:colcon.colcon_core.verb:set package 'lifecycle_py' build argument 'catkin_cmake_args' from command line to 'None'
[0.276s] Level 5:colcon.colcon_core.verb:set package 'lifecycle_py' build argument 'catkin_skip_building_tests' from command line to 'False'
[0.276s] DEBUG:colcon.colcon_core.verb:Building package 'lifecycle_py' with the following arguments: {'ament_cmake_args': None, 'build_base': '/home/vincent-pc/ros2_jazzy/build/lifecycle_py', 'catkin_cmake_args': None, 'catkin_skip_building_tests': False, 'cmake_args': None, 'cmake_clean_cache': False, 'cmake_clean_first': False, 'cmake_force_configure': False, 'cmake_target': None, 'cmake_target_skip_unavailable': False, 'install_base': '/home/vincent-pc/ros2_jazzy/install/lifecycle_py', 'merge_install': False, 'path': '/home/vincent-pc/ros2_jazzy/src/lifecycle_py', 'symlink_install': False, 'test_result_base': None}
[0.276s] Level 5:colcon.colcon_core.verb:set package 'my_robot_cpp' build argument 'cmake_args' from command line to 'None'
[0.276s] Level 5:colcon.colcon_core.verb:set package 'my_robot_cpp' build argument 'cmake_target' from command line to 'None'
[0.276s] Level 5:colcon.colcon_core.verb:set package 'my_robot_cpp' build argument 'cmake_target_skip_unavailable' from command line to 'False'
[0.276s] Level 5:colcon.colcon_core.verb:set package 'my_robot_cpp' build argument 'cmake_clean_cache' from command line to 'False'
[0.276s] Level 5:colcon.colcon_core.verb:set package 'my_robot_cpp' build argument 'cmake_clean_first' from command line to 'False'
[0.276s] Level 5:colcon.colcon_core.verb:set package 'my_robot_cpp' build argument 'cmake_force_configure' from command line to 'False'
[0.276s] Level 5:colcon.colcon_core.verb:set package 'my_robot_cpp' build argument 'ament_cmake_args' from command line to 'None'
[0.276s] Level 5:colcon.colcon_core.verb:set package 'my_robot_cpp' build argument 'catkin_cmake_args' from command line to 'None'
[0.276s] Level 5:colcon.colcon_core.verb:set package 'my_robot_cpp' build argument 'catkin_skip_building_tests' from command line to 'False'
[0.276s] DEBUG:colcon.colcon_core.verb:Building package 'my_robot_cpp' with the following arguments: {'ament_cmake_args': None, 'build_base': '/home/vincent-pc/ros2_jazzy/build/my_robot_cpp', 'catkin_cmake_args': None, 'catkin_skip_building_tests': False, 'cmake_args': None, 'cmake_clean_cache': False, 'cmake_clean_first': False, 'cmake_force_configure': False, 'cmake_target': None, 'cmake_target_skip_unavailable': False, 'install_base': '/home/vincent-pc/ros2_jazzy/install/my_robot_cpp', 'merge_install': False, 'path': '/home/vincent-pc/ros2_jazzy/src/my_robot_cpp', 'symlink_install': False, 'test_result_base': None}
[0.277s] Level 5:colcon.colcon_core.verb:set package 'robot_cpp' build argument 'cmake_args' from command line to 'None'
[0.277s] Level 5:colcon.colcon_core.verb:set package 'robot_cpp' build argument 'cmake_target' from command line to 'None'
[0.277s] Level 5:colcon.colcon_core.verb:set package 'robot_cpp' build argument 'cmake_target_skip_unavailable' from command line to 'False'
[0.277s] Level 5:colcon.colcon_core.verb:set package 'robot_cpp' build argument 'cmake_clean_cache' from command line to 'False'
[0.277s] Level 5:colcon.colcon_core.verb:set package 'robot_cpp' build argument 'cmake_clean_first' from command line to 'False'
[0.277s] Level 5:colcon.colcon_core.verb:set package 'robot_cpp' build argument 'cmake_force_configure' from command line to 'False'
[0.277s] Level 5:colcon.colcon_core.verb:set package 'robot_cpp' build argument 'ament_cmake_args' from command line to 'None'
[0.277s] Level 5:colcon.colcon_core.verb:set package 'robot_cpp' build argument 'catkin_cmake_args' from command line to 'None'
[0.277s] Level 5:colcon.colcon_core.verb:set package 'robot_cpp' build argument 'catkin_skip_building_tests' from command line to 'False'
[0.277s] DEBUG:colcon.colcon_core.verb:Building package 'robot_cpp' with the following arguments: {'ament_cmake_args': None, 'build_base': '/home/vincent-pc/ros2_jazzy/build/robot_cpp', 'catkin_cmake_args': None, 'catkin_skip_building_tests': False, 'cmake_args': None, 'cmake_clean_cache': False, 'cmake_clean_first': False, 'cmake_force_configure': False, 'cmake_target': None, 'cmake_target_skip_unavailable': False, 'install_base': '/home/vincent-pc/ros2_jazzy/install/robot_cpp', 'merge_install': False, 'path': '/home/vincent-pc/ros2_jazzy/src/robot_cpp', 'symlink_install': False, 'test_result_base': None}
[0.277s] Level 5:colcon.colcon_core.verb:set package 'my_robot_bringup' build argument 'cmake_args' from command line to 'None'
[0.277s] Level 5:colcon.colcon_core.verb:set package 'my_robot_bringup' build argument 'cmake_target' from command line to 'None'
[0.277s] Level 5:colcon.colcon_core.verb:set package 'my_robot_bringup' build argument 'cmake_target_skip_unavailable' from command line to 'False'
[0.277s] Level 5:colcon.colcon_core.verb:set package 'my_robot_bringup' build argument 'cmake_clean_cache' from command line to 'False'
[0.277s] Level 5:colcon.colcon_core.verb:set package 'my_robot_bringup' build argument 'cmake_clean_first' from command line to 'False'
[0.277s] Level 5:colcon.colcon_core.verb:set package 'my_robot_bringup' build argument 'cmake_force_configure' from command line to 'False'
[0.277s] Level 5:colcon.colcon_core.verb:set package 'my_robot_bringup' build argument 'ament_cmake_args' from command line to 'None'
[0.277s] Level 5:colcon.colcon_core.verb:set package 'my_robot_bringup' build argument 'catkin_cmake_args' from command line to 'None'
[0.277s] Level 5:colcon.colcon_core.verb:set package 'my_robot_bringup' build argument 'catkin_skip_building_tests' from command line to 'False'
[0.277s] DEBUG:colcon.colcon_core.verb:Building package 'my_robot_bringup' with the following arguments: {'ament_cmake_args': None, 'build_base': '/home/vincent-pc/ros2_jazzy/build/my_robot_bringup', 'catkin_cmake_args': None, 'catkin_skip_building_tests': False, 'cmake_args': None, 'cmake_clean_cache': False, 'cmake_clean_first': False, 'cmake_force_configure': False, 'cmake_target': None, 'cmake_target_skip_unavailable': False, 'install_base': '/home/vincent-pc/ros2_jazzy/install/my_robot_bringup', 'merge_install': False, 'path': '/home/vincent-pc/ros2_jazzy/src/my_robot_bringup', 'symlink_install': False, 'test_result_base': None}
[0.277s] INFO:colcon.colcon_core.executor:Executing jobs using 'parallel' executor
[0.279s] DEBUG:colcon.colcon_parallel_executor.executor.parallel:run_until_complete
[0.279s] INFO:colcon.colcon_ros.task.ament_cmake.build:Building ROS package in '/home/vincent-pc/ros2_jazzy/src/my_robot_interfaces' with build type 'ament_cmake'
[0.279s] INFO:colcon.colcon_cmake.task.cmake.build:Building CMake package in '/home/vincent-pc/ros2_jazzy/src/my_robot_interfaces'
[0.282s] INFO:colcon.colcon_core.plugin_system:Skipping extension 'colcon_core.shell.bat': Not used on non-Windows systems
[0.283s] INFO:colcon.colcon_core.shell:Skip shell extension 'powershell' for command environment: Not usable outside of PowerShell
[0.283s] DEBUG:colcon.colcon_core.shell:Skip shell extension 'dsv' for command environment
[0.287s] INFO:colcon.colcon_ros.task.ament_cmake.build:Building ROS package in '/home/vincent-pc/ros2_jazzy/src/my_robot_description' with build type 'ament_cmake'
[0.287s] INFO:colcon.colcon_cmake.task.cmake.build:Building CMake package in '/home/vincent-pc/ros2_jazzy/src/my_robot_description'
[0.287s] INFO:colcon.colcon_core.shell:Skip shell extension 'powershell' for command environment: Not usable outside of PowerShell
[0.287s] DEBUG:colcon.colcon_core.shell:Skip shell extension 'dsv' for command environment
[0.291s] INFO:colcon.colcon_ros.task.ament_python.build:Building ROS package in '/home/vincent-pc/ros2_jazzy/src/my_robot_python' with build type 'ament_python'
[0.291s] Level 1:colcon.colcon_core.shell:create_environment_hook('my_robot_python', 'ament_prefix_path')
[0.291s] INFO:colcon.colcon_core.shell:Creating environment hook '/home/vincent-pc/ros2_jazzy/install/my_robot_python/share/my_robot_python/hook/ament_prefix_path.ps1'
[0.292s] INFO:colcon.colcon_core.shell:Creating environment descriptor '/home/vincent-pc/ros2_jazzy/install/my_robot_python/share/my_robot_python/hook/ament_prefix_path.dsv'
[0.292s] INFO:colcon.colcon_core.shell:Creating environment hook '/home/vincent-pc/ros2_jazzy/install/my_robot_python/share/my_robot_python/hook/ament_prefix_path.sh'
[0.293s] INFO:colcon.colcon_core.shell:Skip shell extension 'powershell' for command environment: Not usable outside of PowerShell
[0.293s] DEBUG:colcon.colcon_core.shell:Skip shell extension 'dsv' for command environment
[0.298s] INFO:colcon.colcon_ros.task.ament_python.build:Building ROS package in '/home/vincent-pc/ros2_jazzy/src/robot_py' with build type 'ament_python'
[0.299s] Level 1:colcon.colcon_core.shell:create_environment_hook('robot_py', 'ament_prefix_path')
[0.299s] INFO:colcon.colcon_core.shell:Creating environment hook '/home/vincent-pc/ros2_jazzy/install/robot_py/share/robot_py/hook/ament_prefix_path.ps1'
[0.300s] INFO:colcon.colcon_core.shell:Creating environment descriptor '/home/vincent-pc/ros2_jazzy/install/robot_py/share/robot_py/hook/ament_prefix_path.dsv'
[0.300s] INFO:colcon.colcon_core.shell:Creating environment hook '/home/vincent-pc/ros2_jazzy/install/robot_py/share/robot_py/hook/ament_prefix_path.sh'
[0.301s] INFO:colcon.colcon_core.shell:Skip shell extension 'powershell' for command environment: Not usable outside of PowerShell
[0.301s] DEBUG:colcon.colcon_core.shell:Skip shell extension 'dsv' for command environment
[0.309s] DEBUG:colcon.colcon_core.event_handler.log_command:Invoking command in '/home/vincent-pc/ros2_jazzy/build/my_robot_interfaces': CMAKE_PREFIX_PATH=${CMAKE_PREFIX_PATH}:/home/vincent-pc/ros2_jazzy/install/robot_py:/home/vincent-pc/ros2_jazzy/install/my_robot_python:/home/vincent-pc/ros2_jazzy/install/lifecycle_py:/home/vincent-pc/ros2_jazzy/install/executors_py:/home/vincent-pc/ros2_jazzy/install/components_py:/home/vincent-pc/ros2_jazzy/install/actions_py:/opt/ros/jazzy DEBUGINFOD_URLS=https://debuginfod.ubuntu.com /usr/bin/cmake --build /home/vincent-pc/ros2_jazzy/build/my_robot_interfaces -- -j8 -l8
[0.315s] DEBUG:colcon.colcon_core.event_handler.log_command:Invoking command in '/home/vincent-pc/ros2_jazzy/build/my_robot_description': CMAKE_PREFIX_PATH=${CMAKE_PREFIX_PATH}:/home/vincent-pc/ros2_jazzy/install/robot_py:/home/vincent-pc/ros2_jazzy/install/my_robot_python:/home/vincent-pc/ros2_jazzy/install/lifecycle_py:/home/vincent-pc/ros2_jazzy/install/executors_py:/home/vincent-pc/ros2_jazzy/install/components_py:/home/vincent-pc/ros2_jazzy/install/actions_py:/opt/ros/jazzy DEBUGINFOD_URLS=https://debuginfod.ubuntu.com /usr/bin/cmake --build /home/vincent-pc/ros2_jazzy/build/my_robot_description -- -j8 -l8
[0.613s] INFO:colcon.colcon_core.task.python.build:Building Python package in '/home/vincent-pc/ros2_jazzy/src/my_robot_python'
[0.614s] INFO:colcon.colcon_core.shell:Skip shell extension 'powershell' for command environment: Not usable outside of PowerShell
[0.614s] DEBUG:colcon.colcon_core.shell:Skip shell extension 'dsv' for command environment
[0.626s] DEBUG:colcon.colcon_core.event_handler.log_command:Invoked command in '/home/vincent-pc/ros2_jazzy/build/my_robot_description' returned '0': CMAKE_PREFIX_PATH=${CMAKE_PREFIX_PATH}:/home/vincent-pc/ros2_jazzy/install/robot_py:/home/vincent-pc/ros2_jazzy/install/my_robot_python:/home/vincent-pc/ros2_jazzy/install/lifecycle_py:/home/vincent-pc/ros2_jazzy/install/executors_py:/home/vincent-pc/ros2_jazzy/install/components_py:/home/vincent-pc/ros2_jazzy/install/actions_py:/opt/ros/jazzy DEBUGINFOD_URLS=https://debuginfod.ubuntu.com /usr/bin/cmake --build /home/vincent-pc/ros2_jazzy/build/my_robot_description -- -j8 -l8
[0.636s] DEBUG:colcon.colcon_core.event_handler.log_command:Invoking command in '/home/vincent-pc/ros2_jazzy/build/my_robot_description': CMAKE_PREFIX_PATH=${CMAKE_PREFIX_PATH}:/home/vincent-pc/ros2_jazzy/install/robot_py:/home/vincent-pc/ros2_jazzy/install/my_robot_python:/home/vincent-pc/ros2_jazzy/install/lifecycle_py:/home/vincent-pc/ros2_jazzy/install/executors_py:/home/vincent-pc/ros2_jazzy/install/components_py:/home/vincent-pc/ros2_jazzy/install/actions_py:/opt/ros/jazzy DEBUGINFOD_URLS=https://debuginfod.ubuntu.com /usr/bin/cmake --install /home/vincent-pc/ros2_jazzy/build/my_robot_description
[0.909s] INFO:colcon.colcon_core.task.python.build:Building Python package in '/home/vincent-pc/ros2_jazzy/src/robot_py'
[0.909s] INFO:colcon.colcon_core.shell:Skip shell extension 'powershell' for command environment: Not usable outside of PowerShell
[0.909s] DEBUG:colcon.colcon_core.shell:Skip shell extension 'dsv' for command environment
[0.918s] Level 1:colcon.colcon_core.environment:create_environment_scripts_only(my_robot_description)
[0.921s] DEBUG:colcon.colcon_core.event_handler.log_command:Invoked command in '/home/vincent-pc/ros2_jazzy/build/my_robot_description' returned '0': CMAKE_PREFIX_PATH=${CMAKE_PREFIX_PATH}:/home/vincent-pc/ros2_jazzy/install/robot_py:/home/vincent-pc/ros2_jazzy/install/my_robot_python:/home/vincent-pc/ros2_jazzy/install/lifecycle_py:/home/vincent-pc/ros2_jazzy/install/executors_py:/home/vincent-pc/ros2_jazzy/install/components_py:/home/vincent-pc/ros2_jazzy/install/actions_py:/opt/ros/jazzy DEBUGINFOD_URLS=https://debuginfod.ubuntu.com /usr/bin/cmake --install /home/vincent-pc/ros2_jazzy/build/my_robot_description
[0.923s] Level 1:colcon.colcon_core.environment:checking '/home/vincent-pc/ros2_jazzy/install/my_robot_description' for CMake module files
[0.923s] Level 1:colcon.colcon_core.environment:checking '/home/vincent-pc/ros2_jazzy/install/my_robot_description' for CMake config files
[0.924s] Level 1:colcon.colcon_core.shell:create_environment_hook('my_robot_description', 'cmake_prefix_path')
[0.924s] INFO:colcon.colcon_core.shell:Creating environment hook '/home/vincent-pc/ros2_jazzy/install/my_robot_description/share/my_robot_description/hook/cmake_prefix_path.ps1'
[0.924s] INFO:colcon.colcon_core.shell:Creating environment descriptor '/home/vincent-pc/ros2_jazzy/install/my_robot_description/share/my_robot_description/hook/cmake_prefix_path.dsv'
[0.924s] INFO:colcon.colcon_core.shell:Creating environment hook '/home/vincent-pc/ros2_jazzy/install/my_robot_description/share/my_robot_description/hook/cmake_prefix_path.sh'
[0.925s] Level 1:colcon.colcon_core.environment:checking '/home/vincent-pc/ros2_jazzy/install/my_robot_description/bin'
[0.925s] Level 1:colcon.colcon_core.environment:checking '/home/vincent-pc/ros2_jazzy/install/my_robot_description/lib/pkgconfig/my_robot_description.pc'
[0.925s] Level 1:colcon.colcon_core.environment:checking '/home/vincent-pc/ros2_jazzy/install/my_robot_description/lib/python3.12/site-packages'
[0.926s] Level 1:colcon.colcon_core.environment:checking '/home/vincent-pc/ros2_jazzy/install/my_robot_description/bin'
[0.926s] INFO:colcon.colcon_core.shell:Creating package script '/home/vincent-pc/ros2_jazzy/install/my_robot_description/share/my_robot_description/package.ps1'
[0.927s] INFO:colcon.colcon_core.shell:Creating package descriptor '/home/vincent-pc/ros2_jazzy/install/my_robot_description/share/my_robot_description/package.dsv'
[0.927s] INFO:colcon.colcon_core.shell:Creating package script '/home/vincent-pc/ros2_jazzy/install/my_robot_description/share/my_robot_description/package.sh'
[0.927s] INFO:colcon.colcon_core.shell:Creating package script '/home/vincent-pc/ros2_jazzy/install/my_robot_description/share/my_robot_description/package.bash'
[0.928s] INFO:colcon.colcon_core.shell:Creating package script '/home/vincent-pc/ros2_jazzy/install/my_robot_description/share/my_robot_description/package.zsh'
[0.929s] Level 1:colcon.colcon_core.environment:create_file_with_runtime_dependencies(/home/vincent-pc/ros2_jazzy/install/my_robot_description/share/colcon-core/packages/my_robot_description)
[0.930s] Level 1:colcon.colcon_core.environment:create_environment_scripts_only(my_robot_description)
[0.930s] Level 1:colcon.colcon_core.environment:checking '/home/vincent-pc/ros2_jazzy/install/my_robot_description' for CMake module files
[0.931s] Level 1:colcon.colcon_core.environment:checking '/home/vincent-pc/ros2_jazzy/install/my_robot_description' for CMake config files
[0.931s] Level 1:colcon.colcon_core.shell:create_environment_hook('my_robot_description', 'cmake_prefix_path')
[0.932s] INFO:colcon.colcon_core.shell:Creating environment hook '/home/vincent-pc/ros2_jazzy/install/my_robot_description/share/my_robot_description/hook/cmake_prefix_path.ps1'
[0.932s] INFO:colcon.colcon_core.shell:Creating environment descriptor '/home/vincent-pc/ros2_jazzy/install/my_robot_description/share/my_robot_description/hook/cmake_prefix_path.dsv'
[0.932s] INFO:colcon.colcon_core.shell:Creating environment hook '/home/vincent-pc/ros2_jazzy/install/my_robot_description/share/my_robot_description/hook/cmake_prefix_path.sh'
[0.933s] Level 1:colcon.colcon_core.environment:checking '/home/vincent-pc/ros2_jazzy/install/my_robot_description/bin'
[0.933s] Level 1:colcon.colcon_core.environment:checking '/home/vincent-pc/ros2_jazzy/install/my_robot_description/lib/pkgconfig/my_robot_description.pc'
[0.933s] Level 1:colcon.colcon_core.environment:checking '/home/vincent-pc/ros2_jazzy/install/my_robot_description/lib/python3.12/site-packages'
[0.934s] Level 1:colcon.colcon_core.environment:checking '/home/vincent-pc/ros2_jazzy/install/my_robot_description/bin'
[0.934s] INFO:colcon.colcon_core.shell:Creating package script '/home/vincent-pc/ros2_jazzy/install/my_robot_description/share/my_robot_description/package.ps1'
[0.934s] INFO:colcon.colcon_core.shell:Creating package descriptor '/home/vincent-pc/ros2_jazzy/install/my_robot_description/share/my_robot_description/package.dsv'
[0.935s] INFO:colcon.colcon_core.shell:Creating package script '/home/vincent-pc/ros2_jazzy/install/my_robot_description/share/my_robot_description/package.sh'
[0.935s] INFO:colcon.colcon_core.shell:Creating package script '/home/vincent-pc/ros2_jazzy/install/my_robot_description/share/my_robot_description/package.bash'
[0.936s] INFO:colcon.colcon_core.shell:Creating package script '/home/vincent-pc/ros2_jazzy/install/my_robot_description/share/my_robot_description/package.zsh'
[0.936s] Level 1:colcon.colcon_core.environment:create_file_with_runtime_dependencies(/home/vincent-pc/ros2_jazzy/install/my_robot_description/share/colcon-core/packages/my_robot_description)
[0.938s] DEBUG:colcon.colcon_core.event_handler.log_command:Invoked command in '/home/vincent-pc/ros2_jazzy/build/my_robot_interfaces' returned '0': CMAKE_PREFIX_PATH=${CMAKE_PREFIX_PATH}:/home/vincent-pc/ros2_jazzy/install/robot_py:/home/vincent-pc/ros2_jazzy/install/my_robot_python:/home/vincent-pc/ros2_jazzy/install/lifecycle_py:/home/vincent-pc/ros2_jazzy/install/executors_py:/home/vincent-pc/ros2_jazzy/install/components_py:/home/vincent-pc/ros2_jazzy/install/actions_py:/opt/ros/jazzy DEBUGINFOD_URLS=https://debuginfod.ubuntu.com /usr/bin/cmake --build /home/vincent-pc/ros2_jazzy/build/my_robot_interfaces -- -j8 -l8
[0.939s] DEBUG:colcon.colcon_core.event_handler.log_command:Invoking command in '/home/vincent-pc/ros2_jazzy/build/my_robot_interfaces': CMAKE_PREFIX_PATH=${CMAKE_PREFIX_PATH}:/home/vincent-pc/ros2_jazzy/install/robot_py:/home/vincent-pc/ros2_jazzy/install/my_robot_python:/home/vincent-pc/ros2_jazzy/install/lifecycle_py:/home/vincent-pc/ros2_jazzy/install/executors_py:/home/vincent-pc/ros2_jazzy/install/components_py:/home/vincent-pc/ros2_jazzy/install/actions_py:/opt/ros/jazzy DEBUGINFOD_URLS=https://debuginfod.ubuntu.com /usr/bin/cmake --install /home/vincent-pc/ros2_jazzy/build/my_robot_interfaces
[1.064s] Level 1:colcon.colcon_core.environment:create_environment_scripts_only(my_robot_interfaces)
[1.064s] Level 1:colcon.colcon_core.environment:checking '/home/vincent-pc/ros2_jazzy/install/my_robot_interfaces' for CMake module files
[1.065s] DEBUG:colcon.colcon_core.event_handler.log_command:Invoked command in '/home/vincent-pc/ros2_jazzy/build/my_robot_interfaces' returned '0': CMAKE_PREFIX_PATH=${CMAKE_PREFIX_PATH}:/home/vincent-pc/ros2_jazzy/install/robot_py:/home/vincent-pc/ros2_jazzy/install/my_robot_python:/home/vincent-pc/ros2_jazzy/install/lifecycle_py:/home/vincent-pc/ros2_jazzy/install/executors_py:/home/vincent-pc/ros2_jazzy/install/components_py:/home/vincent-pc/ros2_jazzy/install/actions_py:/opt/ros/jazzy DEBUGINFOD_URLS=https://debuginfod.ubuntu.com /usr/bin/cmake --install /home/vincent-pc/ros2_jazzy/build/my_robot_interfaces
[1.066s] Level 1:colcon.colcon_core.environment:checking '/home/vincent-pc/ros2_jazzy/install/my_robot_interfaces' for CMake config files
[1.068s] Level 1:colcon.colcon_core.shell:create_environment_hook('my_robot_interfaces', 'cmake_prefix_path')
[1.068s] INFO:colcon.colcon_core.shell:Creating environment hook '/home/vincent-pc/ros2_jazzy/install/my_robot_interfaces/share/my_robot_interfaces/hook/cmake_prefix_path.ps1'
[1.069s] INFO:colcon.colcon_core.shell:Creating environment descriptor '/home/vincent-pc/ros2_jazzy/install/my_robot_interfaces/share/my_robot_interfaces/hook/cmake_prefix_path.dsv'
[1.070s] INFO:colcon.colcon_core.shell:Creating environment hook '/home/vincent-pc/ros2_jazzy/install/my_robot_interfaces/share/my_robot_interfaces/hook/cmake_prefix_path.sh'
[1.071s] Level 1:colcon.colcon_core.environment:checking '/home/vincent-pc/ros2_jazzy/install/my_robot_interfaces/lib'
[1.071s] Level 1:colcon.colcon_core.shell:create_environment_hook('my_robot_interfaces', 'ld_library_path_lib')
[1.071s] INFO:colcon.colcon_core.shell:Creating environment hook '/home/vincent-pc/ros2_jazzy/install/my_robot_interfaces/share/my_robot_interfaces/hook/ld_library_path_lib.ps1'
[1.072s] INFO:colcon.colcon_core.shell:Creating environment descriptor '/home/vincent-pc/ros2_jazzy/install/my_robot_interfaces/share/my_robot_interfaces/hook/ld_library_path_lib.dsv'
[1.073s] INFO:colcon.colcon_core.shell:Creating environment hook '/home/vincent-pc/ros2_jazzy/install/my_robot_interfaces/share/my_robot_interfaces/hook/ld_library_path_lib.sh'
[1.073s] Level 1:colcon.colcon_core.environment:checking '/home/vincent-pc/ros2_jazzy/install/my_robot_interfaces/bin'
[1.073s] Level 1:colcon.colcon_core.environment:checking '/home/vincent-pc/ros2_jazzy/install/my_robot_interfaces/lib/pkgconfig/my_robot_interfaces.pc'
[1.074s] Level 1:colcon.colcon_core.environment:checking '/home/vincent-pc/ros2_jazzy/install/my_robot_interfaces/lib/python3.12/site-packages'
[1.074s] Level 1:colcon.colcon_core.shell:create_environment_hook('my_robot_interfaces', 'pythonpath')
[1.074s] INFO:colcon.colcon_core.shell:Creating environment hook '/home/vincent-pc/ros2_jazzy/install/my_robot_interfaces/share/my_robot_interfaces/hook/pythonpath.ps1'
[1.074s] INFO:colcon.colcon_core.shell:Creating environment descriptor '/home/vincent-pc/ros2_jazzy/install/my_robot_interfaces/share/my_robot_interfaces/hook/pythonpath.dsv'
[1.075s] INFO:colcon.colcon_core.shell:Creating environment hook '/home/vincent-pc/ros2_jazzy/install/my_robot_interfaces/share/my_robot_interfaces/hook/pythonpath.sh'
[1.076s] Level 1:colcon.colcon_core.environment:checking '/home/vincent-pc/ros2_jazzy/install/my_robot_interfaces/bin'
[1.076s] INFO:colcon.colcon_core.shell:Creating package script '/home/vincent-pc/ros2_jazzy/install/my_robot_interfaces/share/my_robot_interfaces/package.ps1'
[1.077s] INFO:colcon.colcon_core.shell:Creating package descriptor '/home/vincent-pc/ros2_jazzy/install/my_robot_interfaces/share/my_robot_interfaces/package.dsv'
[1.078s] INFO:colcon.colcon_core.shell:Creating package script '/home/vincent-pc/ros2_jazzy/install/my_robot_interfaces/share/my_robot_interfaces/package.sh'
[1.079s] INFO:colcon.colcon_core.shell:Creating package script '/home/vincent-pc/ros2_jazzy/install/my_robot_interfaces/share/my_robot_interfaces/package.bash'
[1.080s] INFO:colcon.colcon_core.shell:Creating package script '/home/vincent-pc/ros2_jazzy/install/my_robot_interfaces/share/my_robot_interfaces/package.zsh'
[1.081s] Level 1:colcon.colcon_core.environment:create_file_with_runtime_dependencies(/home/vincent-pc/ros2_jazzy/install/my_robot_interfaces/share/colcon-core/packages/my_robot_interfaces)
[1.083s] Level 1:colcon.colcon_core.environment:create_environment_scripts_only(my_robot_interfaces)
[1.083s] Level 1:colcon.colcon_core.environment:checking '/home/vincent-pc/ros2_jazzy/install/my_robot_interfaces' for CMake module files
[1.084s] Level 1:colcon.colcon_core.environment:checking '/home/vincent-pc/ros2_jazzy/install/my_robot_interfaces' for CMake config files
[1.086s] Level 1:colcon.colcon_core.shell:create_environment_hook('my_robot_interfaces', 'cmake_prefix_path')
[1.087s] INFO:colcon.colcon_core.shell:Creating environment hook '/home/vincent-pc/ros2_jazzy/install/my_robot_interfaces/share/my_robot_interfaces/hook/cmake_prefix_path.ps1'
[1.087s] INFO:colcon.colcon_core.shell:Creating environment descriptor '/home/vincent-pc/ros2_jazzy/install/my_robot_interfaces/share/my_robot_interfaces/hook/cmake_prefix_path.dsv'
[1.088s] INFO:colcon.colcon_core.shell:Creating environment hook '/home/vincent-pc/ros2_jazzy/install/my_robot_interfaces/share/my_robot_interfaces/hook/cmake_prefix_path.sh'
[1.088s] Level 1:colcon.colcon_core.environment:checking '/home/vincent-pc/ros2_jazzy/install/my_robot_interfaces/lib'
[1.088s] Level 1:colcon.colcon_core.shell:create_environment_hook('my_robot_interfaces', 'ld_library_path_lib')
[1.089s] INFO:colcon.colcon_core.shell:Creating environment hook '/home/vincent-pc/ros2_jazzy/install/my_robot_interfaces/share/my_robot_interfaces/hook/ld_library_path_lib.ps1'
[1.089s] INFO:colcon.colcon_core.shell:Creating environment descriptor '/home/vincent-pc/ros2_jazzy/install/my_robot_interfaces/share/my_robot_interfaces/hook/ld_library_path_lib.dsv'
[1.090s] INFO:colcon.colcon_core.shell:Creating environment hook '/home/vincent-pc/ros2_jazzy/install/my_robot_interfaces/share/my_robot_interfaces/hook/ld_library_path_lib.sh'
[1.090s] Level 1:colcon.colcon_core.environment:checking '/home/vincent-pc/ros2_jazzy/install/my_robot_interfaces/bin'
[1.090s] Level 1:colcon.colcon_core.environment:checking '/home/vincent-pc/ros2_jazzy/install/my_robot_interfaces/lib/pkgconfig/my_robot_interfaces.pc'
[1.090s] Level 1:colcon.colcon_core.environment:checking '/home/vincent-pc/ros2_jazzy/install/my_robot_interfaces/lib/python3.12/site-packages'
[1.091s] Level 1:colcon.colcon_core.shell:create_environment_hook('my_robot_interfaces', 'pythonpath')
[1.091s] INFO:colcon.colcon_core.shell:Creating environment hook '/home/vincent-pc/ros2_jazzy/install/my_robot_interfaces/share/my_robot_interfaces/hook/pythonpath.ps1'
[1.091s] INFO:colcon.colcon_core.shell:Creating environment descriptor '/home/vincent-pc/ros2_jazzy/install/my_robot_interfaces/share/my_robot_interfaces/hook/pythonpath.dsv'
[1.092s] INFO:colcon.colcon_core.shell:Creating environment hook '/home/vincent-pc/ros2_jazzy/install/my_robot_interfaces/share/my_robot_interfaces/hook/pythonpath.sh'
[1.092s] Level 1:colcon.colcon_core.environment:checking '/home/vincent-pc/ros2_jazzy/install/my_robot_interfaces/bin'
[1.093s] INFO:colcon.colcon_core.shell:Creating package script '/home/vincent-pc/ros2_jazzy/install/my_robot_interfaces/share/my_robot_interfaces/package.ps1'
[1.093s] INFO:colcon.colcon_core.shell:Creating package descriptor '/home/vincent-pc/ros2_jazzy/install/my_robot_interfaces/share/my_robot_interfaces/package.dsv'
[1.094s] INFO:colcon.colcon_core.shell:Creating package script '/home/vincent-pc/ros2_jazzy/install/my_robot_interfaces/share/my_robot_interfaces/package.sh'
[1.094s] INFO:colcon.colcon_core.shell:Creating package script '/home/vincent-pc/ros2_jazzy/install/my_robot_interfaces/share/my_robot_interfaces/package.bash'
[1.095s] INFO:colcon.colcon_core.shell:Creating package script '/home/vincent-pc/ros2_jazzy/install/my_robot_interfaces/share/my_robot_interfaces/package.zsh'
[1.097s] Level 1:colcon.colcon_core.environment:create_file_with_runtime_dependencies(/home/vincent-pc/ros2_jazzy/install/my_robot_interfaces/share/colcon-core/packages/my_robot_interfaces)
[1.098s] INFO:colcon.colcon_ros.task.ament_cmake.build:Building ROS package in '/home/vincent-pc/ros2_jazzy/src/lifecycle_cpp' with build type 'ament_cmake'
[1.098s] INFO:colcon.colcon_cmake.task.cmake.build:Building CMake package in '/home/vincent-pc/ros2_jazzy/src/lifecycle_cpp'
[1.098s] INFO:colcon.colcon_core.shell:Skip shell extension 'powershell' for command environment: Not usable outside of PowerShell
[1.099s] DEBUG:colcon.colcon_core.shell:Skip shell extension 'dsv' for command environment
[1.104s] INFO:colcon.colcon_ros.task.ament_python.build:Building ROS package in '/home/vincent-pc/ros2_jazzy/src/lifecycle_py' with build type 'ament_python'
[1.104s] Level 1:colcon.colcon_core.shell:create_environment_hook('lifecycle_py', 'ament_prefix_path')
[1.105s] INFO:colcon.colcon_core.shell:Creating environment hook '/home/vincent-pc/ros2_jazzy/install/lifecycle_py/share/lifecycle_py/hook/ament_prefix_path.ps1'
[1.105s] INFO:colcon.colcon_core.shell:Creating environment descriptor '/home/vincent-pc/ros2_jazzy/install/lifecycle_py/share/lifecycle_py/hook/ament_prefix_path.dsv'
[1.106s] INFO:colcon.colcon_core.shell:Creating environment hook '/home/vincent-pc/ros2_jazzy/install/lifecycle_py/share/lifecycle_py/hook/ament_prefix_path.sh'
[1.107s] INFO:colcon.colcon_core.shell:Skip shell extension 'powershell' for command environment: Not usable outside of PowerShell
[1.107s] DEBUG:colcon.colcon_core.shell:Skip shell extension 'dsv' for command environment
[1.112s] INFO:colcon.colcon_ros.task.ament_cmake.build:Building ROS package in '/home/vincent-pc/ros2_jazzy/src/actions_cpp' with build type 'ament_cmake'
[1.112s] INFO:colcon.colcon_cmake.task.cmake.build:Building CMake package in '/home/vincent-pc/ros2_jazzy/src/actions_cpp'
[1.113s] INFO:colcon.colcon_core.shell:Skip shell extension 'powershell' for command environment: Not usable outside of PowerShell
[1.113s] DEBUG:colcon.colcon_core.shell:Skip shell extension 'dsv' for command environment
[1.122s] INFO:colcon.colcon_ros.task.ament_python.build:Building ROS package in '/home/vincent-pc/ros2_jazzy/src/actions_py' with build type 'ament_python'
[1.122s] Level 1:colcon.colcon_core.shell:create_environment_hook('actions_py', 'ament_prefix_path')
[1.122s] INFO:colcon.colcon_core.shell:Creating environment hook '/home/vincent-pc/ros2_jazzy/install/actions_py/share/actions_py/hook/ament_prefix_path.ps1'
[1.123s] INFO:colcon.colcon_core.shell:Creating environment descriptor '/home/vincent-pc/ros2_jazzy/install/actions_py/share/actions_py/hook/ament_prefix_path.dsv'
[1.124s] INFO:colcon.colcon_core.shell:Creating environment hook '/home/vincent-pc/ros2_jazzy/install/actions_py/share/actions_py/hook/ament_prefix_path.sh'
[1.124s] INFO:colcon.colcon_core.shell:Skip shell extension 'powershell' for command environment: Not usable outside of PowerShell
[1.124s] DEBUG:colcon.colcon_core.shell:Skip shell extension 'dsv' for command environment
[1.128s] INFO:colcon.colcon_ros.task.ament_cmake.build:Building ROS package in '/home/vincent-pc/ros2_jazzy/src/components_cpp' with build type 'ament_cmake'
[1.129s] INFO:colcon.colcon_cmake.task.cmake.build:Building CMake package in '/home/vincent-pc/ros2_jazzy/src/components_cpp'
[1.129s] INFO:colcon.colcon_core.shell:Skip shell extension 'powershell' for command environment: Not usable outside of PowerShell
[1.130s] DEBUG:colcon.colcon_core.shell:Skip shell extension 'dsv' for command environment
[1.137s] INFO:colcon.colcon_ros.task.ament_python.build:Building ROS package in '/home/vincent-pc/ros2_jazzy/src/components_py' with build type 'ament_python'
[1.138s] Level 1:colcon.colcon_core.shell:create_environment_hook('components_py', 'ament_prefix_path')
[1.138s] INFO:colcon.colcon_core.shell:Creating environment hook '/home/vincent-pc/ros2_jazzy/install/components_py/share/components_py/hook/ament_prefix_path.ps1'
[1.139s] INFO:colcon.colcon_core.shell:Creating environment descriptor '/home/vincent-pc/ros2_jazzy/install/components_py/share/components_py/hook/ament_prefix_path.dsv'
[1.139s] INFO:colcon.colcon_core.shell:Creating environment hook '/home/vincent-pc/ros2_jazzy/install/components_py/share/components_py/hook/ament_prefix_path.sh'
[1.140s] INFO:colcon.colcon_core.shell:Skip shell extension 'powershell' for command environment: Not usable outside of PowerShell
[1.140s] DEBUG:colcon.colcon_core.shell:Skip shell extension 'dsv' for command environment
[1.150s] DEBUG:colcon.colcon_core.event_handler.log_command:Invoking command in '/home/vincent-pc/ros2_jazzy/build/lifecycle_cpp': CMAKE_PREFIX_PATH=/home/vincent-pc/ros2_jazzy/install/my_robot_interfaces:/home/vincent-pc/ros2_jazzy/install/robot_cpp:/home/vincent-pc/ros2_jazzy/install/my_robot_cpp:/home/vincent-pc/ros2_jazzy/install/my_robot_bringup:/home/vincent-pc/ros2_jazzy/install/lifecycle_cpp:/home/vincent-pc/ros2_jazzy/install/executors_cpp:/home/vincent-pc/ros2_jazzy/install/components_cpp:/home/vincent-pc/ros2_jazzy/install/actions_cpp:/home/vincent-pc/ros2_jazzy/install/my_robot_description:/opt/ros/jazzy/opt/gz_sim_vendor:/opt/ros/jazzy/opt/gz_sensors_vendor:/opt/ros/jazzy/opt/gz_physics_vendor:/opt/ros/jazzy/opt/sdformat_vendor:/opt/ros/jazzy/opt/gz_gui_vendor:/opt/ros/jazzy/opt/gz_transport_vendor:/opt/ros/jazzy/opt/gz_rendering_vendor:/opt/ros/jazzy/opt/gz_plugin_vendor:/opt/ros/jazzy/opt/gz_fuel_tools_vendor:/opt/ros/jazzy/opt/gz_msgs_vendor:/opt/ros/jazzy/opt/gz_common_vendor:/opt/ros/jazzy/opt/gz_math_vendor:/opt/ros/jazzy/opt/gz_utils_vendor:/opt/ros/jazzy/opt/gz_tools_vendor:/opt/ros/jazzy/opt/gz_ogre_next_vendor:/opt/ros/jazzy/opt/gz_dartsim_vendor:/opt/ros/jazzy/opt/gz_cmake_vendor:/home/vincent-pc/ros2_jazzy/install/robot_py:/home/vincent-pc/ros2_jazzy/install/my_robot_python:/home/vincent-pc/ros2_jazzy/install/lifecycle_py:/home/vincent-pc/ros2_jazzy/install/executors_py:/home/vincent-pc/ros2_jazzy/install/components_py:/home/vincent-pc/ros2_jazzy/install/actions_py:/opt/ros/jazzy DEBUGINFOD_URLS=https://debuginfod.ubuntu.com LD_LIBRARY_PATH=/home/vincent-pc/ros2_jazzy/install/my_robot_interfaces/lib:/home/vincent-pc/ros2_jazzy/install/components_cpp/lib:/opt/ros/jazzy/opt/gz_sim_vendor/lib:/opt/ros/jazzy/opt/gz_sensors_vendor/lib:/opt/ros/jazzy/opt/gz_physics_vendor/lib:/opt/ros/jazzy/opt/sdformat_vendor/lib:/opt/ros/jazzy/opt/rviz_ogre_vendor/lib:/opt/ros/jazzy/lib/x86_64-linux-gnu:/opt/ros/jazzy/opt/gz_gui_vendor/lib:/opt/ros/jazzy/opt/gz_transport_vendor/lib:/opt/ros/jazzy/opt/gz_rendering_vendor/lib:/opt/ros/jazzy/opt/gz_plugin_vendor/lib:/opt/ros/jazzy/opt/gz_fuel_tools_vendor/lib:/opt/ros/jazzy/opt/gz_msgs_vendor/lib:/opt/ros/jazzy/opt/gz_common_vendor/lib:/opt/ros/jazzy/opt/gz_math_vendor/lib:/opt/ros/jazzy/opt/gz_utils_vendor/lib:/opt/ros/jazzy/opt/gz_tools_vendor/lib:/opt/ros/jazzy/opt/gz_ogre_next_vendor/lib:/opt/ros/jazzy/opt/gz_dartsim_vendor/lib:/opt/ros/jazzy/opt/gz_cmake_vendor/lib:/opt/ros/jazzy/lib PYTHONPATH=/home/vincent-pc/ros2_jazzy/install/my_robot_interfaces/lib/python3.12/site-packages:/home/vincent-pc/ros2_jazzy/build/robot_py:/home/vincent-pc/ros2_jazzy/install/robot_py/lib/python3.12/site-packages:/home/vincent-pc/ros2_jazzy/build/my_robot_python:/home/vincent-pc/ros2_jazzy/install/my_robot_python/lib/python3.12/site-packages:/home/vincent-pc/ros2_jazzy/build/lifecycle_py:/home/vincent-pc/ros2_jazzy/install/lifecycle_py/lib/python3.12/site-packages:/home/vincent-pc/ros2_jazzy/build/executors_py:/home/vincent-pc/ros2_jazzy/install/executors_py/lib/python3.12/site-packages:/home/vincent-pc/ros2_jazzy/build/components_py:/home/vincent-pc/ros2_jazzy/install/components_py/lib/python3.12/site-packages:/home/vincent-pc/ros2_jazzy/build/actions_py:/home/vincent-pc/ros2_jazzy/install/actions_py/lib/python3.12/site-packages:/opt/ros/jazzy/lib/python3.12/site-packages /usr/bin/cmake --build /home/vincent-pc/ros2_jazzy/build/lifecycle_cpp -- -j8 -l8
[1.491s] INFO:colcon.colcon_core.task.python.build:Building Python package in '/home/vincent-pc/ros2_jazzy/src/lifecycle_py'
[1.491s] INFO:colcon.colcon_core.shell:Skip shell extension 'powershell' for command environment: Not usable outside of PowerShell
[1.492s] DEBUG:colcon.colcon_core.shell:Skip shell extension 'dsv' for command environment
[1.503s] DEBUG:colcon.colcon_core.event_handler.log_command:Invoking command in '/home/vincent-pc/ros2_jazzy/build/actions_cpp': CMAKE_PREFIX_PATH=/home/vincent-pc/ros2_jazzy/install/my_robot_interfaces:/home/vincent-pc/ros2_jazzy/install/robot_cpp:/home/vincent-pc/ros2_jazzy/install/my_robot_cpp:/home/vincent-pc/ros2_jazzy/install/my_robot_bringup:/home/vincent-pc/ros2_jazzy/install/lifecycle_cpp:/home/vincent-pc/ros2_jazzy/install/executors_cpp:/home/vincent-pc/ros2_jazzy/install/components_cpp:/home/vincent-pc/ros2_jazzy/install/actions_cpp:/home/vincent-pc/ros2_jazzy/install/my_robot_description:/opt/ros/jazzy/opt/gz_sim_vendor:/opt/ros/jazzy/opt/gz_sensors_vendor:/opt/ros/jazzy/opt/gz_physics_vendor:/opt/ros/jazzy/opt/sdformat_vendor:/opt/ros/jazzy/opt/gz_gui_vendor:/opt/ros/jazzy/opt/gz_transport_vendor:/opt/ros/jazzy/opt/gz_rendering_vendor:/opt/ros/jazzy/opt/gz_plugin_vendor:/opt/ros/jazzy/opt/gz_fuel_tools_vendor:/opt/ros/jazzy/opt/gz_msgs_vendor:/opt/ros/jazzy/opt/gz_common_vendor:/opt/ros/jazzy/opt/gz_math_vendor:/opt/ros/jazzy/opt/gz_utils_vendor:/opt/ros/jazzy/opt/gz_tools_vendor:/opt/ros/jazzy/opt/gz_ogre_next_vendor:/opt/ros/jazzy/opt/gz_dartsim_vendor:/opt/ros/jazzy/opt/gz_cmake_vendor:/home/vincent-pc/ros2_jazzy/install/robot_py:/home/vincent-pc/ros2_jazzy/install/my_robot_python:/home/vincent-pc/ros2_jazzy/install/lifecycle_py:/home/vincent-pc/ros2_jazzy/install/executors_py:/home/vincent-pc/ros2_jazzy/install/components_py:/home/vincent-pc/ros2_jazzy/install/actions_py:/opt/ros/jazzy DEBUGINFOD_URLS=https://debuginfod.ubuntu.com LD_LIBRARY_PATH=/home/vincent-pc/ros2_jazzy/install/my_robot_interfaces/lib:/home/vincent-pc/ros2_jazzy/install/components_cpp/lib:/opt/ros/jazzy/opt/gz_sim_vendor/lib:/opt/ros/jazzy/opt/gz_sensors_vendor/lib:/opt/ros/jazzy/opt/gz_physics_vendor/lib:/opt/ros/jazzy/opt/sdformat_vendor/lib:/opt/ros/jazzy/opt/rviz_ogre_vendor/lib:/opt/ros/jazzy/lib/x86_64-linux-gnu:/opt/ros/jazzy/opt/gz_gui_vendor/lib:/opt/ros/jazzy/opt/gz_transport_vendor/lib:/opt/ros/jazzy/opt/gz_rendering_vendor/lib:/opt/ros/jazzy/opt/gz_plugin_vendor/lib:/opt/ros/jazzy/opt/gz_fuel_tools_vendor/lib:/opt/ros/jazzy/opt/gz_msgs_vendor/lib:/opt/ros/jazzy/opt/gz_common_vendor/lib:/opt/ros/jazzy/opt/gz_math_vendor/lib:/opt/ros/jazzy/opt/gz_utils_vendor/lib:/opt/ros/jazzy/opt/gz_tools_vendor/lib:/opt/ros/jazzy/opt/gz_ogre_next_vendor/lib:/opt/ros/jazzy/opt/gz_dartsim_vendor/lib:/opt/ros/jazzy/opt/gz_cmake_vendor/lib:/opt/ros/jazzy/lib PYTHONPATH=/home/vincent-pc/ros2_jazzy/install/my_robot_interfaces/lib/python3.12/site-packages:/home/vincent-pc/ros2_jazzy/build/robot_py:/home/vincent-pc/ros2_jazzy/install/robot_py/lib/python3.12/site-packages:/home/vincent-pc/ros2_jazzy/build/my_robot_python:/home/vincent-pc/ros2_jazzy/install/my_robot_python/lib/python3.12/site-packages:/home/vincent-pc/ros2_jazzy/build/lifecycle_py:/home/vincent-pc/ros2_jazzy/install/lifecycle_py/lib/python3.12/site-packages:/home/vincent-pc/ros2_jazzy/build/executors_py:/home/vincent-pc/ros2_jazzy/install/executors_py/lib/python3.12/site-packages:/home/vincent-pc/ros2_jazzy/build/components_py:/home/vincent-pc/ros2_jazzy/install/components_py/lib/python3.12/site-packages:/home/vincent-pc/ros2_jazzy/build/actions_py:/home/vincent-pc/ros2_jazzy/install/actions_py/lib/python3.12/site-packages:/opt/ros/jazzy/lib/python3.12/site-packages /usr/bin/cmake --build /home/vincent-pc/ros2_jazzy/build/actions_cpp -- -j8 -l8
[1.807s] INFO:colcon.colcon_core.task.python.build:Building Python package in '/home/vincent-pc/ros2_jazzy/src/actions_py'
[1.807s] INFO:colcon.colcon_core.shell:Skip shell extension 'powershell' for command environment: Not usable outside of PowerShell
[1.807s] DEBUG:colcon.colcon_core.shell:Skip shell extension 'dsv' for command environment
[1.814s] DEBUG:colcon.colcon_core.event_handler.log_command:Invoking command in '/home/vincent-pc/ros2_jazzy/build/components_cpp': CMAKE_PREFIX_PATH=/home/vincent-pc/ros2_jazzy/install/my_robot_interfaces:/home/vincent-pc/ros2_jazzy/install/robot_cpp:/home/vincent-pc/ros2_jazzy/install/my_robot_cpp:/home/vincent-pc/ros2_jazzy/install/my_robot_bringup:/home/vincent-pc/ros2_jazzy/install/lifecycle_cpp:/home/vincent-pc/ros2_jazzy/install/executors_cpp:/home/vincent-pc/ros2_jazzy/install/components_cpp:/home/vincent-pc/ros2_jazzy/install/actions_cpp:/home/vincent-pc/ros2_jazzy/install/my_robot_description:/opt/ros/jazzy/opt/gz_sim_vendor:/opt/ros/jazzy/opt/gz_sensors_vendor:/opt/ros/jazzy/opt/gz_physics_vendor:/opt/ros/jazzy/opt/sdformat_vendor:/opt/ros/jazzy/opt/gz_gui_vendor:/opt/ros/jazzy/opt/gz_transport_vendor:/opt/ros/jazzy/opt/gz_rendering_vendor:/opt/ros/jazzy/opt/gz_plugin_vendor:/opt/ros/jazzy/opt/gz_fuel_tools_vendor:/opt/ros/jazzy/opt/gz_msgs_vendor:/opt/ros/jazzy/opt/gz_common_vendor:/opt/ros/jazzy/opt/gz_math_vendor:/opt/ros/jazzy/opt/gz_utils_vendor:/opt/ros/jazzy/opt/gz_tools_vendor:/opt/ros/jazzy/opt/gz_ogre_next_vendor:/opt/ros/jazzy/opt/gz_dartsim_vendor:/opt/ros/jazzy/opt/gz_cmake_vendor:/home/vincent-pc/ros2_jazzy/install/robot_py:/home/vincent-pc/ros2_jazzy/install/my_robot_python:/home/vincent-pc/ros2_jazzy/install/lifecycle_py:/home/vincent-pc/ros2_jazzy/install/executors_py:/home/vincent-pc/ros2_jazzy/install/components_py:/home/vincent-pc/ros2_jazzy/install/actions_py:/opt/ros/jazzy DEBUGINFOD_URLS=https://debuginfod.ubuntu.com LD_LIBRARY_PATH=/home/vincent-pc/ros2_jazzy/install/my_robot_interfaces/lib:/home/vincent-pc/ros2_jazzy/install/components_cpp/lib:/opt/ros/jazzy/opt/gz_sim_vendor/lib:/opt/ros/jazzy/opt/gz_sensors_vendor/lib:/opt/ros/jazzy/opt/gz_physics_vendor/lib:/opt/ros/jazzy/opt/sdformat_vendor/lib:/opt/ros/jazzy/opt/rviz_ogre_vendor/lib:/opt/ros/jazzy/lib/x86_64-linux-gnu:/opt/ros/jazzy/opt/gz_gui_vendor/lib:/opt/ros/jazzy/opt/gz_transport_vendor/lib:/opt/ros/jazzy/opt/gz_rendering_vendor/lib:/opt/ros/jazzy/opt/gz_plugin_vendor/lib:/opt/ros/jazzy/opt/gz_fuel_tools_vendor/lib:/opt/ros/jazzy/opt/gz_msgs_vendor/lib:/opt/ros/jazzy/opt/gz_common_vendor/lib:/opt/ros/jazzy/opt/gz_math_vendor/lib:/opt/ros/jazzy/opt/gz_utils_vendor/lib:/opt/ros/jazzy/opt/gz_tools_vendor/lib:/opt/ros/jazzy/opt/gz_ogre_next_vendor/lib:/opt/ros/jazzy/opt/gz_dartsim_vendor/lib:/opt/ros/jazzy/opt/gz_cmake_vendor/lib:/opt/ros/jazzy/lib PYTHONPATH=/home/vincent-pc/ros2_jazzy/install/my_robot_interfaces/lib/python3.12/site-packages:/home/vincent-pc/ros2_jazzy/build/robot_py:/home/vincent-pc/ros2_jazzy/install/robot_py/lib/python3.12/site-packages:/home/vincent-pc/ros2_jazzy/build/my_robot_python:/home/vincent-pc/ros2_jazzy/install/my_robot_python/lib/python3.12/site-packages:/home/vincent-pc/ros2_jazzy/build/lifecycle_py:/home/vincent-pc/ros2_jazzy/install/lifecycle_py/lib/python3.12/site-packages:/home/vincent-pc/ros2_jazzy/build/executors_py:/home/vincent-pc/ros2_jazzy/install/executors_py/lib/python3.12/site-packages:/home/vincent-pc/ros2_jazzy/build/components_py:/home/vincent-pc/ros2_jazzy/install/components_py/lib/python3.12/site-packages:/home/vincent-pc/ros2_jazzy/build/actions_py:/home/vincent-pc/ros2_jazzy/install/actions_py/lib/python3.12/site-packages:/opt/ros/jazzy/lib/python3.12/site-packages /usr/bin/cmake --build /home/vincent-pc/ros2_jazzy/build/components_cpp -- -j8 -l8
[1.818s] DEBUG:colcon.colcon_core.event_handler.log_command:Invoked command in '/home/vincent-pc/ros2_jazzy/build/lifecycle_cpp' returned '0': CMAKE_PREFIX_PATH=/home/vincent-pc/ros2_jazzy/install/my_robot_interfaces:/home/vincent-pc/ros2_jazzy/install/robot_cpp:/home/vincent-pc/ros2_jazzy/install/my_robot_cpp:/home/vincent-pc/ros2_jazzy/install/my_robot_bringup:/home/vincent-pc/ros2_jazzy/install/lifecycle_cpp:/home/vincent-pc/ros2_jazzy/install/executors_cpp:/home/vincent-pc/ros2_jazzy/install/components_cpp:/home/vincent-pc/ros2_jazzy/install/actions_cpp:/home/vincent-pc/ros2_jazzy/install/my_robot_description:/opt/ros/jazzy/opt/gz_sim_vendor:/opt/ros/jazzy/opt/gz_sensors_vendor:/opt/ros/jazzy/opt/gz_physics_vendor:/opt/ros/jazzy/opt/sdformat_vendor:/opt/ros/jazzy/opt/gz_gui_vendor:/opt/ros/jazzy/opt/gz_transport_vendor:/opt/ros/jazzy/opt/gz_rendering_vendor:/opt/ros/jazzy/opt/gz_plugin_vendor:/opt/ros/jazzy/opt/gz_fuel_tools_vendor:/opt/ros/jazzy/opt/gz_msgs_vendor:/opt/ros/jazzy/opt/gz_common_vendor:/opt/ros/jazzy/opt/gz_math_vendor:/opt/ros/jazzy/opt/gz_utils_vendor:/opt/ros/jazzy/opt/gz_tools_vendor:/opt/ros/jazzy/opt/gz_ogre_next_vendor:/opt/ros/jazzy/opt/gz_dartsim_vendor:/opt/ros/jazzy/opt/gz_cmake_vendor:/home/vincent-pc/ros2_jazzy/install/robot_py:/home/vincent-pc/ros2_jazzy/install/my_robot_python:/home/vincent-pc/ros2_jazzy/install/lifecycle_py:/home/vincent-pc/ros2_jazzy/install/executors_py:/home/vincent-pc/ros2_jazzy/install/components_py:/home/vincent-pc/ros2_jazzy/install/actions_py:/opt/ros/jazzy DEBUGINFOD_URLS=https://debuginfod.ubuntu.com LD_LIBRARY_PATH=/home/vincent-pc/ros2_jazzy/install/my_robot_interfaces/lib:/home/vincent-pc/ros2_jazzy/install/components_cpp/lib:/opt/ros/jazzy/opt/gz_sim_vendor/lib:/opt/ros/jazzy/opt/gz_sensors_vendor/lib:/opt/ros/jazzy/opt/gz_physics_vendor/lib:/opt/ros/jazzy/opt/sdformat_vendor/lib:/opt/ros/jazzy/opt/rviz_ogre_vendor/lib:/opt/ros/jazzy/lib/x86_64-linux-gnu:/opt/ros/jazzy/opt/gz_gui_vendor/lib:/opt/ros/jazzy/opt/gz_transport_vendor/lib:/opt/ros/jazzy/opt/gz_rendering_vendor/lib:/opt/ros/jazzy/opt/gz_plugin_vendor/lib:/opt/ros/jazzy/opt/gz_fuel_tools_vendor/lib:/opt/ros/jazzy/opt/gz_msgs_vendor/lib:/opt/ros/jazzy/opt/gz_common_vendor/lib:/opt/ros/jazzy/opt/gz_math_vendor/lib:/opt/ros/jazzy/opt/gz_utils_vendor/lib:/opt/ros/jazzy/opt/gz_tools_vendor/lib:/opt/ros/jazzy/opt/gz_ogre_next_vendor/lib:/opt/ros/jazzy/opt/gz_dartsim_vendor/lib:/opt/ros/jazzy/opt/gz_cmake_vendor/lib:/opt/ros/jazzy/lib PYTHONPATH=/home/vincent-pc/ros2_jazzy/install/my_robot_interfaces/lib/python3.12/site-packages:/home/vincent-pc/ros2_jazzy/build/robot_py:/home/vincent-pc/ros2_jazzy/install/robot_py/lib/python3.12/site-packages:/home/vincent-pc/ros2_jazzy/build/my_robot_python:/home/vincent-pc/ros2_jazzy/install/my_robot_python/lib/python3.12/site-packages:/home/vincent-pc/ros2_jazzy/build/lifecycle_py:/home/vincent-pc/ros2_jazzy/install/lifecycle_py/lib/python3.12/site-packages:/home/vincent-pc/ros2_jazzy/build/executors_py:/home/vincent-pc/ros2_jazzy/install/executors_py/lib/python3.12/site-packages:/home/vincent-pc/ros2_jazzy/build/components_py:/home/vincent-pc/ros2_jazzy/install/components_py/lib/python3.12/site-packages:/home/vincent-pc/ros2_jazzy/build/actions_py:/home/vincent-pc/ros2_jazzy/install/actions_py/lib/python3.12/site-packages:/opt/ros/jazzy/lib/python3.12/site-packages /usr/bin/cmake --build /home/vincent-pc/ros2_jazzy/build/lifecycle_cpp -- -j8 -l8
[1.819s] DEBUG:colcon.colcon_core.event_handler.log_command:Invoking command in '/home/vincent-pc/ros2_jazzy/build/lifecycle_cpp': CMAKE_PREFIX_PATH=/home/vincent-pc/ros2_jazzy/install/my_robot_interfaces:/home/vincent-pc/ros2_jazzy/install/robot_cpp:/home/vincent-pc/ros2_jazzy/install/my_robot_cpp:/home/vincent-pc/ros2_jazzy/install/my_robot_bringup:/home/vincent-pc/ros2_jazzy/install/lifecycle_cpp:/home/vincent-pc/ros2_jazzy/install/executors_cpp:/home/vincent-pc/ros2_jazzy/install/components_cpp:/home/vincent-pc/ros2_jazzy/install/actions_cpp:/home/vincent-pc/ros2_jazzy/install/my_robot_description:/opt/ros/jazzy/opt/gz_sim_vendor:/opt/ros/jazzy/opt/gz_sensors_vendor:/opt/ros/jazzy/opt/gz_physics_vendor:/opt/ros/jazzy/opt/sdformat_vendor:/opt/ros/jazzy/opt/gz_gui_vendor:/opt/ros/jazzy/opt/gz_transport_vendor:/opt/ros/jazzy/opt/gz_rendering_vendor:/opt/ros/jazzy/opt/gz_plugin_vendor:/opt/ros/jazzy/opt/gz_fuel_tools_vendor:/opt/ros/jazzy/opt/gz_msgs_vendor:/opt/ros/jazzy/opt/gz_common_vendor:/opt/ros/jazzy/opt/gz_math_vendor:/opt/ros/jazzy/opt/gz_utils_vendor:/opt/ros/jazzy/opt/gz_tools_vendor:/opt/ros/jazzy/opt/gz_ogre_next_vendor:/opt/ros/jazzy/opt/gz_dartsim_vendor:/opt/ros/jazzy/opt/gz_cmake_vendor:/home/vincent-pc/ros2_jazzy/install/robot_py:/home/vincent-pc/ros2_jazzy/install/my_robot_python:/home/vincent-pc/ros2_jazzy/install/lifecycle_py:/home/vincent-pc/ros2_jazzy/install/executors_py:/home/vincent-pc/ros2_jazzy/install/components_py:/home/vincent-pc/ros2_jazzy/install/actions_py:/opt/ros/jazzy DEBUGINFOD_URLS=https://debuginfod.ubuntu.com LD_LIBRARY_PATH=/home/vincent-pc/ros2_jazzy/install/my_robot_interfaces/lib:/home/vincent-pc/ros2_jazzy/install/components_cpp/lib:/opt/ros/jazzy/opt/gz_sim_vendor/lib:/opt/ros/jazzy/opt/gz_sensors_vendor/lib:/opt/ros/jazzy/opt/gz_physics_vendor/lib:/opt/ros/jazzy/opt/sdformat_vendor/lib:/opt/ros/jazzy/opt/rviz_ogre_vendor/lib:/opt/ros/jazzy/lib/x86_64-linux-gnu:/opt/ros/jazzy/opt/gz_gui_vendor/lib:/opt/ros/jazzy/opt/gz_transport_vendor/lib:/opt/ros/jazzy/opt/gz_rendering_vendor/lib:/opt/ros/jazzy/opt/gz_plugin_vendor/lib:/opt/ros/jazzy/opt/gz_fuel_tools_vendor/lib:/opt/ros/jazzy/opt/gz_msgs_vendor/lib:/opt/ros/jazzy/opt/gz_common_vendor/lib:/opt/ros/jazzy/opt/gz_math_vendor/lib:/opt/ros/jazzy/opt/gz_utils_vendor/lib:/opt/ros/jazzy/opt/gz_tools_vendor/lib:/opt/ros/jazzy/opt/gz_ogre_next_vendor/lib:/opt/ros/jazzy/opt/gz_dartsim_vendor/lib:/opt/ros/jazzy/opt/gz_cmake_vendor/lib:/opt/ros/jazzy/lib PYTHONPATH=/home/vincent-pc/ros2_jazzy/install/my_robot_interfaces/lib/python3.12/site-packages:/home/vincent-pc/ros2_jazzy/build/robot_py:/home/vincent-pc/ros2_jazzy/install/robot_py/lib/python3.12/site-packages:/home/vincent-pc/ros2_jazzy/build/my_robot_python:/home/vincent-pc/ros2_jazzy/install/my_robot_python/lib/python3.12/site-packages:/home/vincent-pc/ros2_jazzy/build/lifecycle_py:/home/vincent-pc/ros2_jazzy/install/lifecycle_py/lib/python3.12/site-packages:/home/vincent-pc/ros2_jazzy/build/executors_py:/home/vincent-pc/ros2_jazzy/install/executors_py/lib/python3.12/site-packages:/home/vincent-pc/ros2_jazzy/build/components_py:/home/vincent-pc/ros2_jazzy/install/components_py/lib/python3.12/site-packages:/home/vincent-pc/ros2_jazzy/build/actions_py:/home/vincent-pc/ros2_jazzy/install/actions_py/lib/python3.12/site-packages:/opt/ros/jazzy/lib/python3.12/site-packages /usr/bin/cmake --install /home/vincent-pc/ros2_jazzy/build/lifecycle_cpp
[1.819s] DEBUG:colcon.colcon_core.event_handler.log_command:Invoked command in '/home/vincent-pc/ros2_jazzy/build/actions_cpp' returned '0': CMAKE_PREFIX_PATH=/home/vincent-pc/ros2_jazzy/install/my_robot_interfaces:/home/vincent-pc/ros2_jazzy/install/robot_cpp:/home/vincent-pc/ros2_jazzy/install/my_robot_cpp:/home/vincent-pc/ros2_jazzy/install/my_robot_bringup:/home/vincent-pc/ros2_jazzy/install/lifecycle_cpp:/home/vincent-pc/ros2_jazzy/install/executors_cpp:/home/vincent-pc/ros2_jazzy/install/components_cpp:/home/vincent-pc/ros2_jazzy/install/actions_cpp:/home/vincent-pc/ros2_jazzy/install/my_robot_description:/opt/ros/jazzy/opt/gz_sim_vendor:/opt/ros/jazzy/opt/gz_sensors_vendor:/opt/ros/jazzy/opt/gz_physics_vendor:/opt/ros/jazzy/opt/sdformat_vendor:/opt/ros/jazzy/opt/gz_gui_vendor:/opt/ros/jazzy/opt/gz_transport_vendor:/opt/ros/jazzy/opt/gz_rendering_vendor:/opt/ros/jazzy/opt/gz_plugin_vendor:/opt/ros/jazzy/opt/gz_fuel_tools_vendor:/opt/ros/jazzy/opt/gz_msgs_vendor:/opt/ros/jazzy/opt/gz_common_vendor:/opt/ros/jazzy/opt/gz_math_vendor:/opt/ros/jazzy/opt/gz_utils_vendor:/opt/ros/jazzy/opt/gz_tools_vendor:/opt/ros/jazzy/opt/gz_ogre_next_vendor:/opt/ros/jazzy/opt/gz_dartsim_vendor:/opt/ros/jazzy/opt/gz_cmake_vendor:/home/vincent-pc/ros2_jazzy/install/robot_py:/home/vincent-pc/ros2_jazzy/install/my_robot_python:/home/vincent-pc/ros2_jazzy/install/lifecycle_py:/home/vincent-pc/ros2_jazzy/install/executors_py:/home/vincent-pc/ros2_jazzy/install/components_py:/home/vincent-pc/ros2_jazzy/install/actions_py:/opt/ros/jazzy DEBUGINFOD_URLS=https://debuginfod.ubuntu.com LD_LIBRARY_PATH=/home/vincent-pc/ros2_jazzy/install/my_robot_interfaces/lib:/home/vincent-pc/ros2_jazzy/install/components_cpp/lib:/opt/ros/jazzy/opt/gz_sim_vendor/lib:/opt/ros/jazzy/opt/gz_sensors_vendor/lib:/opt/ros/jazzy/opt/gz_physics_vendor/lib:/opt/ros/jazzy/opt/sdformat_vendor/lib:/opt/ros/jazzy/opt/rviz_ogre_vendor/lib:/opt/ros/jazzy/lib/x86_64-linux-gnu:/opt/ros/jazzy/opt/gz_gui_vendor/lib:/opt/ros/jazzy/opt/gz_transport_vendor/lib:/opt/ros/jazzy/opt/gz_rendering_vendor/lib:/opt/ros/jazzy/opt/gz_plugin_vendor/lib:/opt/ros/jazzy/opt/gz_fuel_tools_vendor/lib:/opt/ros/jazzy/opt/gz_msgs_vendor/lib:/opt/ros/jazzy/opt/gz_common_vendor/lib:/opt/ros/jazzy/opt/gz_math_vendor/lib:/opt/ros/jazzy/opt/gz_utils_vendor/lib:/opt/ros/jazzy/opt/gz_tools_vendor/lib:/opt/ros/jazzy/opt/gz_ogre_next_vendor/lib:/opt/ros/jazzy/opt/gz_dartsim_vendor/lib:/opt/ros/jazzy/opt/gz_cmake_vendor/lib:/opt/ros/jazzy/lib PYTHONPATH=/home/vincent-pc/ros2_jazzy/install/my_robot_interfaces/lib/python3.12/site-packages:/home/vincent-pc/ros2_jazzy/build/robot_py:/home/vincent-pc/ros2_jazzy/install/robot_py/lib/python3.12/site-packages:/home/vincent-pc/ros2_jazzy/build/my_robot_python:/home/vincent-pc/ros2_jazzy/install/my_robot_python/lib/python3.12/site-packages:/home/vincent-pc/ros2_jazzy/build/lifecycle_py:/home/vincent-pc/ros2_jazzy/install/lifecycle_py/lib/python3.12/site-packages:/home/vincent-pc/ros2_jazzy/build/executors_py:/home/vincent-pc/ros2_jazzy/install/executors_py/lib/python3.12/site-packages:/home/vincent-pc/ros2_jazzy/build/components_py:/home/vincent-pc/ros2_jazzy/install/components_py/lib/python3.12/site-packages:/home/vincent-pc/ros2_jazzy/build/actions_py:/home/vincent-pc/ros2_jazzy/install/actions_py/lib/python3.12/site-packages:/opt/ros/jazzy/lib/python3.12/site-packages /usr/bin/cmake --build /home/vincent-pc/ros2_jazzy/build/actions_cpp -- -j8 -l8
[1.820s] DEBUG:colcon.colcon_core.event_handler.log_command:Invoking command in '/home/vincent-pc/ros2_jazzy/build/actions_cpp': CMAKE_PREFIX_PATH=/home/vincent-pc/ros2_jazzy/install/my_robot_interfaces:/home/vincent-pc/ros2_jazzy/install/robot_cpp:/home/vincent-pc/ros2_jazzy/install/my_robot_cpp:/home/vincent-pc/ros2_jazzy/install/my_robot_bringup:/home/vincent-pc/ros2_jazzy/install/lifecycle_cpp:/home/vincent-pc/ros2_jazzy/install/executors_cpp:/home/vincent-pc/ros2_jazzy/install/components_cpp:/home/vincent-pc/ros2_jazzy/install/actions_cpp:/home/vincent-pc/ros2_jazzy/install/my_robot_description:/opt/ros/jazzy/opt/gz_sim_vendor:/opt/ros/jazzy/opt/gz_sensors_vendor:/opt/ros/jazzy/opt/gz_physics_vendor:/opt/ros/jazzy/opt/sdformat_vendor:/opt/ros/jazzy/opt/gz_gui_vendor:/opt/ros/jazzy/opt/gz_transport_vendor:/opt/ros/jazzy/opt/gz_rendering_vendor:/opt/ros/jazzy/opt/gz_plugin_vendor:/opt/ros/jazzy/opt/gz_fuel_tools_vendor:/opt/ros/jazzy/opt/gz_msgs_vendor:/opt/ros/jazzy/opt/gz_common_vendor:/opt/ros/jazzy/opt/gz_math_vendor:/opt/ros/jazzy/opt/gz_utils_vendor:/opt/ros/jazzy/opt/gz_tools_vendor:/opt/ros/jazzy/opt/gz_ogre_next_vendor:/opt/ros/jazzy/opt/gz_dartsim_vendor:/opt/ros/jazzy/opt/gz_cmake_vendor:/home/vincent-pc/ros2_jazzy/install/robot_py:/home/vincent-pc/ros2_jazzy/install/my_robot_python:/home/vincent-pc/ros2_jazzy/install/lifecycle_py:/home/vincent-pc/ros2_jazzy/install/executors_py:/home/vincent-pc/ros2_jazzy/install/components_py:/home/vincent-pc/ros2_jazzy/install/actions_py:/opt/ros/jazzy DEBUGINFOD_URLS=https://debuginfod.ubuntu.com LD_LIBRARY_PATH=/home/vincent-pc/ros2_jazzy/install/my_robot_interfaces/lib:/home/vincent-pc/ros2_jazzy/install/components_cpp/lib:/opt/ros/jazzy/opt/gz_sim_vendor/lib:/opt/ros/jazzy/opt/gz_sensors_vendor/lib:/opt/ros/jazzy/opt/gz_physics_vendor/lib:/opt/ros/jazzy/opt/sdformat_vendor/lib:/opt/ros/jazzy/opt/rviz_ogre_vendor/lib:/opt/ros/jazzy/lib/x86_64-linux-gnu:/opt/ros/jazzy/opt/gz_gui_vendor/lib:/opt/ros/jazzy/opt/gz_transport_vendor/lib:/opt/ros/jazzy/opt/gz_rendering_vendor/lib:/opt/ros/jazzy/opt/gz_plugin_vendor/lib:/opt/ros/jazzy/opt/gz_fuel_tools_vendor/lib:/opt/ros/jazzy/opt/gz_msgs_vendor/lib:/opt/ros/jazzy/opt/gz_common_vendor/lib:/opt/ros/jazzy/opt/gz_math_vendor/lib:/opt/ros/jazzy/opt/gz_utils_vendor/lib:/opt/ros/jazzy/opt/gz_tools_vendor/lib:/opt/ros/jazzy/opt/gz_ogre_next_vendor/lib:/opt/ros/jazzy/opt/gz_dartsim_vendor/lib:/opt/ros/jazzy/opt/gz_cmake_vendor/lib:/opt/ros/jazzy/lib PYTHONPATH=/home/vincent-pc/ros2_jazzy/install/my_robot_interfaces/lib/python3.12/site-packages:/home/vincent-pc/ros2_jazzy/build/robot_py:/home/vincent-pc/ros2_jazzy/install/robot_py/lib/python3.12/site-packages:/home/vincent-pc/ros2_jazzy/build/my_robot_python:/home/vincent-pc/ros2_jazzy/install/my_robot_python/lib/python3.12/site-packages:/home/vincent-pc/ros2_jazzy/build/lifecycle_py:/home/vincent-pc/ros2_jazzy/install/lifecycle_py/lib/python3.12/site-packages:/home/vincent-pc/ros2_jazzy/build/executors_py:/home/vincent-pc/ros2_jazzy/install/executors_py/lib/python3.12/site-packages:/home/vincent-pc/ros2_jazzy/build/components_py:/home/vincent-pc/ros2_jazzy/install/components_py/lib/python3.12/site-packages:/home/vincent-pc/ros2_jazzy/build/actions_py:/home/vincent-pc/ros2_jazzy/install/actions_py/lib/python3.12/site-packages:/opt/ros/jazzy/lib/python3.12/site-packages /usr/bin/cmake --install /home/vincent-pc/ros2_jazzy/build/actions_cpp
[2.061s] INFO:colcon.colcon_core.task.python.build:Building Python package in '/home/vincent-pc/ros2_jazzy/src/components_py'
[2.061s] INFO:colcon.colcon_core.shell:Skip shell extension 'powershell' for command environment: Not usable outside of PowerShell
[2.061s] DEBUG:colcon.colcon_core.shell:Skip shell extension 'dsv' for command environment
[2.069s] DEBUG:colcon.colcon_core.event_handler.log_command:Invoking command in '/home/vincent-pc/ros2_jazzy/src/robot_py': DEBUGINFOD_URLS=https://debuginfod.ubuntu.com PYTHONPATH=/home/vincent-pc/ros2_jazzy/build/robot_py/prefix_override:/usr/lib/python3/dist-packages/colcon_core/task/python/colcon_distutils_commands:/home/vincent-pc/ros2_jazzy/install/robot_py/lib/python3.12/site-packages:${PYTHONPATH} /usr/bin/python3 -W ignore:setup.py install is deprecated -W ignore:easy_install command is deprecated setup.py egg_info --egg-base ../../build/robot_py build --build-base /home/vincent-pc/ros2_jazzy/build/robot_py/build install --record /home/vincent-pc/ros2_jazzy/build/robot_py/install.log --single-version-externally-managed install_data
[2.072s] DEBUG:colcon.colcon_core.event_handler.log_command:Invoking command in '/home/vincent-pc/ros2_jazzy/src/my_robot_python': DEBUGINFOD_URLS=https://debuginfod.ubuntu.com PYTHONPATH=/home/vincent-pc/ros2_jazzy/build/my_robot_python/prefix_override:/usr/lib/python3/dist-packages/colcon_core/task/python/colcon_distutils_commands:/home/vincent-pc/ros2_jazzy/install/my_robot_python/lib/python3.12/site-packages:${PYTHONPATH} /usr/bin/python3 -W ignore:setup.py install is deprecated -W ignore:easy_install command is deprecated setup.py egg_info --egg-base ../../build/my_robot_python build --build-base /home/vincent-pc/ros2_jazzy/build/my_robot_python/build install --record /home/vincent-pc/ros2_jazzy/build/my_robot_python/install.log --single-version-externally-managed install_data
[2.082s] Level 1:colcon.colcon_core.environment:create_environment_scripts_only(lifecycle_cpp)
[2.082s] Level 1:colcon.colcon_core.environment:checking '/home/vincent-pc/ros2_jazzy/install/lifecycle_cpp' for CMake module files
[2.084s] Level 1:colcon.colcon_core.environment:checking '/home/vincent-pc/ros2_jazzy/install/lifecycle_cpp' for CMake config files
[2.088s] DEBUG:colcon.colcon_core.event_handler.log_command:Invoked command in '/home/vincent-pc/ros2_jazzy/build/lifecycle_cpp' returned '0': CMAKE_PREFIX_PATH=/home/vincent-pc/ros2_jazzy/install/my_robot_interfaces:/home/vincent-pc/ros2_jazzy/install/robot_cpp:/home/vincent-pc/ros2_jazzy/install/my_robot_cpp:/home/vincent-pc/ros2_jazzy/install/my_robot_bringup:/home/vincent-pc/ros2_jazzy/install/lifecycle_cpp:/home/vincent-pc/ros2_jazzy/install/executors_cpp:/home/vincent-pc/ros2_jazzy/install/components_cpp:/home/vincent-pc/ros2_jazzy/install/actions_cpp:/home/vincent-pc/ros2_jazzy/install/my_robot_description:/opt/ros/jazzy/opt/gz_sim_vendor:/opt/ros/jazzy/opt/gz_sensors_vendor:/opt/ros/jazzy/opt/gz_physics_vendor:/opt/ros/jazzy/opt/sdformat_vendor:/opt/ros/jazzy/opt/gz_gui_vendor:/opt/ros/jazzy/opt/gz_transport_vendor:/opt/ros/jazzy/opt/gz_rendering_vendor:/opt/ros/jazzy/opt/gz_plugin_vendor:/opt/ros/jazzy/opt/gz_fuel_tools_vendor:/opt/ros/jazzy/opt/gz_msgs_vendor:/opt/ros/jazzy/opt/gz_common_vendor:/opt/ros/jazzy/opt/gz_math_vendor:/opt/ros/jazzy/opt/gz_utils_vendor:/opt/ros/jazzy/opt/gz_tools_vendor:/opt/ros/jazzy/opt/gz_ogre_next_vendor:/opt/ros/jazzy/opt/gz_dartsim_vendor:/opt/ros/jazzy/opt/gz_cmake_vendor:/home/vincent-pc/ros2_jazzy/install/robot_py:/home/vincent-pc/ros2_jazzy/install/my_robot_python:/home/vincent-pc/ros2_jazzy/install/lifecycle_py:/home/vincent-pc/ros2_jazzy/install/executors_py:/home/vincent-pc/ros2_jazzy/install/components_py:/home/vincent-pc/ros2_jazzy/install/actions_py:/opt/ros/jazzy DEBUGINFOD_URLS=https://debuginfod.ubuntu.com LD_LIBRARY_PATH=/home/vincent-pc/ros2_jazzy/install/my_robot_interfaces/lib:/home/vincent-pc/ros2_jazzy/install/components_cpp/lib:/opt/ros/jazzy/opt/gz_sim_vendor/lib:/opt/ros/jazzy/opt/gz_sensors_vendor/lib:/opt/ros/jazzy/opt/gz_physics_vendor/lib:/opt/ros/jazzy/opt/sdformat_vendor/lib:/opt/ros/jazzy/opt/rviz_ogre_vendor/lib:/opt/ros/jazzy/lib/x86_64-linux-gnu:/opt/ros/jazzy/opt/gz_gui_vendor/lib:/opt/ros/jazzy/opt/gz_transport_vendor/lib:/opt/ros/jazzy/opt/gz_rendering_vendor/lib:/opt/ros/jazzy/opt/gz_plugin_vendor/lib:/opt/ros/jazzy/opt/gz_fuel_tools_vendor/lib:/opt/ros/jazzy/opt/gz_msgs_vendor/lib:/opt/ros/jazzy/opt/gz_common_vendor/lib:/opt/ros/jazzy/opt/gz_math_vendor/lib:/opt/ros/jazzy/opt/gz_utils_vendor/lib:/opt/ros/jazzy/opt/gz_tools_vendor/lib:/opt/ros/jazzy/opt/gz_ogre_next_vendor/lib:/opt/ros/jazzy/opt/gz_dartsim_vendor/lib:/opt/ros/jazzy/opt/gz_cmake_vendor/lib:/opt/ros/jazzy/lib PYTHONPATH=/home/vincent-pc/ros2_jazzy/install/my_robot_interfaces/lib/python3.12/site-packages:/home/vincent-pc/ros2_jazzy/build/robot_py:/home/vincent-pc/ros2_jazzy/install/robot_py/lib/python3.12/site-packages:/home/vincent-pc/ros2_jazzy/build/my_robot_python:/home/vincent-pc/ros2_jazzy/install/my_robot_python/lib/python3.12/site-packages:/home/vincent-pc/ros2_jazzy/build/lifecycle_py:/home/vincent-pc/ros2_jazzy/install/lifecycle_py/lib/python3.12/site-packages:/home/vincent-pc/ros2_jazzy/build/executors_py:/home/vincent-pc/ros2_jazzy/install/executors_py/lib/python3.12/site-packages:/home/vincent-pc/ros2_jazzy/build/components_py:/home/vincent-pc/ros2_jazzy/install/components_py/lib/python3.12/site-packages:/home/vincent-pc/ros2_jazzy/build/actions_py:/home/vincent-pc/ros2_jazzy/install/actions_py/lib/python3.12/site-packages:/opt/ros/jazzy/lib/python3.12/site-packages /usr/bin/cmake --install /home/vincent-pc/ros2_jazzy/build/lifecycle_cpp
[2.088s] Level 1:colcon.colcon_core.shell:create_environment_hook('lifecycle_cpp', 'cmake_prefix_path')
[2.088s] INFO:colcon.colcon_core.shell:Creating environment hook '/home/vincent-pc/ros2_jazzy/install/lifecycle_cpp/share/lifecycle_cpp/hook/cmake_prefix_path.ps1'
[2.089s] INFO:colcon.colcon_core.shell:Creating environment descriptor '/home/vincent-pc/ros2_jazzy/install/lifecycle_cpp/share/lifecycle_cpp/hook/cmake_prefix_path.dsv'
[2.090s] INFO:colcon.colcon_core.shell:Creating environment hook '/home/vincent-pc/ros2_jazzy/install/lifecycle_cpp/share/lifecycle_cpp/hook/cmake_prefix_path.sh'
[2.090s] Level 1:colcon.colcon_core.environment:checking '/home/vincent-pc/ros2_jazzy/install/lifecycle_cpp/lib'
[2.091s] Level 1:colcon.colcon_core.environment:checking '/home/vincent-pc/ros2_jazzy/install/lifecycle_cpp/bin'
[2.091s] Level 1:colcon.colcon_core.environment:checking '/home/vincent-pc/ros2_jazzy/install/lifecycle_cpp/lib/pkgconfig/lifecycle_cpp.pc'
[2.091s] Level 1:colcon.colcon_core.environment:checking '/home/vincent-pc/ros2_jazzy/install/lifecycle_cpp/lib/python3.12/site-packages'
[2.091s] Level 1:colcon.colcon_core.environment:checking '/home/vincent-pc/ros2_jazzy/install/lifecycle_cpp/bin'
[2.091s] INFO:colcon.colcon_core.shell:Creating package script '/home/vincent-pc/ros2_jazzy/install/lifecycle_cpp/share/lifecycle_cpp/package.ps1'
[2.092s] INFO:colcon.colcon_core.shell:Creating package descriptor '/home/vincent-pc/ros2_jazzy/install/lifecycle_cpp/share/lifecycle_cpp/package.dsv'
[2.092s] INFO:colcon.colcon_core.shell:Creating package script '/home/vincent-pc/ros2_jazzy/install/lifecycle_cpp/share/lifecycle_cpp/package.sh'
[2.093s] INFO:colcon.colcon_core.shell:Creating package script '/home/vincent-pc/ros2_jazzy/install/lifecycle_cpp/share/lifecycle_cpp/package.bash'
[2.093s] INFO:colcon.colcon_core.shell:Creating package script '/home/vincent-pc/ros2_jazzy/install/lifecycle_cpp/share/lifecycle_cpp/package.zsh'
[2.094s] Level 1:colcon.colcon_core.environment:create_file_with_runtime_dependencies(/home/vincent-pc/ros2_jazzy/install/lifecycle_cpp/share/colcon-core/packages/lifecycle_cpp)
[2.094s] Level 1:colcon.colcon_core.environment:create_environment_scripts_only(lifecycle_cpp)
[2.094s] Level 1:colcon.colcon_core.environment:checking '/home/vincent-pc/ros2_jazzy/install/lifecycle_cpp' for CMake module files
[2.095s] Level 1:colcon.colcon_core.environment:checking '/home/vincent-pc/ros2_jazzy/install/lifecycle_cpp' for CMake config files
[2.095s] Level 1:colcon.colcon_core.shell:create_environment_hook('lifecycle_cpp', 'cmake_prefix_path')
[2.096s] INFO:colcon.colcon_core.shell:Creating environment hook '/home/vincent-pc/ros2_jazzy/install/lifecycle_cpp/share/lifecycle_cpp/hook/cmake_prefix_path.ps1'
[2.097s] INFO:colcon.colcon_core.shell:Creating environment descriptor '/home/vincent-pc/ros2_jazzy/install/lifecycle_cpp/share/lifecycle_cpp/hook/cmake_prefix_path.dsv'
[2.099s] INFO:colcon.colcon_core.shell:Creating environment hook '/home/vincent-pc/ros2_jazzy/install/lifecycle_cpp/share/lifecycle_cpp/hook/cmake_prefix_path.sh'
[2.100s] Level 1:colcon.colcon_core.environment:checking '/home/vincent-pc/ros2_jazzy/install/lifecycle_cpp/lib'
[2.100s] Level 1:colcon.colcon_core.environment:checking '/home/vincent-pc/ros2_jazzy/install/lifecycle_cpp/bin'
[2.101s] Level 1:colcon.colcon_core.environment:checking '/home/vincent-pc/ros2_jazzy/install/lifecycle_cpp/lib/pkgconfig/lifecycle_cpp.pc'
[2.101s] Level 1:colcon.colcon_core.environment:checking '/home/vincent-pc/ros2_jazzy/install/lifecycle_cpp/lib/python3.12/site-packages'
[2.101s] Level 1:colcon.colcon_core.environment:checking '/home/vincent-pc/ros2_jazzy/install/lifecycle_cpp/bin'
[2.102s] INFO:colcon.colcon_core.shell:Creating package script '/home/vincent-pc/ros2_jazzy/install/lifecycle_cpp/share/lifecycle_cpp/package.ps1'
[2.103s] INFO:colcon.colcon_core.shell:Creating package descriptor '/home/vincent-pc/ros2_jazzy/install/lifecycle_cpp/share/lifecycle_cpp/package.dsv'
[2.104s] INFO:colcon.colcon_core.shell:Creating package script '/home/vincent-pc/ros2_jazzy/install/lifecycle_cpp/share/lifecycle_cpp/package.sh'
[2.104s] INFO:colcon.colcon_core.shell:Creating package script '/home/vincent-pc/ros2_jazzy/install/lifecycle_cpp/share/lifecycle_cpp/package.bash'
[2.105s] INFO:colcon.colcon_core.shell:Creating package script '/home/vincent-pc/ros2_jazzy/install/lifecycle_cpp/share/lifecycle_cpp/package.zsh'
[2.105s] Level 1:colcon.colcon_core.environment:create_file_with_runtime_dependencies(/home/vincent-pc/ros2_jazzy/install/lifecycle_cpp/share/colcon-core/packages/lifecycle_cpp)
[2.108s] DEBUG:colcon.colcon_core.event_handler.log_command:Invoked command in '/home/vincent-pc/ros2_jazzy/build/components_cpp' returned '0': CMAKE_PREFIX_PATH=/home/vincent-pc/ros2_jazzy/install/my_robot_interfaces:/home/vincent-pc/ros2_jazzy/install/robot_cpp:/home/vincent-pc/ros2_jazzy/install/my_robot_cpp:/home/vincent-pc/ros2_jazzy/install/my_robot_bringup:/home/vincent-pc/ros2_jazzy/install/lifecycle_cpp:/home/vincent-pc/ros2_jazzy/install/executors_cpp:/home/vincent-pc/ros2_jazzy/install/components_cpp:/home/vincent-pc/ros2_jazzy/install/actions_cpp:/home/vincent-pc/ros2_jazzy/install/my_robot_description:/opt/ros/jazzy/opt/gz_sim_vendor:/opt/ros/jazzy/opt/gz_sensors_vendor:/opt/ros/jazzy/opt/gz_physics_vendor:/opt/ros/jazzy/opt/sdformat_vendor:/opt/ros/jazzy/opt/gz_gui_vendor:/opt/ros/jazzy/opt/gz_transport_vendor:/opt/ros/jazzy/opt/gz_rendering_vendor:/opt/ros/jazzy/opt/gz_plugin_vendor:/opt/ros/jazzy/opt/gz_fuel_tools_vendor:/opt/ros/jazzy/opt/gz_msgs_vendor:/opt/ros/jazzy/opt/gz_common_vendor:/opt/ros/jazzy/opt/gz_math_vendor:/opt/ros/jazzy/opt/gz_utils_vendor:/opt/ros/jazzy/opt/gz_tools_vendor:/opt/ros/jazzy/opt/gz_ogre_next_vendor:/opt/ros/jazzy/opt/gz_dartsim_vendor:/opt/ros/jazzy/opt/gz_cmake_vendor:/home/vincent-pc/ros2_jazzy/install/robot_py:/home/vincent-pc/ros2_jazzy/install/my_robot_python:/home/vincent-pc/ros2_jazzy/install/lifecycle_py:/home/vincent-pc/ros2_jazzy/install/executors_py:/home/vincent-pc/ros2_jazzy/install/components_py:/home/vincent-pc/ros2_jazzy/install/actions_py:/opt/ros/jazzy DEBUGINFOD_URLS=https://debuginfod.ubuntu.com LD_LIBRARY_PATH=/home/vincent-pc/ros2_jazzy/install/my_robot_interfaces/lib:/home/vincent-pc/ros2_jazzy/install/components_cpp/lib:/opt/ros/jazzy/opt/gz_sim_vendor/lib:/opt/ros/jazzy/opt/gz_sensors_vendor/lib:/opt/ros/jazzy/opt/gz_physics_vendor/lib:/opt/ros/jazzy/opt/sdformat_vendor/lib:/opt/ros/jazzy/opt/rviz_ogre_vendor/lib:/opt/ros/jazzy/lib/x86_64-linux-gnu:/opt/ros/jazzy/opt/gz_gui_vendor/lib:/opt/ros/jazzy/opt/gz_transport_vendor/lib:/opt/ros/jazzy/opt/gz_rendering_vendor/lib:/opt/ros/jazzy/opt/gz_plugin_vendor/lib:/opt/ros/jazzy/opt/gz_fuel_tools_vendor/lib:/opt/ros/jazzy/opt/gz_msgs_vendor/lib:/opt/ros/jazzy/opt/gz_common_vendor/lib:/opt/ros/jazzy/opt/gz_math_vendor/lib:/opt/ros/jazzy/opt/gz_utils_vendor/lib:/opt/ros/jazzy/opt/gz_tools_vendor/lib:/opt/ros/jazzy/opt/gz_ogre_next_vendor/lib:/opt/ros/jazzy/opt/gz_dartsim_vendor/lib:/opt/ros/jazzy/opt/gz_cmake_vendor/lib:/opt/ros/jazzy/lib PYTHONPATH=/home/vincent-pc/ros2_jazzy/install/my_robot_interfaces/lib/python3.12/site-packages:/home/vincent-pc/ros2_jazzy/build/robot_py:/home/vincent-pc/ros2_jazzy/install/robot_py/lib/python3.12/site-packages:/home/vincent-pc/ros2_jazzy/build/my_robot_python:/home/vincent-pc/ros2_jazzy/install/my_robot_python/lib/python3.12/site-packages:/home/vincent-pc/ros2_jazzy/build/lifecycle_py:/home/vincent-pc/ros2_jazzy/install/lifecycle_py/lib/python3.12/site-packages:/home/vincent-pc/ros2_jazzy/build/executors_py:/home/vincent-pc/ros2_jazzy/install/executors_py/lib/python3.12/site-packages:/home/vincent-pc/ros2_jazzy/build/components_py:/home/vincent-pc/ros2_jazzy/install/components_py/lib/python3.12/site-packages:/home/vincent-pc/ros2_jazzy/build/actions_py:/home/vincent-pc/ros2_jazzy/install/actions_py/lib/python3.12/site-packages:/opt/ros/jazzy/lib/python3.12/site-packages /usr/bin/cmake --build /home/vincent-pc/ros2_jazzy/build/components_cpp -- -j8 -l8
[2.109s] Level 1:colcon.colcon_core.environment:create_environment_scripts_only(actions_cpp)
[2.109s] DEBUG:colcon.colcon_core.event_handler.log_command:Invoking command in '/home/vincent-pc/ros2_jazzy/build/components_cpp': CMAKE_PREFIX_PATH=/home/vincent-pc/ros2_jazzy/install/my_robot_interfaces:/home/vincent-pc/ros2_jazzy/install/robot_cpp:/home/vincent-pc/ros2_jazzy/install/my_robot_cpp:/home/vincent-pc/ros2_jazzy/install/my_robot_bringup:/home/vincent-pc/ros2_jazzy/install/lifecycle_cpp:/home/vincent-pc/ros2_jazzy/install/executors_cpp:/home/vincent-pc/ros2_jazzy/install/components_cpp:/home/vincent-pc/ros2_jazzy/install/actions_cpp:/home/vincent-pc/ros2_jazzy/install/my_robot_description:/opt/ros/jazzy/opt/gz_sim_vendor:/opt/ros/jazzy/opt/gz_sensors_vendor:/opt/ros/jazzy/opt/gz_physics_vendor:/opt/ros/jazzy/opt/sdformat_vendor:/opt/ros/jazzy/opt/gz_gui_vendor:/opt/ros/jazzy/opt/gz_transport_vendor:/opt/ros/jazzy/opt/gz_rendering_vendor:/opt/ros/jazzy/opt/gz_plugin_vendor:/opt/ros/jazzy/opt/gz_fuel_tools_vendor:/opt/ros/jazzy/opt/gz_msgs_vendor:/opt/ros/jazzy/opt/gz_common_vendor:/opt/ros/jazzy/opt/gz_math_vendor:/opt/ros/jazzy/opt/gz_utils_vendor:/opt/ros/jazzy/opt/gz_tools_vendor:/opt/ros/jazzy/opt/gz_ogre_next_vendor:/opt/ros/jazzy/opt/gz_dartsim_vendor:/opt/ros/jazzy/opt/gz_cmake_vendor:/home/vincent-pc/ros2_jazzy/install/robot_py:/home/vincent-pc/ros2_jazzy/install/my_robot_python:/home/vincent-pc/ros2_jazzy/install/lifecycle_py:/home/vincent-pc/ros2_jazzy/install/executors_py:/home/vincent-pc/ros2_jazzy/install/components_py:/home/vincent-pc/ros2_jazzy/install/actions_py:/opt/ros/jazzy DEBUGINFOD_URLS=https://debuginfod.ubuntu.com LD_LIBRARY_PATH=/home/vincent-pc/ros2_jazzy/install/my_robot_interfaces/lib:/home/vincent-pc/ros2_jazzy/install/components_cpp/lib:/opt/ros/jazzy/opt/gz_sim_vendor/lib:/opt/ros/jazzy/opt/gz_sensors_vendor/lib:/opt/ros/jazzy/opt/gz_physics_vendor/lib:/opt/ros/jazzy/opt/sdformat_vendor/lib:/opt/ros/jazzy/opt/rviz_ogre_vendor/lib:/opt/ros/jazzy/lib/x86_64-linux-gnu:/opt/ros/jazzy/opt/gz_gui_vendor/lib:/opt/ros/jazzy/opt/gz_transport_vendor/lib:/opt/ros/jazzy/opt/gz_rendering_vendor/lib:/opt/ros/jazzy/opt/gz_plugin_vendor/lib:/opt/ros/jazzy/opt/gz_fuel_tools_vendor/lib:/opt/ros/jazzy/opt/gz_msgs_vendor/lib:/opt/ros/jazzy/opt/gz_common_vendor/lib:/opt/ros/jazzy/opt/gz_math_vendor/lib:/opt/ros/jazzy/opt/gz_utils_vendor/lib:/opt/ros/jazzy/opt/gz_tools_vendor/lib:/opt/ros/jazzy/opt/gz_ogre_next_vendor/lib:/opt/ros/jazzy/opt/gz_dartsim_vendor/lib:/opt/ros/jazzy/opt/gz_cmake_vendor/lib:/opt/ros/jazzy/lib PYTHONPATH=/home/vincent-pc/ros2_jazzy/install/my_robot_interfaces/lib/python3.12/site-packages:/home/vincent-pc/ros2_jazzy/build/robot_py:/home/vincent-pc/ros2_jazzy/install/robot_py/lib/python3.12/site-packages:/home/vincent-pc/ros2_jazzy/build/my_robot_python:/home/vincent-pc/ros2_jazzy/install/my_robot_python/lib/python3.12/site-packages:/home/vincent-pc/ros2_jazzy/build/lifecycle_py:/home/vincent-pc/ros2_jazzy/install/lifecycle_py/lib/python3.12/site-packages:/home/vincent-pc/ros2_jazzy/build/executors_py:/home/vincent-pc/ros2_jazzy/install/executors_py/lib/python3.12/site-packages:/home/vincent-pc/ros2_jazzy/build/components_py:/home/vincent-pc/ros2_jazzy/install/components_py/lib/python3.12/site-packages:/home/vincent-pc/ros2_jazzy/build/actions_py:/home/vincent-pc/ros2_jazzy/install/actions_py/lib/python3.12/site-packages:/opt/ros/jazzy/lib/python3.12/site-packages /usr/bin/cmake --install /home/vincent-pc/ros2_jazzy/build/components_cpp
[2.109s] Level 1:colcon.colcon_core.environment:checking '/home/vincent-pc/ros2_jazzy/install/actions_cpp' for CMake module files
[2.111s] Level 1:colcon.colcon_core.environment:checking '/home/vincent-pc/ros2_jazzy/install/actions_cpp' for CMake config files
[2.111s] DEBUG:colcon.colcon_core.event_handler.log_command:Invoked command in '/home/vincent-pc/ros2_jazzy/build/actions_cpp' returned '0': CMAKE_PREFIX_PATH=/home/vincent-pc/ros2_jazzy/install/my_robot_interfaces:/home/vincent-pc/ros2_jazzy/install/robot_cpp:/home/vincent-pc/ros2_jazzy/install/my_robot_cpp:/home/vincent-pc/ros2_jazzy/install/my_robot_bringup:/home/vincent-pc/ros2_jazzy/install/lifecycle_cpp:/home/vincent-pc/ros2_jazzy/install/executors_cpp:/home/vincent-pc/ros2_jazzy/install/components_cpp:/home/vincent-pc/ros2_jazzy/install/actions_cpp:/home/vincent-pc/ros2_jazzy/install/my_robot_description:/opt/ros/jazzy/opt/gz_sim_vendor:/opt/ros/jazzy/opt/gz_sensors_vendor:/opt/ros/jazzy/opt/gz_physics_vendor:/opt/ros/jazzy/opt/sdformat_vendor:/opt/ros/jazzy/opt/gz_gui_vendor:/opt/ros/jazzy/opt/gz_transport_vendor:/opt/ros/jazzy/opt/gz_rendering_vendor:/opt/ros/jazzy/opt/gz_plugin_vendor:/opt/ros/jazzy/opt/gz_fuel_tools_vendor:/opt/ros/jazzy/opt/gz_msgs_vendor:/opt/ros/jazzy/opt/gz_common_vendor:/opt/ros/jazzy/opt/gz_math_vendor:/opt/ros/jazzy/opt/gz_utils_vendor:/opt/ros/jazzy/opt/gz_tools_vendor:/opt/ros/jazzy/opt/gz_ogre_next_vendor:/opt/ros/jazzy/opt/gz_dartsim_vendor:/opt/ros/jazzy/opt/gz_cmake_vendor:/home/vincent-pc/ros2_jazzy/install/robot_py:/home/vincent-pc/ros2_jazzy/install/my_robot_python:/home/vincent-pc/ros2_jazzy/install/lifecycle_py:/home/vincent-pc/ros2_jazzy/install/executors_py:/home/vincent-pc/ros2_jazzy/install/components_py:/home/vincent-pc/ros2_jazzy/install/actions_py:/opt/ros/jazzy DEBUGINFOD_URLS=https://debuginfod.ubuntu.com LD_LIBRARY_PATH=/home/vincent-pc/ros2_jazzy/install/my_robot_interfaces/lib:/home/vincent-pc/ros2_jazzy/install/components_cpp/lib:/opt/ros/jazzy/opt/gz_sim_vendor/lib:/opt/ros/jazzy/opt/gz_sensors_vendor/lib:/opt/ros/jazzy/opt/gz_physics_vendor/lib:/opt/ros/jazzy/opt/sdformat_vendor/lib:/opt/ros/jazzy/opt/rviz_ogre_vendor/lib:/opt/ros/jazzy/lib/x86_64-linux-gnu:/opt/ros/jazzy/opt/gz_gui_vendor/lib:/opt/ros/jazzy/opt/gz_transport_vendor/lib:/opt/ros/jazzy/opt/gz_rendering_vendor/lib:/opt/ros/jazzy/opt/gz_plugin_vendor/lib:/opt/ros/jazzy/opt/gz_fuel_tools_vendor/lib:/opt/ros/jazzy/opt/gz_msgs_vendor/lib:/opt/ros/jazzy/opt/gz_common_vendor/lib:/opt/ros/jazzy/opt/gz_math_vendor/lib:/opt/ros/jazzy/opt/gz_utils_vendor/lib:/opt/ros/jazzy/opt/gz_tools_vendor/lib:/opt/ros/jazzy/opt/gz_ogre_next_vendor/lib:/opt/ros/jazzy/opt/gz_dartsim_vendor/lib:/opt/ros/jazzy/opt/gz_cmake_vendor/lib:/opt/ros/jazzy/lib PYTHONPATH=/home/vincent-pc/ros2_jazzy/install/my_robot_interfaces/lib/python3.12/site-packages:/home/vincent-pc/ros2_jazzy/build/robot_py:/home/vincent-pc/ros2_jazzy/install/robot_py/lib/python3.12/site-packages:/home/vincent-pc/ros2_jazzy/build/my_robot_python:/home/vincent-pc/ros2_jazzy/install/my_robot_python/lib/python3.12/site-packages:/home/vincent-pc/ros2_jazzy/build/lifecycle_py:/home/vincent-pc/ros2_jazzy/install/lifecycle_py/lib/python3.12/site-packages:/home/vincent-pc/ros2_jazzy/build/executors_py:/home/vincent-pc/ros2_jazzy/install/executors_py/lib/python3.12/site-packages:/home/vincent-pc/ros2_jazzy/build/components_py:/home/vincent-pc/ros2_jazzy/install/components_py/lib/python3.12/site-packages:/home/vincent-pc/ros2_jazzy/build/actions_py:/home/vincent-pc/ros2_jazzy/install/actions_py/lib/python3.12/site-packages:/opt/ros/jazzy/lib/python3.12/site-packages /usr/bin/cmake --install /home/vincent-pc/ros2_jazzy/build/actions_cpp
[2.112s] Level 1:colcon.colcon_core.shell:create_environment_hook('actions_cpp', 'cmake_prefix_path')
[2.112s] INFO:colcon.colcon_core.shell:Creating environment hook '/home/vincent-pc/ros2_jazzy/install/actions_cpp/share/actions_cpp/hook/cmake_prefix_path.ps1'
[2.113s] INFO:colcon.colcon_core.shell:Creating environment descriptor '/home/vincent-pc/ros2_jazzy/install/actions_cpp/share/actions_cpp/hook/cmake_prefix_path.dsv'
[2.115s] INFO:colcon.colcon_core.shell:Creating environment hook '/home/vincent-pc/ros2_jazzy/install/actions_cpp/share/actions_cpp/hook/cmake_prefix_path.sh'
[2.117s] Level 1:colcon.colcon_core.environment:checking '/home/vincent-pc/ros2_jazzy/install/actions_cpp/lib'
[2.117s] Level 1:colcon.colcon_core.environment:checking '/home/vincent-pc/ros2_jazzy/install/actions_cpp/bin'
[2.117s] Level 1:colcon.colcon_core.environment:checking '/home/vincent-pc/ros2_jazzy/install/actions_cpp/lib/pkgconfig/actions_cpp.pc'
[2.118s] Level 1:colcon.colcon_core.environment:checking '/home/vincent-pc/ros2_jazzy/install/actions_cpp/lib/python3.12/site-packages'
[2.119s] Level 1:colcon.colcon_core.environment:checking '/home/vincent-pc/ros2_jazzy/install/actions_cpp/bin'
[2.119s] INFO:colcon.colcon_core.shell:Creating package script '/home/vincent-pc/ros2_jazzy/install/actions_cpp/share/actions_cpp/package.ps1'
[2.121s] INFO:colcon.colcon_core.shell:Creating package descriptor '/home/vincent-pc/ros2_jazzy/install/actions_cpp/share/actions_cpp/package.dsv'
[2.122s] INFO:colcon.colcon_core.shell:Creating package script '/home/vincent-pc/ros2_jazzy/install/actions_cpp/share/actions_cpp/package.sh'
[2.123s] INFO:colcon.colcon_core.shell:Creating package script '/home/vincent-pc/ros2_jazzy/install/actions_cpp/share/actions_cpp/package.bash'
[2.124s] INFO:colcon.colcon_core.shell:Creating package script '/home/vincent-pc/ros2_jazzy/install/actions_cpp/share/actions_cpp/package.zsh'
[2.125s] Level 1:colcon.colcon_core.environment:create_file_with_runtime_dependencies(/home/vincent-pc/ros2_jazzy/install/actions_cpp/share/colcon-core/packages/actions_cpp)
[2.125s] Level 1:colcon.colcon_core.environment:create_environment_scripts_only(actions_cpp)
[2.126s] Level 1:colcon.colcon_core.environment:checking '/home/vincent-pc/ros2_jazzy/install/actions_cpp' for CMake module files
[2.127s] Level 1:colcon.colcon_core.environment:checking '/home/vincent-pc/ros2_jazzy/install/actions_cpp' for CMake config files
[2.127s] Level 1:colcon.colcon_core.shell:create_environment_hook('actions_cpp', 'cmake_prefix_path')
[2.127s] INFO:colcon.colcon_core.shell:Creating environment hook '/home/vincent-pc/ros2_jazzy/install/actions_cpp/share/actions_cpp/hook/cmake_prefix_path.ps1'
[2.128s] INFO:colcon.colcon_core.shell:Creating environment descriptor '/home/vincent-pc/ros2_jazzy/install/actions_cpp/share/actions_cpp/hook/cmake_prefix_path.dsv'
[2.129s] INFO:colcon.colcon_core.shell:Creating environment hook '/home/vincent-pc/ros2_jazzy/install/actions_cpp/share/actions_cpp/hook/cmake_prefix_path.sh'
[2.130s] Level 1:colcon.colcon_core.environment:checking '/home/vincent-pc/ros2_jazzy/install/actions_cpp/lib'
[2.131s] Level 1:colcon.colcon_core.environment:checking '/home/vincent-pc/ros2_jazzy/install/actions_cpp/bin'
[2.131s] Level 1:colcon.colcon_core.environment:checking '/home/vincent-pc/ros2_jazzy/install/actions_cpp/lib/pkgconfig/actions_cpp.pc'
[2.132s] Level 1:colcon.colcon_core.environment:checking '/home/vincent-pc/ros2_jazzy/install/actions_cpp/lib/python3.12/site-packages'
[2.133s] Level 1:colcon.colcon_core.environment:checking '/home/vincent-pc/ros2_jazzy/install/actions_cpp/bin'
[2.133s] INFO:colcon.colcon_core.shell:Creating package script '/home/vincent-pc/ros2_jazzy/install/actions_cpp/share/actions_cpp/package.ps1'
[2.134s] INFO:colcon.colcon_core.shell:Creating package descriptor '/home/vincent-pc/ros2_jazzy/install/actions_cpp/share/actions_cpp/package.dsv'
[2.135s] INFO:colcon.colcon_core.shell:Creating package script '/home/vincent-pc/ros2_jazzy/install/actions_cpp/share/actions_cpp/package.sh'
[2.136s] INFO:colcon.colcon_core.shell:Creating package script '/home/vincent-pc/ros2_jazzy/install/actions_cpp/share/actions_cpp/package.bash'
[2.137s] INFO:colcon.colcon_core.shell:Creating package script '/home/vincent-pc/ros2_jazzy/install/actions_cpp/share/actions_cpp/package.zsh'
[2.138s] Level 1:colcon.colcon_core.environment:create_file_with_runtime_dependencies(/home/vincent-pc/ros2_jazzy/install/actions_cpp/share/colcon-core/packages/actions_cpp)
[2.139s] INFO:colcon.colcon_ros.task.ament_cmake.build:Building ROS package in '/home/vincent-pc/ros2_jazzy/src/executors_cpp' with build type 'ament_cmake'
[2.140s] INFO:colcon.colcon_cmake.task.cmake.build:Building CMake package in '/home/vincent-pc/ros2_jazzy/src/executors_cpp'
[2.140s] INFO:colcon.colcon_core.shell:Skip shell extension 'powershell' for command environment: Not usable outside of PowerShell
[2.140s] DEBUG:colcon.colcon_core.shell:Skip shell extension 'dsv' for command environment
[2.146s] INFO:colcon.colcon_ros.task.ament_python.build:Building ROS package in '/home/vincent-pc/ros2_jazzy/src/executors_py' with build type 'ament_python'
[2.147s] Level 1:colcon.colcon_core.shell:create_environment_hook('executors_py', 'ament_prefix_path')
[2.147s] INFO:colcon.colcon_core.shell:Creating environment hook '/home/vincent-pc/ros2_jazzy/install/executors_py/share/executors_py/hook/ament_prefix_path.ps1'
[2.148s] INFO:colcon.colcon_core.shell:Creating environment descriptor '/home/vincent-pc/ros2_jazzy/install/executors_py/share/executors_py/hook/ament_prefix_path.dsv'
[2.149s] INFO:colcon.colcon_core.shell:Creating environment hook '/home/vincent-pc/ros2_jazzy/install/executors_py/share/executors_py/hook/ament_prefix_path.sh'
[2.150s] INFO:colcon.colcon_core.shell:Skip shell extension 'powershell' for command environment: Not usable outside of PowerShell
[2.151s] DEBUG:colcon.colcon_core.shell:Skip shell extension 'dsv' for command environment
[2.175s] DEBUG:colcon.colcon_core.event_handler.log_command:Invoking command in '/home/vincent-pc/ros2_jazzy/build/executors_cpp': CMAKE_PREFIX_PATH=/home/vincent-pc/ros2_jazzy/install/my_robot_interfaces:/home/vincent-pc/ros2_jazzy/install/robot_cpp:/home/vincent-pc/ros2_jazzy/install/my_robot_cpp:/home/vincent-pc/ros2_jazzy/install/my_robot_bringup:/home/vincent-pc/ros2_jazzy/install/lifecycle_cpp:/home/vincent-pc/ros2_jazzy/install/executors_cpp:/home/vincent-pc/ros2_jazzy/install/components_cpp:/home/vincent-pc/ros2_jazzy/install/actions_cpp:/home/vincent-pc/ros2_jazzy/install/my_robot_description:/opt/ros/jazzy/opt/gz_sim_vendor:/opt/ros/jazzy/opt/gz_sensors_vendor:/opt/ros/jazzy/opt/gz_physics_vendor:/opt/ros/jazzy/opt/sdformat_vendor:/opt/ros/jazzy/opt/gz_gui_vendor:/opt/ros/jazzy/opt/gz_transport_vendor:/opt/ros/jazzy/opt/gz_rendering_vendor:/opt/ros/jazzy/opt/gz_plugin_vendor:/opt/ros/jazzy/opt/gz_fuel_tools_vendor:/opt/ros/jazzy/opt/gz_msgs_vendor:/opt/ros/jazzy/opt/gz_common_vendor:/opt/ros/jazzy/opt/gz_math_vendor:/opt/ros/jazzy/opt/gz_utils_vendor:/opt/ros/jazzy/opt/gz_tools_vendor:/opt/ros/jazzy/opt/gz_ogre_next_vendor:/opt/ros/jazzy/opt/gz_dartsim_vendor:/opt/ros/jazzy/opt/gz_cmake_vendor:/home/vincent-pc/ros2_jazzy/install/robot_py:/home/vincent-pc/ros2_jazzy/install/my_robot_python:/home/vincent-pc/ros2_jazzy/install/lifecycle_py:/home/vincent-pc/ros2_jazzy/install/executors_py:/home/vincent-pc/ros2_jazzy/install/components_py:/home/vincent-pc/ros2_jazzy/install/actions_py:/opt/ros/jazzy DEBUGINFOD_URLS=https://debuginfod.ubuntu.com LD_LIBRARY_PATH=/home/vincent-pc/ros2_jazzy/install/my_robot_interfaces/lib:/home/vincent-pc/ros2_jazzy/install/components_cpp/lib:/opt/ros/jazzy/opt/gz_sim_vendor/lib:/opt/ros/jazzy/opt/gz_sensors_vendor/lib:/opt/ros/jazzy/opt/gz_physics_vendor/lib:/opt/ros/jazzy/opt/sdformat_vendor/lib:/opt/ros/jazzy/opt/rviz_ogre_vendor/lib:/opt/ros/jazzy/lib/x86_64-linux-gnu:/opt/ros/jazzy/opt/gz_gui_vendor/lib:/opt/ros/jazzy/opt/gz_transport_vendor/lib:/opt/ros/jazzy/opt/gz_rendering_vendor/lib:/opt/ros/jazzy/opt/gz_plugin_vendor/lib:/opt/ros/jazzy/opt/gz_fuel_tools_vendor/lib:/opt/ros/jazzy/opt/gz_msgs_vendor/lib:/opt/ros/jazzy/opt/gz_common_vendor/lib:/opt/ros/jazzy/opt/gz_math_vendor/lib:/opt/ros/jazzy/opt/gz_utils_vendor/lib:/opt/ros/jazzy/opt/gz_tools_vendor/lib:/opt/ros/jazzy/opt/gz_ogre_next_vendor/lib:/opt/ros/jazzy/opt/gz_dartsim_vendor/lib:/opt/ros/jazzy/opt/gz_cmake_vendor/lib:/opt/ros/jazzy/lib PYTHONPATH=/home/vincent-pc/ros2_jazzy/install/my_robot_interfaces/lib/python3.12/site-packages:/home/vincent-pc/ros2_jazzy/build/robot_py:/home/vincent-pc/ros2_jazzy/install/robot_py/lib/python3.12/site-packages:/home/vincent-pc/ros2_jazzy/build/my_robot_python:/home/vincent-pc/ros2_jazzy/install/my_robot_python/lib/python3.12/site-packages:/home/vincent-pc/ros2_jazzy/build/lifecycle_py:/home/vincent-pc/ros2_jazzy/install/lifecycle_py/lib/python3.12/site-packages:/home/vincent-pc/ros2_jazzy/build/executors_py:/home/vincent-pc/ros2_jazzy/install/executors_py/lib/python3.12/site-packages:/home/vincent-pc/ros2_jazzy/build/components_py:/home/vincent-pc/ros2_jazzy/install/components_py/lib/python3.12/site-packages:/home/vincent-pc/ros2_jazzy/build/actions_py:/home/vincent-pc/ros2_jazzy/install/actions_py/lib/python3.12/site-packages:/opt/ros/jazzy/lib/python3.12/site-packages /usr/bin/cmake --build /home/vincent-pc/ros2_jazzy/build/executors_cpp -- -j8 -l8
[2.628s] INFO:colcon.colcon_core.task.python.build:Building Python package in '/home/vincent-pc/ros2_jazzy/src/executors_py'
[2.628s] INFO:colcon.colcon_core.shell:Skip shell extension 'powershell' for command environment: Not usable outside of PowerShell
[2.628s] DEBUG:colcon.colcon_core.shell:Skip shell extension 'dsv' for command environment
[2.637s] Level 1:colcon.colcon_core.environment:create_environment_scripts_only(components_cpp)
[2.638s] Level 1:colcon.colcon_core.environment:checking '/home/vincent-pc/ros2_jazzy/install/components_cpp' for CMake module files
[2.639s] DEBUG:colcon.colcon_core.event_handler.log_command:Invoked command in '/home/vincent-pc/ros2_jazzy/build/components_cpp' returned '0': CMAKE_PREFIX_PATH=/home/vincent-pc/ros2_jazzy/install/my_robot_interfaces:/home/vincent-pc/ros2_jazzy/install/robot_cpp:/home/vincent-pc/ros2_jazzy/install/my_robot_cpp:/home/vincent-pc/ros2_jazzy/install/my_robot_bringup:/home/vincent-pc/ros2_jazzy/install/lifecycle_cpp:/home/vincent-pc/ros2_jazzy/install/executors_cpp:/home/vincent-pc/ros2_jazzy/install/components_cpp:/home/vincent-pc/ros2_jazzy/install/actions_cpp:/home/vincent-pc/ros2_jazzy/install/my_robot_description:/opt/ros/jazzy/opt/gz_sim_vendor:/opt/ros/jazzy/opt/gz_sensors_vendor:/opt/ros/jazzy/opt/gz_physics_vendor:/opt/ros/jazzy/opt/sdformat_vendor:/opt/ros/jazzy/opt/gz_gui_vendor:/opt/ros/jazzy/opt/gz_transport_vendor:/opt/ros/jazzy/opt/gz_rendering_vendor:/opt/ros/jazzy/opt/gz_plugin_vendor:/opt/ros/jazzy/opt/gz_fuel_tools_vendor:/opt/ros/jazzy/opt/gz_msgs_vendor:/opt/ros/jazzy/opt/gz_common_vendor:/opt/ros/jazzy/opt/gz_math_vendor:/opt/ros/jazzy/opt/gz_utils_vendor:/opt/ros/jazzy/opt/gz_tools_vendor:/opt/ros/jazzy/opt/gz_ogre_next_vendor:/opt/ros/jazzy/opt/gz_dartsim_vendor:/opt/ros/jazzy/opt/gz_cmake_vendor:/home/vincent-pc/ros2_jazzy/install/robot_py:/home/vincent-pc/ros2_jazzy/install/my_robot_python:/home/vincent-pc/ros2_jazzy/install/lifecycle_py:/home/vincent-pc/ros2_jazzy/install/executors_py:/home/vincent-pc/ros2_jazzy/install/components_py:/home/vincent-pc/ros2_jazzy/install/actions_py:/opt/ros/jazzy DEBUGINFOD_URLS=https://debuginfod.ubuntu.com LD_LIBRARY_PATH=/home/vincent-pc/ros2_jazzy/install/my_robot_interfaces/lib:/home/vincent-pc/ros2_jazzy/install/components_cpp/lib:/opt/ros/jazzy/opt/gz_sim_vendor/lib:/opt/ros/jazzy/opt/gz_sensors_vendor/lib:/opt/ros/jazzy/opt/gz_physics_vendor/lib:/opt/ros/jazzy/opt/sdformat_vendor/lib:/opt/ros/jazzy/opt/rviz_ogre_vendor/lib:/opt/ros/jazzy/lib/x86_64-linux-gnu:/opt/ros/jazzy/opt/gz_gui_vendor/lib:/opt/ros/jazzy/opt/gz_transport_vendor/lib:/opt/ros/jazzy/opt/gz_rendering_vendor/lib:/opt/ros/jazzy/opt/gz_plugin_vendor/lib:/opt/ros/jazzy/opt/gz_fuel_tools_vendor/lib:/opt/ros/jazzy/opt/gz_msgs_vendor/lib:/opt/ros/jazzy/opt/gz_common_vendor/lib:/opt/ros/jazzy/opt/gz_math_vendor/lib:/opt/ros/jazzy/opt/gz_utils_vendor/lib:/opt/ros/jazzy/opt/gz_tools_vendor/lib:/opt/ros/jazzy/opt/gz_ogre_next_vendor/lib:/opt/ros/jazzy/opt/gz_dartsim_vendor/lib:/opt/ros/jazzy/opt/gz_cmake_vendor/lib:/opt/ros/jazzy/lib PYTHONPATH=/home/vincent-pc/ros2_jazzy/install/my_robot_interfaces/lib/python3.12/site-packages:/home/vincent-pc/ros2_jazzy/build/robot_py:/home/vincent-pc/ros2_jazzy/install/robot_py/lib/python3.12/site-packages:/home/vincent-pc/ros2_jazzy/build/my_robot_python:/home/vincent-pc/ros2_jazzy/install/my_robot_python/lib/python3.12/site-packages:/home/vincent-pc/ros2_jazzy/build/lifecycle_py:/home/vincent-pc/ros2_jazzy/install/lifecycle_py/lib/python3.12/site-packages:/home/vincent-pc/ros2_jazzy/build/executors_py:/home/vincent-pc/ros2_jazzy/install/executors_py/lib/python3.12/site-packages:/home/vincent-pc/ros2_jazzy/build/components_py:/home/vincent-pc/ros2_jazzy/install/components_py/lib/python3.12/site-packages:/home/vincent-pc/ros2_jazzy/build/actions_py:/home/vincent-pc/ros2_jazzy/install/actions_py/lib/python3.12/site-packages:/opt/ros/jazzy/lib/python3.12/site-packages /usr/bin/cmake --install /home/vincent-pc/ros2_jazzy/build/components_cpp
[2.640s] Level 1:colcon.colcon_core.environment:checking '/home/vincent-pc/ros2_jazzy/install/components_cpp' for CMake config files
[2.641s] Level 1:colcon.colcon_core.shell:create_environment_hook('components_cpp', 'cmake_prefix_path')
[2.641s] INFO:colcon.colcon_core.shell:Creating environment hook '/home/vincent-pc/ros2_jazzy/install/components_cpp/share/components_cpp/hook/cmake_prefix_path.ps1'
[2.642s] INFO:colcon.colcon_core.shell:Creating environment descriptor '/home/vincent-pc/ros2_jazzy/install/components_cpp/share/components_cpp/hook/cmake_prefix_path.dsv'
[2.642s] INFO:colcon.colcon_core.shell:Creating environment hook '/home/vincent-pc/ros2_jazzy/install/components_cpp/share/components_cpp/hook/cmake_prefix_path.sh'
[2.644s] Level 1:colcon.colcon_core.environment:checking '/home/vincent-pc/ros2_jazzy/install/components_cpp/lib'
[2.644s] Level 1:colcon.colcon_core.shell:create_environment_hook('components_cpp', 'ld_library_path_lib')
[2.644s] INFO:colcon.colcon_core.shell:Creating environment hook '/home/vincent-pc/ros2_jazzy/install/components_cpp/share/components_cpp/hook/ld_library_path_lib.ps1'
[2.645s] INFO:colcon.colcon_core.shell:Creating environment descriptor '/home/vincent-pc/ros2_jazzy/install/components_cpp/share/components_cpp/hook/ld_library_path_lib.dsv'
[2.645s] INFO:colcon.colcon_core.shell:Creating environment hook '/home/vincent-pc/ros2_jazzy/install/components_cpp/share/components_cpp/hook/ld_library_path_lib.sh'
[2.646s] Level 1:colcon.colcon_core.environment:checking '/home/vincent-pc/ros2_jazzy/install/components_cpp/bin'
[2.647s] Level 1:colcon.colcon_core.environment:checking '/home/vincent-pc/ros2_jazzy/install/components_cpp/lib/pkgconfig/components_cpp.pc'
[2.647s] Level 1:colcon.colcon_core.environment:checking '/home/vincent-pc/ros2_jazzy/install/components_cpp/lib/python3.12/site-packages'
[2.648s] Level 1:colcon.colcon_core.environment:checking '/home/vincent-pc/ros2_jazzy/install/components_cpp/bin'
[2.648s] INFO:colcon.colcon_core.shell:Creating package script '/home/vincent-pc/ros2_jazzy/install/components_cpp/share/components_cpp/package.ps1'
[2.649s] INFO:colcon.colcon_core.shell:Creating package descriptor '/home/vincent-pc/ros2_jazzy/install/components_cpp/share/components_cpp/package.dsv'
[2.650s] INFO:colcon.colcon_core.shell:Creating package script '/home/vincent-pc/ros2_jazzy/install/components_cpp/share/components_cpp/package.sh'
[2.651s] INFO:colcon.colcon_core.shell:Creating package script '/home/vincent-pc/ros2_jazzy/install/components_cpp/share/components_cpp/package.bash'
[2.651s] INFO:colcon.colcon_core.shell:Creating package script '/home/vincent-pc/ros2_jazzy/install/components_cpp/share/components_cpp/package.zsh'
[2.652s] Level 1:colcon.colcon_core.environment:create_file_with_runtime_dependencies(/home/vincent-pc/ros2_jazzy/install/components_cpp/share/colcon-core/packages/components_cpp)
[2.653s] Level 1:colcon.colcon_core.environment:create_environment_scripts_only(components_cpp)
[2.653s] Level 1:colcon.colcon_core.environment:checking '/home/vincent-pc/ros2_jazzy/install/components_cpp' for CMake module files
[2.654s] Level 1:colcon.colcon_core.environment:checking '/home/vincent-pc/ros2_jazzy/install/components_cpp' for CMake config files
[2.654s] Level 1:colcon.colcon_core.shell:create_environment_hook('components_cpp', 'cmake_prefix_path')
[2.655s] INFO:colcon.colcon_core.shell:Creating environment hook '/home/vincent-pc/ros2_jazzy/install/components_cpp/share/components_cpp/hook/cmake_prefix_path.ps1'
[2.656s] INFO:colcon.colcon_core.shell:Creating environment descriptor '/home/vincent-pc/ros2_jazzy/install/components_cpp/share/components_cpp/hook/cmake_prefix_path.dsv'
[2.656s] INFO:colcon.colcon_core.shell:Creating environment hook '/home/vincent-pc/ros2_jazzy/install/components_cpp/share/components_cpp/hook/cmake_prefix_path.sh'
[2.657s] Level 1:colcon.colcon_core.environment:checking '/home/vincent-pc/ros2_jazzy/install/components_cpp/lib'
[2.657s] Level 1:colcon.colcon_core.shell:create_environment_hook('components_cpp', 'ld_library_path_lib')
[2.658s] INFO:colcon.colcon_core.shell:Creating environment hook '/home/vincent-pc/ros2_jazzy/install/components_cpp/share/components_cpp/hook/ld_library_path_lib.ps1'
[2.658s] INFO:colcon.colcon_core.shell:Creating environment descriptor '/home/vincent-pc/ros2_jazzy/install/components_cpp/share/components_cpp/hook/ld_library_path_lib.dsv'
[2.659s] INFO:colcon.colcon_core.shell:Creating environment hook '/home/vincent-pc/ros2_jazzy/install/components_cpp/share/components_cpp/hook/ld_library_path_lib.sh'
[2.660s] Level 1:colcon.colcon_core.environment:checking '/home/vincent-pc/ros2_jazzy/install/components_cpp/bin'
[2.660s] Level 1:colcon.colcon_core.environment:checking '/home/vincent-pc/ros2_jazzy/install/components_cpp/lib/pkgconfig/components_cpp.pc'
[2.660s] Level 1:colcon.colcon_core.environment:checking '/home/vincent-pc/ros2_jazzy/install/components_cpp/lib/python3.12/site-packages'
[2.661s] Level 1:colcon.colcon_core.environment:checking '/home/vincent-pc/ros2_jazzy/install/components_cpp/bin'
[2.662s] INFO:colcon.colcon_core.shell:Creating package script '/home/vincent-pc/ros2_jazzy/install/components_cpp/share/components_cpp/package.ps1'
[2.663s] INFO:colcon.colcon_core.shell:Creating package descriptor '/home/vincent-pc/ros2_jazzy/install/components_cpp/share/components_cpp/package.dsv'
[2.664s] INFO:colcon.colcon_core.shell:Creating package script '/home/vincent-pc/ros2_jazzy/install/components_cpp/share/components_cpp/package.sh'
[2.666s] INFO:colcon.colcon_core.shell:Creating package script '/home/vincent-pc/ros2_jazzy/install/components_cpp/share/components_cpp/package.bash'
[2.666s] INFO:colcon.colcon_core.shell:Creating package script '/home/vincent-pc/ros2_jazzy/install/components_cpp/share/components_cpp/package.zsh'
[2.667s] Level 1:colcon.colcon_core.environment:create_file_with_runtime_dependencies(/home/vincent-pc/ros2_jazzy/install/components_cpp/share/colcon-core/packages/components_cpp)
[2.668s] INFO:colcon.colcon_ros.task.ament_cmake.build:Building ROS package in '/home/vincent-pc/ros2_jazzy/final_project' with build type 'ament_cmake'
[2.668s] INFO:colcon.colcon_cmake.task.cmake.build:Building CMake package in '/home/vincent-pc/ros2_jazzy/final_project'
[2.669s] INFO:colcon.colcon_core.shell:Skip shell extension 'powershell' for command environment: Not usable outside of PowerShell
[2.669s] DEBUG:colcon.colcon_core.shell:Skip shell extension 'dsv' for command environment
[2.679s] DEBUG:colcon.colcon_core.event_handler.log_command:Invoked command in '/home/vincent-pc/ros2_jazzy/build/executors_cpp' returned '0': CMAKE_PREFIX_PATH=/home/vincent-pc/ros2_jazzy/install/my_robot_interfaces:/home/vincent-pc/ros2_jazzy/install/robot_cpp:/home/vincent-pc/ros2_jazzy/install/my_robot_cpp:/home/vincent-pc/ros2_jazzy/install/my_robot_bringup:/home/vincent-pc/ros2_jazzy/install/lifecycle_cpp:/home/vincent-pc/ros2_jazzy/install/executors_cpp:/home/vincent-pc/ros2_jazzy/install/components_cpp:/home/vincent-pc/ros2_jazzy/install/actions_cpp:/home/vincent-pc/ros2_jazzy/install/my_robot_description:/opt/ros/jazzy/opt/gz_sim_vendor:/opt/ros/jazzy/opt/gz_sensors_vendor:/opt/ros/jazzy/opt/gz_physics_vendor:/opt/ros/jazzy/opt/sdformat_vendor:/opt/ros/jazzy/opt/gz_gui_vendor:/opt/ros/jazzy/opt/gz_transport_vendor:/opt/ros/jazzy/opt/gz_rendering_vendor:/opt/ros/jazzy/opt/gz_plugin_vendor:/opt/ros/jazzy/opt/gz_fuel_tools_vendor:/opt/ros/jazzy/opt/gz_msgs_vendor:/opt/ros/jazzy/opt/gz_common_vendor:/opt/ros/jazzy/opt/gz_math_vendor:/opt/ros/jazzy/opt/gz_utils_vendor:/opt/ros/jazzy/opt/gz_tools_vendor:/opt/ros/jazzy/opt/gz_ogre_next_vendor:/opt/ros/jazzy/opt/gz_dartsim_vendor:/opt/ros/jazzy/opt/gz_cmake_vendor:/home/vincent-pc/ros2_jazzy/install/robot_py:/home/vincent-pc/ros2_jazzy/install/my_robot_python:/home/vincent-pc/ros2_jazzy/install/lifecycle_py:/home/vincent-pc/ros2_jazzy/install/executors_py:/home/vincent-pc/ros2_jazzy/install/components_py:/home/vincent-pc/ros2_jazzy/install/actions_py:/opt/ros/jazzy DEBUGINFOD_URLS=https://debuginfod.ubuntu.com LD_LIBRARY_PATH=/home/vincent-pc/ros2_jazzy/install/my_robot_interfaces/lib:/home/vincent-pc/ros2_jazzy/install/components_cpp/lib:/opt/ros/jazzy/opt/gz_sim_vendor/lib:/opt/ros/jazzy/opt/gz_sensors_vendor/lib:/opt/ros/jazzy/opt/gz_physics_vendor/lib:/opt/ros/jazzy/opt/sdformat_vendor/lib:/opt/ros/jazzy/opt/rviz_ogre_vendor/lib:/opt/ros/jazzy/lib/x86_64-linux-gnu:/opt/ros/jazzy/opt/gz_gui_vendor/lib:/opt/ros/jazzy/opt/gz_transport_vendor/lib:/opt/ros/jazzy/opt/gz_rendering_vendor/lib:/opt/ros/jazzy/opt/gz_plugin_vendor/lib:/opt/ros/jazzy/opt/gz_fuel_tools_vendor/lib:/opt/ros/jazzy/opt/gz_msgs_vendor/lib:/opt/ros/jazzy/opt/gz_common_vendor/lib:/opt/ros/jazzy/opt/gz_math_vendor/lib:/opt/ros/jazzy/opt/gz_utils_vendor/lib:/opt/ros/jazzy/opt/gz_tools_vendor/lib:/opt/ros/jazzy/opt/gz_ogre_next_vendor/lib:/opt/ros/jazzy/opt/gz_dartsim_vendor/lib:/opt/ros/jazzy/opt/gz_cmake_vendor/lib:/opt/ros/jazzy/lib PYTHONPATH=/home/vincent-pc/ros2_jazzy/install/my_robot_interfaces/lib/python3.12/site-packages:/home/vincent-pc/ros2_jazzy/build/robot_py:/home/vincent-pc/ros2_jazzy/install/robot_py/lib/python3.12/site-packages:/home/vincent-pc/ros2_jazzy/build/my_robot_python:/home/vincent-pc/ros2_jazzy/install/my_robot_python/lib/python3.12/site-packages:/home/vincent-pc/ros2_jazzy/build/lifecycle_py:/home/vincent-pc/ros2_jazzy/install/lifecycle_py/lib/python3.12/site-packages:/home/vincent-pc/ros2_jazzy/build/executors_py:/home/vincent-pc/ros2_jazzy/install/executors_py/lib/python3.12/site-packages:/home/vincent-pc/ros2_jazzy/build/components_py:/home/vincent-pc/ros2_jazzy/install/components_py/lib/python3.12/site-packages:/home/vincent-pc/ros2_jazzy/build/actions_py:/home/vincent-pc/ros2_jazzy/install/actions_py/lib/python3.12/site-packages:/opt/ros/jazzy/lib/python3.12/site-packages /usr/bin/cmake --build /home/vincent-pc/ros2_jazzy/build/executors_cpp -- -j8 -l8
[2.684s] DEBUG:colcon.colcon_core.event_handler.log_command:Invoking command in '/home/vincent-pc/ros2_jazzy/build/executors_cpp': CMAKE_PREFIX_PATH=/home/vincent-pc/ros2_jazzy/install/my_robot_interfaces:/home/vincent-pc/ros2_jazzy/install/robot_cpp:/home/vincent-pc/ros2_jazzy/install/my_robot_cpp:/home/vincent-pc/ros2_jazzy/install/my_robot_bringup:/home/vincent-pc/ros2_jazzy/install/lifecycle_cpp:/home/vincent-pc/ros2_jazzy/install/executors_cpp:/home/vincent-pc/ros2_jazzy/install/components_cpp:/home/vincent-pc/ros2_jazzy/install/actions_cpp:/home/vincent-pc/ros2_jazzy/install/my_robot_description:/opt/ros/jazzy/opt/gz_sim_vendor:/opt/ros/jazzy/opt/gz_sensors_vendor:/opt/ros/jazzy/opt/gz_physics_vendor:/opt/ros/jazzy/opt/sdformat_vendor:/opt/ros/jazzy/opt/gz_gui_vendor:/opt/ros/jazzy/opt/gz_transport_vendor:/opt/ros/jazzy/opt/gz_rendering_vendor:/opt/ros/jazzy/opt/gz_plugin_vendor:/opt/ros/jazzy/opt/gz_fuel_tools_vendor:/opt/ros/jazzy/opt/gz_msgs_vendor:/opt/ros/jazzy/opt/gz_common_vendor:/opt/ros/jazzy/opt/gz_math_vendor:/opt/ros/jazzy/opt/gz_utils_vendor:/opt/ros/jazzy/opt/gz_tools_vendor:/opt/ros/jazzy/opt/gz_ogre_next_vendor:/opt/ros/jazzy/opt/gz_dartsim_vendor:/opt/ros/jazzy/opt/gz_cmake_vendor:/home/vincent-pc/ros2_jazzy/install/robot_py:/home/vincent-pc/ros2_jazzy/install/my_robot_python:/home/vincent-pc/ros2_jazzy/install/lifecycle_py:/home/vincent-pc/ros2_jazzy/install/executors_py:/home/vincent-pc/ros2_jazzy/install/components_py:/home/vincent-pc/ros2_jazzy/install/actions_py:/opt/ros/jazzy DEBUGINFOD_URLS=https://debuginfod.ubuntu.com LD_LIBRARY_PATH=/home/vincent-pc/ros2_jazzy/install/my_robot_interfaces/lib:/home/vincent-pc/ros2_jazzy/install/components_cpp/lib:/opt/ros/jazzy/opt/gz_sim_vendor/lib:/opt/ros/jazzy/opt/gz_sensors_vendor/lib:/opt/ros/jazzy/opt/gz_physics_vendor/lib:/opt/ros/jazzy/opt/sdformat_vendor/lib:/opt/ros/jazzy/opt/rviz_ogre_vendor/lib:/opt/ros/jazzy/lib/x86_64-linux-gnu:/opt/ros/jazzy/opt/gz_gui_vendor/lib:/opt/ros/jazzy/opt/gz_transport_vendor/lib:/opt/ros/jazzy/opt/gz_rendering_vendor/lib:/opt/ros/jazzy/opt/gz_plugin_vendor/lib:/opt/ros/jazzy/opt/gz_fuel_tools_vendor/lib:/opt/ros/jazzy/opt/gz_msgs_vendor/lib:/opt/ros/jazzy/opt/gz_common_vendor/lib:/opt/ros/jazzy/opt/gz_math_vendor/lib:/opt/ros/jazzy/opt/gz_utils_vendor/lib:/opt/ros/jazzy/opt/gz_tools_vendor/lib:/opt/ros/jazzy/opt/gz_ogre_next_vendor/lib:/opt/ros/jazzy/opt/gz_dartsim_vendor/lib:/opt/ros/jazzy/opt/gz_cmake_vendor/lib:/opt/ros/jazzy/lib PYTHONPATH=/home/vincent-pc/ros2_jazzy/install/my_robot_interfaces/lib/python3.12/site-packages:/home/vincent-pc/ros2_jazzy/build/robot_py:/home/vincent-pc/ros2_jazzy/install/robot_py/lib/python3.12/site-packages:/home/vincent-pc/ros2_jazzy/build/my_robot_python:/home/vincent-pc/ros2_jazzy/install/my_robot_python/lib/python3.12/site-packages:/home/vincent-pc/ros2_jazzy/build/lifecycle_py:/home/vincent-pc/ros2_jazzy/install/lifecycle_py/lib/python3.12/site-packages:/home/vincent-pc/ros2_jazzy/build/executors_py:/home/vincent-pc/ros2_jazzy/install/executors_py/lib/python3.12/site-packages:/home/vincent-pc/ros2_jazzy/build/components_py:/home/vincent-pc/ros2_jazzy/install/components_py/lib/python3.12/site-packages:/home/vincent-pc/ros2_jazzy/build/actions_py:/home/vincent-pc/ros2_jazzy/install/actions_py/lib/python3.12/site-packages:/opt/ros/jazzy/lib/python3.12/site-packages /usr/bin/cmake --install /home/vincent-pc/ros2_jazzy/build/executors_cpp
[2.704s] DEBUG:colcon.colcon_core.event_handler.log_command:Invoking command in '/home/vincent-pc/ros2_jazzy/build/final_project': CMAKE_PREFIX_PATH=/home/vincent-pc/ros2_jazzy/install/my_robot_interfaces:/home/vincent-pc/ros2_jazzy/install/robot_cpp:/home/vincent-pc/ros2_jazzy/install/my_robot_cpp:/home/vincent-pc/ros2_jazzy/install/my_robot_bringup:/home/vincent-pc/ros2_jazzy/install/lifecycle_cpp:/home/vincent-pc/ros2_jazzy/install/executors_cpp:/home/vincent-pc/ros2_jazzy/install/components_cpp:/home/vincent-pc/ros2_jazzy/install/actions_cpp:/home/vincent-pc/ros2_jazzy/install/my_robot_description:/opt/ros/jazzy/opt/gz_sim_vendor:/opt/ros/jazzy/opt/gz_sensors_vendor:/opt/ros/jazzy/opt/gz_physics_vendor:/opt/ros/jazzy/opt/sdformat_vendor:/opt/ros/jazzy/opt/gz_gui_vendor:/opt/ros/jazzy/opt/gz_transport_vendor:/opt/ros/jazzy/opt/gz_rendering_vendor:/opt/ros/jazzy/opt/gz_plugin_vendor:/opt/ros/jazzy/opt/gz_fuel_tools_vendor:/opt/ros/jazzy/opt/gz_msgs_vendor:/opt/ros/jazzy/opt/gz_common_vendor:/opt/ros/jazzy/opt/gz_math_vendor:/opt/ros/jazzy/opt/gz_utils_vendor:/opt/ros/jazzy/opt/gz_tools_vendor:/opt/ros/jazzy/opt/gz_ogre_next_vendor:/opt/ros/jazzy/opt/gz_dartsim_vendor:/opt/ros/jazzy/opt/gz_cmake_vendor:/home/vincent-pc/ros2_jazzy/install/robot_py:/home/vincent-pc/ros2_jazzy/install/my_robot_python:/home/vincent-pc/ros2_jazzy/install/lifecycle_py:/home/vincent-pc/ros2_jazzy/install/executors_py:/home/vincent-pc/ros2_jazzy/install/components_py:/home/vincent-pc/ros2_jazzy/install/actions_py:/opt/ros/jazzy DEBUGINFOD_URLS=https://debuginfod.ubuntu.com LD_LIBRARY_PATH=/home/vincent-pc/ros2_jazzy/install/my_robot_interfaces/lib:/home/vincent-pc/ros2_jazzy/install/components_cpp/lib:/opt/ros/jazzy/opt/gz_sim_vendor/lib:/opt/ros/jazzy/opt/gz_sensors_vendor/lib:/opt/ros/jazzy/opt/gz_physics_vendor/lib:/opt/ros/jazzy/opt/sdformat_vendor/lib:/opt/ros/jazzy/opt/rviz_ogre_vendor/lib:/opt/ros/jazzy/lib/x86_64-linux-gnu:/opt/ros/jazzy/opt/gz_gui_vendor/lib:/opt/ros/jazzy/opt/gz_transport_vendor/lib:/opt/ros/jazzy/opt/gz_rendering_vendor/lib:/opt/ros/jazzy/opt/gz_plugin_vendor/lib:/opt/ros/jazzy/opt/gz_fuel_tools_vendor/lib:/opt/ros/jazzy/opt/gz_msgs_vendor/lib:/opt/ros/jazzy/opt/gz_common_vendor/lib:/opt/ros/jazzy/opt/gz_math_vendor/lib:/opt/ros/jazzy/opt/gz_utils_vendor/lib:/opt/ros/jazzy/opt/gz_tools_vendor/lib:/opt/ros/jazzy/opt/gz_ogre_next_vendor/lib:/opt/ros/jazzy/opt/gz_dartsim_vendor/lib:/opt/ros/jazzy/opt/gz_cmake_vendor/lib:/opt/ros/jazzy/lib PYTHONPATH=/home/vincent-pc/ros2_jazzy/install/my_robot_interfaces/lib/python3.12/site-packages:/home/vincent-pc/ros2_jazzy/build/robot_py:/home/vincent-pc/ros2_jazzy/install/robot_py/lib/python3.12/site-packages:/home/vincent-pc/ros2_jazzy/build/my_robot_python:/home/vincent-pc/ros2_jazzy/install/my_robot_python/lib/python3.12/site-packages:/home/vincent-pc/ros2_jazzy/build/lifecycle_py:/home/vincent-pc/ros2_jazzy/install/lifecycle_py/lib/python3.12/site-packages:/home/vincent-pc/ros2_jazzy/build/executors_py:/home/vincent-pc/ros2_jazzy/install/executors_py/lib/python3.12/site-packages:/home/vincent-pc/ros2_jazzy/build/components_py:/home/vincent-pc/ros2_jazzy/install/components_py/lib/python3.12/site-packages:/home/vincent-pc/ros2_jazzy/build/actions_py:/home/vincent-pc/ros2_jazzy/install/actions_py/lib/python3.12/site-packages:/opt/ros/jazzy/lib/python3.12/site-packages /usr/bin/cmake /home/vincent-pc/ros2_jazzy/final_project -DCMAKE_INSTALL_PREFIX=/home/vincent-pc/ros2_jazzy/install/final_project
[2.757s] Level 1:colcon.colcon_core.environment:create_environment_scripts_only(executors_cpp)
[2.757s] Level 1:colcon.colcon_core.environment:checking '/home/vincent-pc/ros2_jazzy/install/executors_cpp' for CMake module files
[2.758s] Level 1:colcon.colcon_core.environment:checking '/home/vincent-pc/ros2_jazzy/install/executors_cpp' for CMake config files
[2.759s] Level 1:colcon.colcon_core.shell:create_environment_hook('executors_cpp', 'cmake_prefix_path')
[2.759s] INFO:colcon.colcon_core.shell:Creating environment hook '/home/vincent-pc/ros2_jazzy/install/executors_cpp/share/executors_cpp/hook/cmake_prefix_path.ps1'
[2.757s] DEBUG:colcon.colcon_core.event_handler.log_command:Invoked command in '/home/vincent-pc/ros2_jazzy/build/executors_cpp' returned '0': CMAKE_PREFIX_PATH=/home/vincent-pc/ros2_jazzy/install/my_robot_interfaces:/home/vincent-pc/ros2_jazzy/install/robot_cpp:/home/vincent-pc/ros2_jazzy/install/my_robot_cpp:/home/vincent-pc/ros2_jazzy/install/my_robot_bringup:/home/vincent-pc/ros2_jazzy/install/lifecycle_cpp:/home/vincent-pc/ros2_jazzy/install/executors_cpp:/home/vincent-pc/ros2_jazzy/install/components_cpp:/home/vincent-pc/ros2_jazzy/install/actions_cpp:/home/vincent-pc/ros2_jazzy/install/my_robot_description:/opt/ros/jazzy/opt/gz_sim_vendor:/opt/ros/jazzy/opt/gz_sensors_vendor:/opt/ros/jazzy/opt/gz_physics_vendor:/opt/ros/jazzy/opt/sdformat_vendor:/opt/ros/jazzy/opt/gz_gui_vendor:/opt/ros/jazzy/opt/gz_transport_vendor:/opt/ros/jazzy/opt/gz_rendering_vendor:/opt/ros/jazzy/opt/gz_plugin_vendor:/opt/ros/jazzy/opt/gz_fuel_tools_vendor:/opt/ros/jazzy/opt/gz_msgs_vendor:/opt/ros/jazzy/opt/gz_common_vendor:/opt/ros/jazzy/opt/gz_math_vendor:/opt/ros/jazzy/opt/gz_utils_vendor:/opt/ros/jazzy/opt/gz_tools_vendor:/opt/ros/jazzy/opt/gz_ogre_next_vendor:/opt/ros/jazzy/opt/gz_dartsim_vendor:/opt/ros/jazzy/opt/gz_cmake_vendor:/home/vincent-pc/ros2_jazzy/install/robot_py:/home/vincent-pc/ros2_jazzy/install/my_robot_python:/home/vincent-pc/ros2_jazzy/install/lifecycle_py:/home/vincent-pc/ros2_jazzy/install/executors_py:/home/vincent-pc/ros2_jazzy/install/components_py:/home/vincent-pc/ros2_jazzy/install/actions_py:/opt/ros/jazzy DEBUGINFOD_URLS=https://debuginfod.ubuntu.com LD_LIBRARY_PATH=/home/vincent-pc/ros2_jazzy/install/my_robot_interfaces/lib:/home/vincent-pc/ros2_jazzy/install/components_cpp/lib:/opt/ros/jazzy/opt/gz_sim_vendor/lib:/opt/ros/jazzy/opt/gz_sensors_vendor/lib:/opt/ros/jazzy/opt/gz_physics_vendor/lib:/opt/ros/jazzy/opt/sdformat_vendor/lib:/opt/ros/jazzy/opt/rviz_ogre_vendor/lib:/opt/ros/jazzy/lib/x86_64-linux-gnu:/opt/ros/jazzy/opt/gz_gui_vendor/lib:/opt/ros/jazzy/opt/gz_transport_vendor/lib:/opt/ros/jazzy/opt/gz_rendering_vendor/lib:/opt/ros/jazzy/opt/gz_plugin_vendor/lib:/opt/ros/jazzy/opt/gz_fuel_tools_vendor/lib:/opt/ros/jazzy/opt/gz_msgs_vendor/lib:/opt/ros/jazzy/opt/gz_common_vendor/lib:/opt/ros/jazzy/opt/gz_math_vendor/lib:/opt/ros/jazzy/opt/gz_utils_vendor/lib:/opt/ros/jazzy/opt/gz_tools_vendor/lib:/opt/ros/jazzy/opt/gz_ogre_next_vendor/lib:/opt/ros/jazzy/opt/gz_dartsim_vendor/lib:/opt/ros/jazzy/opt/gz_cmake_vendor/lib:/opt/ros/jazzy/lib PYTHONPATH=/home/vincent-pc/ros2_jazzy/install/my_robot_interfaces/lib/python3.12/site-packages:/home/vincent-pc/ros2_jazzy/build/robot_py:/home/vincent-pc/ros2_jazzy/install/robot_py/lib/python3.12/site-packages:/home/vincent-pc/ros2_jazzy/build/my_robot_python:/home/vincent-pc/ros2_jazzy/install/my_robot_python/lib/python3.12/site-packages:/home/vincent-pc/ros2_jazzy/build/lifecycle_py:/home/vincent-pc/ros2_jazzy/install/lifecycle_py/lib/python3.12/site-packages:/home/vincent-pc/ros2_jazzy/build/executors_py:/home/vincent-pc/ros2_jazzy/install/executors_py/lib/python3.12/site-packages:/home/vincent-pc/ros2_jazzy/build/components_py:/home/vincent-pc/ros2_jazzy/install/components_py/lib/python3.12/site-packages:/home/vincent-pc/ros2_jazzy/build/actions_py:/home/vincent-pc/ros2_jazzy/install/actions_py/lib/python3.12/site-packages:/opt/ros/jazzy/lib/python3.12/site-packages /usr/bin/cmake --install /home/vincent-pc/ros2_jazzy/build/executors_cpp
[2.760s] INFO:colcon.colcon_core.shell:Creating environment descriptor '/home/vincent-pc/ros2_jazzy/install/executors_cpp/share/executors_cpp/hook/cmake_prefix_path.dsv'
[2.760s] INFO:colcon.colcon_core.shell:Creating environment hook '/home/vincent-pc/ros2_jazzy/install/executors_cpp/share/executors_cpp/hook/cmake_prefix_path.sh'
[2.762s] Level 1:colcon.colcon_core.environment:checking '/home/vincent-pc/ros2_jazzy/install/executors_cpp/lib'
[2.762s] Level 1:colcon.colcon_core.environment:checking '/home/vincent-pc/ros2_jazzy/install/executors_cpp/bin'
[2.762s] Level 1:colcon.colcon_core.environment:checking '/home/vincent-pc/ros2_jazzy/install/executors_cpp/lib/pkgconfig/executors_cpp.pc'
[2.762s] Level 1:colcon.colcon_core.environment:checking '/home/vincent-pc/ros2_jazzy/install/executors_cpp/lib/python3.12/site-packages'
[2.763s] Level 1:colcon.colcon_core.environment:checking '/home/vincent-pc/ros2_jazzy/install/executors_cpp/bin'
[2.763s] INFO:colcon.colcon_core.shell:Creating package script '/home/vincent-pc/ros2_jazzy/install/executors_cpp/share/executors_cpp/package.ps1'
[2.764s] INFO:colcon.colcon_core.shell:Creating package descriptor '/home/vincent-pc/ros2_jazzy/install/executors_cpp/share/executors_cpp/package.dsv'
[2.765s] INFO:colcon.colcon_core.shell:Creating package script '/home/vincent-pc/ros2_jazzy/install/executors_cpp/share/executors_cpp/package.sh'
[2.766s] INFO:colcon.colcon_core.shell:Creating package script '/home/vincent-pc/ros2_jazzy/install/executors_cpp/share/executors_cpp/package.bash'
[2.767s] INFO:colcon.colcon_core.shell:Creating package script '/home/vincent-pc/ros2_jazzy/install/executors_cpp/share/executors_cpp/package.zsh'
[2.767s] Level 1:colcon.colcon_core.environment:create_file_with_runtime_dependencies(/home/vincent-pc/ros2_jazzy/install/executors_cpp/share/colcon-core/packages/executors_cpp)
[2.768s] Level 1:colcon.colcon_core.environment:create_environment_scripts_only(executors_cpp)
[2.768s] Level 1:colcon.colcon_core.environment:checking '/home/vincent-pc/ros2_jazzy/install/executors_cpp' for CMake module files
[2.769s] Level 1:colcon.colcon_core.environment:checking '/home/vincent-pc/ros2_jazzy/install/executors_cpp' for CMake config files
[2.770s] Level 1:colcon.colcon_core.shell:create_environment_hook('executors_cpp', 'cmake_prefix_path')
[2.770s] INFO:colcon.colcon_core.shell:Creating environment hook '/home/vincent-pc/ros2_jazzy/install/executors_cpp/share/executors_cpp/hook/cmake_prefix_path.ps1'
[2.771s] INFO:colcon.colcon_core.shell:Creating environment descriptor '/home/vincent-pc/ros2_jazzy/install/executors_cpp/share/executors_cpp/hook/cmake_prefix_path.dsv'
[2.771s] INFO:colcon.colcon_core.shell:Creating environment hook '/home/vincent-pc/ros2_jazzy/install/executors_cpp/share/executors_cpp/hook/cmake_prefix_path.sh'
[2.772s] Level 1:colcon.colcon_core.environment:checking '/home/vincent-pc/ros2_jazzy/install/executors_cpp/lib'
[2.772s] Level 1:colcon.colcon_core.environment:checking '/home/vincent-pc/ros2_jazzy/install/executors_cpp/bin'
[2.772s] Level 1:colcon.colcon_core.environment:checking '/home/vincent-pc/ros2_jazzy/install/executors_cpp/lib/pkgconfig/executors_cpp.pc'
[2.773s] Level 1:colcon.colcon_core.environment:checking '/home/vincent-pc/ros2_jazzy/install/executors_cpp/lib/python3.12/site-packages'
[2.773s] Level 1:colcon.colcon_core.environment:checking '/home/vincent-pc/ros2_jazzy/install/executors_cpp/bin'
[2.774s] INFO:colcon.colcon_core.shell:Creating package script '/home/vincent-pc/ros2_jazzy/install/executors_cpp/share/executors_cpp/package.ps1'
[2.774s] INFO:colcon.colcon_core.shell:Creating package descriptor '/home/vincent-pc/ros2_jazzy/install/executors_cpp/share/executors_cpp/package.dsv'
[2.775s] INFO:colcon.colcon_core.shell:Creating package script '/home/vincent-pc/ros2_jazzy/install/executors_cpp/share/executors_cpp/package.sh'
[2.776s] INFO:colcon.colcon_core.shell:Creating package script '/home/vincent-pc/ros2_jazzy/install/executors_cpp/share/executors_cpp/package.bash'
[2.777s] INFO:colcon.colcon_core.shell:Creating package script '/home/vincent-pc/ros2_jazzy/install/executors_cpp/share/executors_cpp/package.zsh'
[2.778s] Level 1:colcon.colcon_core.environment:create_file_with_runtime_dependencies(/home/vincent-pc/ros2_jazzy/install/executors_cpp/share/colcon-core/packages/executors_cpp)
[2.782s] INFO:colcon.colcon_ros.task.ament_cmake.build:Building ROS package in '/home/vincent-pc/ros2_jazzy/src/my_robot_cpp' with build type 'ament_cmake'
[2.782s] INFO:colcon.colcon_cmake.task.cmake.build:Building CMake package in '/home/vincent-pc/ros2_jazzy/src/my_robot_cpp'
[2.783s] INFO:colcon.colcon_core.shell:Skip shell extension 'powershell' for command environment: Not usable outside of PowerShell
[2.783s] DEBUG:colcon.colcon_core.shell:Skip shell extension 'dsv' for command environment
[2.821s] DEBUG:colcon.colcon_core.event_handler.log_command:Invoking command in '/home/vincent-pc/ros2_jazzy/build/my_robot_cpp': CMAKE_PREFIX_PATH=/home/vincent-pc/ros2_jazzy/install/my_robot_interfaces:/home/vincent-pc/ros2_jazzy/install/robot_cpp:/home/vincent-pc/ros2_jazzy/install/my_robot_cpp:/home/vincent-pc/ros2_jazzy/install/my_robot_bringup:/home/vincent-pc/ros2_jazzy/install/lifecycle_cpp:/home/vincent-pc/ros2_jazzy/install/executors_cpp:/home/vincent-pc/ros2_jazzy/install/components_cpp:/home/vincent-pc/ros2_jazzy/install/actions_cpp:/home/vincent-pc/ros2_jazzy/install/my_robot_description:/opt/ros/jazzy/opt/gz_sim_vendor:/opt/ros/jazzy/opt/gz_sensors_vendor:/opt/ros/jazzy/opt/gz_physics_vendor:/opt/ros/jazzy/opt/sdformat_vendor:/opt/ros/jazzy/opt/gz_gui_vendor:/opt/ros/jazzy/opt/gz_transport_vendor:/opt/ros/jazzy/opt/gz_rendering_vendor:/opt/ros/jazzy/opt/gz_plugin_vendor:/opt/ros/jazzy/opt/gz_fuel_tools_vendor:/opt/ros/jazzy/opt/gz_msgs_vendor:/opt/ros/jazzy/opt/gz_common_vendor:/opt/ros/jazzy/opt/gz_math_vendor:/opt/ros/jazzy/opt/gz_utils_vendor:/opt/ros/jazzy/opt/gz_tools_vendor:/opt/ros/jazzy/opt/gz_ogre_next_vendor:/opt/ros/jazzy/opt/gz_dartsim_vendor:/opt/ros/jazzy/opt/gz_cmake_vendor:/home/vincent-pc/ros2_jazzy/install/robot_py:/home/vincent-pc/ros2_jazzy/install/my_robot_python:/home/vincent-pc/ros2_jazzy/install/lifecycle_py:/home/vincent-pc/ros2_jazzy/install/executors_py:/home/vincent-pc/ros2_jazzy/install/components_py:/home/vincent-pc/ros2_jazzy/install/actions_py:/opt/ros/jazzy DEBUGINFOD_URLS=https://debuginfod.ubuntu.com LD_LIBRARY_PATH=/home/vincent-pc/ros2_jazzy/install/my_robot_interfaces/lib:/home/vincent-pc/ros2_jazzy/install/components_cpp/lib:/opt/ros/jazzy/opt/gz_sim_vendor/lib:/opt/ros/jazzy/opt/gz_sensors_vendor/lib:/opt/ros/jazzy/opt/gz_physics_vendor/lib:/opt/ros/jazzy/opt/sdformat_vendor/lib:/opt/ros/jazzy/opt/rviz_ogre_vendor/lib:/opt/ros/jazzy/lib/x86_64-linux-gnu:/opt/ros/jazzy/opt/gz_gui_vendor/lib:/opt/ros/jazzy/opt/gz_transport_vendor/lib:/opt/ros/jazzy/opt/gz_rendering_vendor/lib:/opt/ros/jazzy/opt/gz_plugin_vendor/lib:/opt/ros/jazzy/opt/gz_fuel_tools_vendor/lib:/opt/ros/jazzy/opt/gz_msgs_vendor/lib:/opt/ros/jazzy/opt/gz_common_vendor/lib:/opt/ros/jazzy/opt/gz_math_vendor/lib:/opt/ros/jazzy/opt/gz_utils_vendor/lib:/opt/ros/jazzy/opt/gz_tools_vendor/lib:/opt/ros/jazzy/opt/gz_ogre_next_vendor/lib:/opt/ros/jazzy/opt/gz_dartsim_vendor/lib:/opt/ros/jazzy/opt/gz_cmake_vendor/lib:/opt/ros/jazzy/lib PYTHONPATH=/home/vincent-pc/ros2_jazzy/install/my_robot_interfaces/lib/python3.12/site-packages:/home/vincent-pc/ros2_jazzy/build/robot_py:/home/vincent-pc/ros2_jazzy/install/robot_py/lib/python3.12/site-packages:/home/vincent-pc/ros2_jazzy/build/my_robot_python:/home/vincent-pc/ros2_jazzy/install/my_robot_python/lib/python3.12/site-packages:/home/vincent-pc/ros2_jazzy/build/lifecycle_py:/home/vincent-pc/ros2_jazzy/install/lifecycle_py/lib/python3.12/site-packages:/home/vincent-pc/ros2_jazzy/build/executors_py:/home/vincent-pc/ros2_jazzy/install/executors_py/lib/python3.12/site-packages:/home/vincent-pc/ros2_jazzy/build/components_py:/home/vincent-pc/ros2_jazzy/install/components_py/lib/python3.12/site-packages:/home/vincent-pc/ros2_jazzy/build/actions_py:/home/vincent-pc/ros2_jazzy/install/actions_py/lib/python3.12/site-packages:/opt/ros/jazzy/lib/python3.12/site-packages /usr/bin/cmake --build /home/vincent-pc/ros2_jazzy/build/my_robot_cpp -- -j8 -l8
[3.007s] DEBUG:colcon.colcon_core.event_handler.log_command:Invoked command in '/home/vincent-pc/ros2_jazzy/build/my_robot_cpp' returned '0': CMAKE_PREFIX_PATH=/home/vincent-pc/ros2_jazzy/install/my_robot_interfaces:/home/vincent-pc/ros2_jazzy/install/robot_cpp:/home/vincent-pc/ros2_jazzy/install/my_robot_cpp:/home/vincent-pc/ros2_jazzy/install/my_robot_bringup:/home/vincent-pc/ros2_jazzy/install/lifecycle_cpp:/home/vincent-pc/ros2_jazzy/install/executors_cpp:/home/vincent-pc/ros2_jazzy/install/components_cpp:/home/vincent-pc/ros2_jazzy/install/actions_cpp:/home/vincent-pc/ros2_jazzy/install/my_robot_description:/opt/ros/jazzy/opt/gz_sim_vendor:/opt/ros/jazzy/opt/gz_sensors_vendor:/opt/ros/jazzy/opt/gz_physics_vendor:/opt/ros/jazzy/opt/sdformat_vendor:/opt/ros/jazzy/opt/gz_gui_vendor:/opt/ros/jazzy/opt/gz_transport_vendor:/opt/ros/jazzy/opt/gz_rendering_vendor:/opt/ros/jazzy/opt/gz_plugin_vendor:/opt/ros/jazzy/opt/gz_fuel_tools_vendor:/opt/ros/jazzy/opt/gz_msgs_vendor:/opt/ros/jazzy/opt/gz_common_vendor:/opt/ros/jazzy/opt/gz_math_vendor:/opt/ros/jazzy/opt/gz_utils_vendor:/opt/ros/jazzy/opt/gz_tools_vendor:/opt/ros/jazzy/opt/gz_ogre_next_vendor:/opt/ros/jazzy/opt/gz_dartsim_vendor:/opt/ros/jazzy/opt/gz_cmake_vendor:/home/vincent-pc/ros2_jazzy/install/robot_py:/home/vincent-pc/ros2_jazzy/install/my_robot_python:/home/vincent-pc/ros2_jazzy/install/lifecycle_py:/home/vincent-pc/ros2_jazzy/install/executors_py:/home/vincent-pc/ros2_jazzy/install/components_py:/home/vincent-pc/ros2_jazzy/install/actions_py:/opt/ros/jazzy DEBUGINFOD_URLS=https://debuginfod.ubuntu.com LD_LIBRARY_PATH=/home/vincent-pc/ros2_jazzy/install/my_robot_interfaces/lib:/home/vincent-pc/ros2_jazzy/install/components_cpp/lib:/opt/ros/jazzy/opt/gz_sim_vendor/lib:/opt/ros/jazzy/opt/gz_sensors_vendor/lib:/opt/ros/jazzy/opt/gz_physics_vendor/lib:/opt/ros/jazzy/opt/sdformat_vendor/lib:/opt/ros/jazzy/opt/rviz_ogre_vendor/lib:/opt/ros/jazzy/lib/x86_64-linux-gnu:/opt/ros/jazzy/opt/gz_gui_vendor/lib:/opt/ros/jazzy/opt/gz_transport_vendor/lib:/opt/ros/jazzy/opt/gz_rendering_vendor/lib:/opt/ros/jazzy/opt/gz_plugin_vendor/lib:/opt/ros/jazzy/opt/gz_fuel_tools_vendor/lib:/opt/ros/jazzy/opt/gz_msgs_vendor/lib:/opt/ros/jazzy/opt/gz_common_vendor/lib:/opt/ros/jazzy/opt/gz_math_vendor/lib:/opt/ros/jazzy/opt/gz_utils_vendor/lib:/opt/ros/jazzy/opt/gz_tools_vendor/lib:/opt/ros/jazzy/opt/gz_ogre_next_vendor/lib:/opt/ros/jazzy/opt/gz_dartsim_vendor/lib:/opt/ros/jazzy/opt/gz_cmake_vendor/lib:/opt/ros/jazzy/lib PYTHONPATH=/home/vincent-pc/ros2_jazzy/install/my_robot_interfaces/lib/python3.12/site-packages:/home/vincent-pc/ros2_jazzy/build/robot_py:/home/vincent-pc/ros2_jazzy/install/robot_py/lib/python3.12/site-packages:/home/vincent-pc/ros2_jazzy/build/my_robot_python:/home/vincent-pc/ros2_jazzy/install/my_robot_python/lib/python3.12/site-packages:/home/vincent-pc/ros2_jazzy/build/lifecycle_py:/home/vincent-pc/ros2_jazzy/install/lifecycle_py/lib/python3.12/site-packages:/home/vincent-pc/ros2_jazzy/build/executors_py:/home/vincent-pc/ros2_jazzy/install/executors_py/lib/python3.12/site-packages:/home/vincent-pc/ros2_jazzy/build/components_py:/home/vincent-pc/ros2_jazzy/install/components_py/lib/python3.12/site-packages:/home/vincent-pc/ros2_jazzy/build/actions_py:/home/vincent-pc/ros2_jazzy/install/actions_py/lib/python3.12/site-packages:/opt/ros/jazzy/lib/python3.12/site-packages /usr/bin/cmake --build /home/vincent-pc/ros2_jazzy/build/my_robot_cpp -- -j8 -l8
[3.011s] DEBUG:colcon.colcon_core.event_handler.log_command:Invoking command in '/home/vincent-pc/ros2_jazzy/build/my_robot_cpp': CMAKE_PREFIX_PATH=/home/vincent-pc/ros2_jazzy/install/my_robot_interfaces:/home/vincent-pc/ros2_jazzy/install/robot_cpp:/home/vincent-pc/ros2_jazzy/install/my_robot_cpp:/home/vincent-pc/ros2_jazzy/install/my_robot_bringup:/home/vincent-pc/ros2_jazzy/install/lifecycle_cpp:/home/vincent-pc/ros2_jazzy/install/executors_cpp:/home/vincent-pc/ros2_jazzy/install/components_cpp:/home/vincent-pc/ros2_jazzy/install/actions_cpp:/home/vincent-pc/ros2_jazzy/install/my_robot_description:/opt/ros/jazzy/opt/gz_sim_vendor:/opt/ros/jazzy/opt/gz_sensors_vendor:/opt/ros/jazzy/opt/gz_physics_vendor:/opt/ros/jazzy/opt/sdformat_vendor:/opt/ros/jazzy/opt/gz_gui_vendor:/opt/ros/jazzy/opt/gz_transport_vendor:/opt/ros/jazzy/opt/gz_rendering_vendor:/opt/ros/jazzy/opt/gz_plugin_vendor:/opt/ros/jazzy/opt/gz_fuel_tools_vendor:/opt/ros/jazzy/opt/gz_msgs_vendor:/opt/ros/jazzy/opt/gz_common_vendor:/opt/ros/jazzy/opt/gz_math_vendor:/opt/ros/jazzy/opt/gz_utils_vendor:/opt/ros/jazzy/opt/gz_tools_vendor:/opt/ros/jazzy/opt/gz_ogre_next_vendor:/opt/ros/jazzy/opt/gz_dartsim_vendor:/opt/ros/jazzy/opt/gz_cmake_vendor:/home/vincent-pc/ros2_jazzy/install/robot_py:/home/vincent-pc/ros2_jazzy/install/my_robot_python:/home/vincent-pc/ros2_jazzy/install/lifecycle_py:/home/vincent-pc/ros2_jazzy/install/executors_py:/home/vincent-pc/ros2_jazzy/install/components_py:/home/vincent-pc/ros2_jazzy/install/actions_py:/opt/ros/jazzy DEBUGINFOD_URLS=https://debuginfod.ubuntu.com LD_LIBRARY_PATH=/home/vincent-pc/ros2_jazzy/install/my_robot_interfaces/lib:/home/vincent-pc/ros2_jazzy/install/components_cpp/lib:/opt/ros/jazzy/opt/gz_sim_vendor/lib:/opt/ros/jazzy/opt/gz_sensors_vendor/lib:/opt/ros/jazzy/opt/gz_physics_vendor/lib:/opt/ros/jazzy/opt/sdformat_vendor/lib:/opt/ros/jazzy/opt/rviz_ogre_vendor/lib:/opt/ros/jazzy/lib/x86_64-linux-gnu:/opt/ros/jazzy/opt/gz_gui_vendor/lib:/opt/ros/jazzy/opt/gz_transport_vendor/lib:/opt/ros/jazzy/opt/gz_rendering_vendor/lib:/opt/ros/jazzy/opt/gz_plugin_vendor/lib:/opt/ros/jazzy/opt/gz_fuel_tools_vendor/lib:/opt/ros/jazzy/opt/gz_msgs_vendor/lib:/opt/ros/jazzy/opt/gz_common_vendor/lib:/opt/ros/jazzy/opt/gz_math_vendor/lib:/opt/ros/jazzy/opt/gz_utils_vendor/lib:/opt/ros/jazzy/opt/gz_tools_vendor/lib:/opt/ros/jazzy/opt/gz_ogre_next_vendor/lib:/opt/ros/jazzy/opt/gz_dartsim_vendor/lib:/opt/ros/jazzy/opt/gz_cmake_vendor/lib:/opt/ros/jazzy/lib PYTHONPATH=/home/vincent-pc/ros2_jazzy/install/my_robot_interfaces/lib/python3.12/site-packages:/home/vincent-pc/ros2_jazzy/build/robot_py:/home/vincent-pc/ros2_jazzy/install/robot_py/lib/python3.12/site-packages:/home/vincent-pc/ros2_jazzy/build/my_robot_python:/home/vincent-pc/ros2_jazzy/install/my_robot_python/lib/python3.12/site-packages:/home/vincent-pc/ros2_jazzy/build/lifecycle_py:/home/vincent-pc/ros2_jazzy/install/lifecycle_py/lib/python3.12/site-packages:/home/vincent-pc/ros2_jazzy/build/executors_py:/home/vincent-pc/ros2_jazzy/install/executors_py/lib/python3.12/site-packages:/home/vincent-pc/ros2_jazzy/build/components_py:/home/vincent-pc/ros2_jazzy/install/components_py/lib/python3.12/site-packages:/home/vincent-pc/ros2_jazzy/build/actions_py:/home/vincent-pc/ros2_jazzy/install/actions_py/lib/python3.12/site-packages:/opt/ros/jazzy/lib/python3.12/site-packages /usr/bin/cmake --install /home/vincent-pc/ros2_jazzy/build/my_robot_cpp
[3.056s] Level 1:colcon.colcon_core.environment:create_environment_scripts_only(my_robot_cpp)
[3.056s] DEBUG:colcon.colcon_core.event_handler.log_command:Invoked command in '/home/vincent-pc/ros2_jazzy/build/my_robot_cpp' returned '0': CMAKE_PREFIX_PATH=/home/vincent-pc/ros2_jazzy/install/my_robot_interfaces:/home/vincent-pc/ros2_jazzy/install/robot_cpp:/home/vincent-pc/ros2_jazzy/install/my_robot_cpp:/home/vincent-pc/ros2_jazzy/install/my_robot_bringup:/home/vincent-pc/ros2_jazzy/install/lifecycle_cpp:/home/vincent-pc/ros2_jazzy/install/executors_cpp:/home/vincent-pc/ros2_jazzy/install/components_cpp:/home/vincent-pc/ros2_jazzy/install/actions_cpp:/home/vincent-pc/ros2_jazzy/install/my_robot_description:/opt/ros/jazzy/opt/gz_sim_vendor:/opt/ros/jazzy/opt/gz_sensors_vendor:/opt/ros/jazzy/opt/gz_physics_vendor:/opt/ros/jazzy/opt/sdformat_vendor:/opt/ros/jazzy/opt/gz_gui_vendor:/opt/ros/jazzy/opt/gz_transport_vendor:/opt/ros/jazzy/opt/gz_rendering_vendor:/opt/ros/jazzy/opt/gz_plugin_vendor:/opt/ros/jazzy/opt/gz_fuel_tools_vendor:/opt/ros/jazzy/opt/gz_msgs_vendor:/opt/ros/jazzy/opt/gz_common_vendor:/opt/ros/jazzy/opt/gz_math_vendor:/opt/ros/jazzy/opt/gz_utils_vendor:/opt/ros/jazzy/opt/gz_tools_vendor:/opt/ros/jazzy/opt/gz_ogre_next_vendor:/opt/ros/jazzy/opt/gz_dartsim_vendor:/opt/ros/jazzy/opt/gz_cmake_vendor:/home/vincent-pc/ros2_jazzy/install/robot_py:/home/vincent-pc/ros2_jazzy/install/my_robot_python:/home/vincent-pc/ros2_jazzy/install/lifecycle_py:/home/vincent-pc/ros2_jazzy/install/executors_py:/home/vincent-pc/ros2_jazzy/install/components_py:/home/vincent-pc/ros2_jazzy/install/actions_py:/opt/ros/jazzy DEBUGINFOD_URLS=https://debuginfod.ubuntu.com LD_LIBRARY_PATH=/home/vincent-pc/ros2_jazzy/install/my_robot_interfaces/lib:/home/vincent-pc/ros2_jazzy/install/components_cpp/lib:/opt/ros/jazzy/opt/gz_sim_vendor/lib:/opt/ros/jazzy/opt/gz_sensors_vendor/lib:/opt/ros/jazzy/opt/gz_physics_vendor/lib:/opt/ros/jazzy/opt/sdformat_vendor/lib:/opt/ros/jazzy/opt/rviz_ogre_vendor/lib:/opt/ros/jazzy/lib/x86_64-linux-gnu:/opt/ros/jazzy/opt/gz_gui_vendor/lib:/opt/ros/jazzy/opt/gz_transport_vendor/lib:/opt/ros/jazzy/opt/gz_rendering_vendor/lib:/opt/ros/jazzy/opt/gz_plugin_vendor/lib:/opt/ros/jazzy/opt/gz_fuel_tools_vendor/lib:/opt/ros/jazzy/opt/gz_msgs_vendor/lib:/opt/ros/jazzy/opt/gz_common_vendor/lib:/opt/ros/jazzy/opt/gz_math_vendor/lib:/opt/ros/jazzy/opt/gz_utils_vendor/lib:/opt/ros/jazzy/opt/gz_tools_vendor/lib:/opt/ros/jazzy/opt/gz_ogre_next_vendor/lib:/opt/ros/jazzy/opt/gz_dartsim_vendor/lib:/opt/ros/jazzy/opt/gz_cmake_vendor/lib:/opt/ros/jazzy/lib PYTHONPATH=/home/vincent-pc/ros2_jazzy/install/my_robot_interfaces/lib/python3.12/site-packages:/home/vincent-pc/ros2_jazzy/build/robot_py:/home/vincent-pc/ros2_jazzy/install/robot_py/lib/python3.12/site-packages:/home/vincent-pc/ros2_jazzy/build/my_robot_python:/home/vincent-pc/ros2_jazzy/install/my_robot_python/lib/python3.12/site-packages:/home/vincent-pc/ros2_jazzy/build/lifecycle_py:/home/vincent-pc/ros2_jazzy/install/lifecycle_py/lib/python3.12/site-packages:/home/vincent-pc/ros2_jazzy/build/executors_py:/home/vincent-pc/ros2_jazzy/install/executors_py/lib/python3.12/site-packages:/home/vincent-pc/ros2_jazzy/build/components_py:/home/vincent-pc/ros2_jazzy/install/components_py/lib/python3.12/site-packages:/home/vincent-pc/ros2_jazzy/build/actions_py:/home/vincent-pc/ros2_jazzy/install/actions_py/lib/python3.12/site-packages:/opt/ros/jazzy/lib/python3.12/site-packages /usr/bin/cmake --install /home/vincent-pc/ros2_jazzy/build/my_robot_cpp
[3.057s] Level 1:colcon.colcon_core.environment:checking '/home/vincent-pc/ros2_jazzy/install/my_robot_cpp' for CMake module files
[3.062s] Level 1:colcon.colcon_core.environment:checking '/home/vincent-pc/ros2_jazzy/install/my_robot_cpp' for CMake config files
[3.062s] Level 1:colcon.colcon_core.shell:create_environment_hook('my_robot_cpp', 'cmake_prefix_path')
[3.063s] INFO:colcon.colcon_core.shell:Creating environment hook '/home/vincent-pc/ros2_jazzy/install/my_robot_cpp/share/my_robot_cpp/hook/cmake_prefix_path.ps1'
[3.065s] INFO:colcon.colcon_core.shell:Creating environment descriptor '/home/vincent-pc/ros2_jazzy/install/my_robot_cpp/share/my_robot_cpp/hook/cmake_prefix_path.dsv'
[3.067s] INFO:colcon.colcon_core.shell:Creating environment hook '/home/vincent-pc/ros2_jazzy/install/my_robot_cpp/share/my_robot_cpp/hook/cmake_prefix_path.sh'
[3.071s] Level 1:colcon.colcon_core.environment:checking '/home/vincent-pc/ros2_jazzy/install/my_robot_cpp/lib'
[3.071s] Level 1:colcon.colcon_core.environment:checking '/home/vincent-pc/ros2_jazzy/install/my_robot_cpp/bin'
[3.071s] Level 1:colcon.colcon_core.environment:checking '/home/vincent-pc/ros2_jazzy/install/my_robot_cpp/lib/pkgconfig/my_robot_cpp.pc'
[3.071s] Level 1:colcon.colcon_core.environment:checking '/home/vincent-pc/ros2_jazzy/install/my_robot_cpp/lib/python3.12/site-packages'
[3.072s] Level 1:colcon.colcon_core.environment:checking '/home/vincent-pc/ros2_jazzy/install/my_robot_cpp/bin'
[3.072s] INFO:colcon.colcon_core.shell:Creating package script '/home/vincent-pc/ros2_jazzy/install/my_robot_cpp/share/my_robot_cpp/package.ps1'
[3.073s] INFO:colcon.colcon_core.shell:Creating package descriptor '/home/vincent-pc/ros2_jazzy/install/my_robot_cpp/share/my_robot_cpp/package.dsv'
[3.075s] INFO:colcon.colcon_core.shell:Creating package script '/home/vincent-pc/ros2_jazzy/install/my_robot_cpp/share/my_robot_cpp/package.sh'
[3.077s] INFO:colcon.colcon_core.shell:Creating package script '/home/vincent-pc/ros2_jazzy/install/my_robot_cpp/share/my_robot_cpp/package.bash'
[3.078s] INFO:colcon.colcon_core.shell:Creating package script '/home/vincent-pc/ros2_jazzy/install/my_robot_cpp/share/my_robot_cpp/package.zsh'
[3.080s] Level 1:colcon.colcon_core.environment:create_file_with_runtime_dependencies(/home/vincent-pc/ros2_jazzy/install/my_robot_cpp/share/colcon-core/packages/my_robot_cpp)
[3.082s] Level 1:colcon.colcon_core.environment:create_environment_scripts_only(my_robot_cpp)
[3.082s] Level 1:colcon.colcon_core.environment:checking '/home/vincent-pc/ros2_jazzy/install/my_robot_cpp' for CMake module files
[3.083s] Level 1:colcon.colcon_core.environment:checking '/home/vincent-pc/ros2_jazzy/install/my_robot_cpp' for CMake config files
[3.084s] Level 1:colcon.colcon_core.shell:create_environment_hook('my_robot_cpp', 'cmake_prefix_path')
[3.084s] INFO:colcon.colcon_core.shell:Creating environment hook '/home/vincent-pc/ros2_jazzy/install/my_robot_cpp/share/my_robot_cpp/hook/cmake_prefix_path.ps1'
[3.087s] INFO:colcon.colcon_core.shell:Creating environment descriptor '/home/vincent-pc/ros2_jazzy/install/my_robot_cpp/share/my_robot_cpp/hook/cmake_prefix_path.dsv'
[3.088s] INFO:colcon.colcon_core.shell:Creating environment hook '/home/vincent-pc/ros2_jazzy/install/my_robot_cpp/share/my_robot_cpp/hook/cmake_prefix_path.sh'
[3.090s] Level 1:colcon.colcon_core.environment:checking '/home/vincent-pc/ros2_jazzy/install/my_robot_cpp/lib'
[3.090s] Level 1:colcon.colcon_core.environment:checking '/home/vincent-pc/ros2_jazzy/install/my_robot_cpp/bin'
[3.091s] Level 1:colcon.colcon_core.environment:checking '/home/vincent-pc/ros2_jazzy/install/my_robot_cpp/lib/pkgconfig/my_robot_cpp.pc'
[3.092s] Level 1:colcon.colcon_core.environment:checking '/home/vincent-pc/ros2_jazzy/install/my_robot_cpp/lib/python3.12/site-packages'
[3.093s] Level 1:colcon.colcon_core.environment:checking '/home/vincent-pc/ros2_jazzy/install/my_robot_cpp/bin'
[3.093s] INFO:colcon.colcon_core.shell:Creating package script '/home/vincent-pc/ros2_jazzy/install/my_robot_cpp/share/my_robot_cpp/package.ps1'
[3.095s] INFO:colcon.colcon_core.shell:Creating package descriptor '/home/vincent-pc/ros2_jazzy/install/my_robot_cpp/share/my_robot_cpp/package.dsv'
[3.097s] INFO:colcon.colcon_core.shell:Creating package script '/home/vincent-pc/ros2_jazzy/install/my_robot_cpp/share/my_robot_cpp/package.sh'
[3.098s] INFO:colcon.colcon_core.shell:Creating package script '/home/vincent-pc/ros2_jazzy/install/my_robot_cpp/share/my_robot_cpp/package.bash'
[3.100s] INFO:colcon.colcon_core.shell:Creating package script '/home/vincent-pc/ros2_jazzy/install/my_robot_cpp/share/my_robot_cpp/package.zsh'
[3.101s] Level 1:colcon.colcon_core.environment:create_file_with_runtime_dependencies(/home/vincent-pc/ros2_jazzy/install/my_robot_cpp/share/colcon-core/packages/my_robot_cpp)
[3.105s] INFO:colcon.colcon_ros.task.ament_cmake.build:Building ROS package in '/home/vincent-pc/ros2_jazzy/src/robot_cpp' with build type 'ament_cmake'
[3.105s] INFO:colcon.colcon_cmake.task.cmake.build:Building CMake package in '/home/vincent-pc/ros2_jazzy/src/robot_cpp'
[3.105s] INFO:colcon.colcon_core.shell:Skip shell extension 'powershell' for command environment: Not usable outside of PowerShell
[3.105s] DEBUG:colcon.colcon_core.shell:Skip shell extension 'dsv' for command environment
[3.136s] DEBUG:colcon.colcon_core.event_handler.log_command:Invoking command in '/home/vincent-pc/ros2_jazzy/build/robot_cpp': CMAKE_PREFIX_PATH=/home/vincent-pc/ros2_jazzy/install/my_robot_interfaces:/home/vincent-pc/ros2_jazzy/install/robot_cpp:/home/vincent-pc/ros2_jazzy/install/my_robot_cpp:/home/vincent-pc/ros2_jazzy/install/my_robot_bringup:/home/vincent-pc/ros2_jazzy/install/lifecycle_cpp:/home/vincent-pc/ros2_jazzy/install/executors_cpp:/home/vincent-pc/ros2_jazzy/install/components_cpp:/home/vincent-pc/ros2_jazzy/install/actions_cpp:/home/vincent-pc/ros2_jazzy/install/my_robot_description:/opt/ros/jazzy/opt/gz_sim_vendor:/opt/ros/jazzy/opt/gz_sensors_vendor:/opt/ros/jazzy/opt/gz_physics_vendor:/opt/ros/jazzy/opt/sdformat_vendor:/opt/ros/jazzy/opt/gz_gui_vendor:/opt/ros/jazzy/opt/gz_transport_vendor:/opt/ros/jazzy/opt/gz_rendering_vendor:/opt/ros/jazzy/opt/gz_plugin_vendor:/opt/ros/jazzy/opt/gz_fuel_tools_vendor:/opt/ros/jazzy/opt/gz_msgs_vendor:/opt/ros/jazzy/opt/gz_common_vendor:/opt/ros/jazzy/opt/gz_math_vendor:/opt/ros/jazzy/opt/gz_utils_vendor:/opt/ros/jazzy/opt/gz_tools_vendor:/opt/ros/jazzy/opt/gz_ogre_next_vendor:/opt/ros/jazzy/opt/gz_dartsim_vendor:/opt/ros/jazzy/opt/gz_cmake_vendor:/home/vincent-pc/ros2_jazzy/install/robot_py:/home/vincent-pc/ros2_jazzy/install/my_robot_python:/home/vincent-pc/ros2_jazzy/install/lifecycle_py:/home/vincent-pc/ros2_jazzy/install/executors_py:/home/vincent-pc/ros2_jazzy/install/components_py:/home/vincent-pc/ros2_jazzy/install/actions_py:/opt/ros/jazzy DEBUGINFOD_URLS=https://debuginfod.ubuntu.com LD_LIBRARY_PATH=/home/vincent-pc/ros2_jazzy/install/my_robot_interfaces/lib:/home/vincent-pc/ros2_jazzy/install/components_cpp/lib:/opt/ros/jazzy/opt/gz_sim_vendor/lib:/opt/ros/jazzy/opt/gz_sensors_vendor/lib:/opt/ros/jazzy/opt/gz_physics_vendor/lib:/opt/ros/jazzy/opt/sdformat_vendor/lib:/opt/ros/jazzy/opt/rviz_ogre_vendor/lib:/opt/ros/jazzy/lib/x86_64-linux-gnu:/opt/ros/jazzy/opt/gz_gui_vendor/lib:/opt/ros/jazzy/opt/gz_transport_vendor/lib:/opt/ros/jazzy/opt/gz_rendering_vendor/lib:/opt/ros/jazzy/opt/gz_plugin_vendor/lib:/opt/ros/jazzy/opt/gz_fuel_tools_vendor/lib:/opt/ros/jazzy/opt/gz_msgs_vendor/lib:/opt/ros/jazzy/opt/gz_common_vendor/lib:/opt/ros/jazzy/opt/gz_math_vendor/lib:/opt/ros/jazzy/opt/gz_utils_vendor/lib:/opt/ros/jazzy/opt/gz_tools_vendor/lib:/opt/ros/jazzy/opt/gz_ogre_next_vendor/lib:/opt/ros/jazzy/opt/gz_dartsim_vendor/lib:/opt/ros/jazzy/opt/gz_cmake_vendor/lib:/opt/ros/jazzy/lib PYTHONPATH=/home/vincent-pc/ros2_jazzy/install/my_robot_interfaces/lib/python3.12/site-packages:/home/vincent-pc/ros2_jazzy/build/robot_py:/home/vincent-pc/ros2_jazzy/install/robot_py/lib/python3.12/site-packages:/home/vincent-pc/ros2_jazzy/build/my_robot_python:/home/vincent-pc/ros2_jazzy/install/my_robot_python/lib/python3.12/site-packages:/home/vincent-pc/ros2_jazzy/build/lifecycle_py:/home/vincent-pc/ros2_jazzy/install/lifecycle_py/lib/python3.12/site-packages:/home/vincent-pc/ros2_jazzy/build/executors_py:/home/vincent-pc/ros2_jazzy/install/executors_py/lib/python3.12/site-packages:/home/vincent-pc/ros2_jazzy/build/components_py:/home/vincent-pc/ros2_jazzy/install/components_py/lib/python3.12/site-packages:/home/vincent-pc/ros2_jazzy/build/actions_py:/home/vincent-pc/ros2_jazzy/install/actions_py/lib/python3.12/site-packages:/opt/ros/jazzy/lib/python3.12/site-packages /usr/bin/cmake --build /home/vincent-pc/ros2_jazzy/build/robot_cpp -- -j8 -l8
[3.232s] Level 1:colcon.colcon_core.environment:checking '/home/vincent-pc/ros2_jazzy/install/robot_py' for CMake module files
[3.237s] Level 1:colcon.colcon_core.environment:checking '/home/vincent-pc/ros2_jazzy/install/robot_py' for CMake config files
[3.238s] Level 1:colcon.colcon_core.environment:checking '/home/vincent-pc/ros2_jazzy/install/robot_py/lib'
[3.238s] Level 1:colcon.colcon_core.environment:checking '/home/vincent-pc/ros2_jazzy/install/robot_py/bin'
[3.238s] Level 1:colcon.colcon_core.environment:checking '/home/vincent-pc/ros2_jazzy/install/robot_py/lib/pkgconfig/robot_py.pc'
[3.239s] Level 1:colcon.colcon_core.environment:checking '/home/vincent-pc/ros2_jazzy/install/robot_py/lib/python3.12/site-packages'
[3.233s] DEBUG:colcon.colcon_core.event_handler.log_command:Invoked command in '/home/vincent-pc/ros2_jazzy/src/robot_py' returned '0': DEBUGINFOD_URLS=https://debuginfod.ubuntu.com PYTHONPATH=/home/vincent-pc/ros2_jazzy/build/robot_py/prefix_override:/usr/lib/python3/dist-packages/colcon_core/task/python/colcon_distutils_commands:/home/vincent-pc/ros2_jazzy/install/robot_py/lib/python3.12/site-packages:${PYTHONPATH} /usr/bin/python3 -W ignore:setup.py install is deprecated -W ignore:easy_install command is deprecated setup.py egg_info --egg-base ../../build/robot_py build --build-base /home/vincent-pc/ros2_jazzy/build/robot_py/build install --record /home/vincent-pc/ros2_jazzy/build/robot_py/install.log --single-version-externally-managed install_data
[3.239s] Level 1:colcon.colcon_core.shell:create_environment_hook('robot_py', 'pythonpath')
[3.240s] INFO:colcon.colcon_core.shell:Creating environment hook '/home/vincent-pc/ros2_jazzy/install/robot_py/share/robot_py/hook/pythonpath.ps1'
[3.241s] INFO:colcon.colcon_core.shell:Creating environment descriptor '/home/vincent-pc/ros2_jazzy/install/robot_py/share/robot_py/hook/pythonpath.dsv'
[3.241s] INFO:colcon.colcon_core.shell:Creating environment hook '/home/vincent-pc/ros2_jazzy/install/robot_py/share/robot_py/hook/pythonpath.sh'
[3.246s] Level 1:colcon.colcon_core.environment:checking '/home/vincent-pc/ros2_jazzy/install/robot_py/bin'
[3.246s] Level 1:colcon.colcon_core.environment:create_environment_scripts_only(robot_py)
[3.247s] INFO:colcon.colcon_core.shell:Creating package script '/home/vincent-pc/ros2_jazzy/install/robot_py/share/robot_py/package.ps1'
[3.251s] INFO:colcon.colcon_core.shell:Creating package descriptor '/home/vincent-pc/ros2_jazzy/install/robot_py/share/robot_py/package.dsv'
[3.252s] INFO:colcon.colcon_core.shell:Creating package script '/home/vincent-pc/ros2_jazzy/install/robot_py/share/robot_py/package.sh'
[3.253s] INFO:colcon.colcon_core.shell:Creating package script '/home/vincent-pc/ros2_jazzy/install/robot_py/share/robot_py/package.bash'
[3.257s] INFO:colcon.colcon_core.shell:Creating package script '/home/vincent-pc/ros2_jazzy/install/robot_py/share/robot_py/package.zsh'
[3.261s] Level 1:colcon.colcon_core.environment:create_file_with_runtime_dependencies(/home/vincent-pc/ros2_jazzy/install/robot_py/share/colcon-core/packages/robot_py)
[3.280s] DEBUG:colcon.colcon_core.event_handler.log_command:Invoking command in '/home/vincent-pc/ros2_jazzy/src/actions_py': CMAKE_PREFIX_PATH=/home/vincent-pc/ros2_jazzy/install/my_robot_interfaces:/home/vincent-pc/ros2_jazzy/install/robot_cpp:/home/vincent-pc/ros2_jazzy/install/my_robot_cpp:/home/vincent-pc/ros2_jazzy/install/my_robot_bringup:/home/vincent-pc/ros2_jazzy/install/lifecycle_cpp:/home/vincent-pc/ros2_jazzy/install/executors_cpp:/home/vincent-pc/ros2_jazzy/install/components_cpp:/home/vincent-pc/ros2_jazzy/install/actions_cpp:/home/vincent-pc/ros2_jazzy/install/my_robot_description:/opt/ros/jazzy/opt/gz_sim_vendor:/opt/ros/jazzy/opt/gz_sensors_vendor:/opt/ros/jazzy/opt/gz_physics_vendor:/opt/ros/jazzy/opt/sdformat_vendor:/opt/ros/jazzy/opt/gz_gui_vendor:/opt/ros/jazzy/opt/gz_transport_vendor:/opt/ros/jazzy/opt/gz_rendering_vendor:/opt/ros/jazzy/opt/gz_plugin_vendor:/opt/ros/jazzy/opt/gz_fuel_tools_vendor:/opt/ros/jazzy/opt/gz_msgs_vendor:/opt/ros/jazzy/opt/gz_common_vendor:/opt/ros/jazzy/opt/gz_math_vendor:/opt/ros/jazzy/opt/gz_utils_vendor:/opt/ros/jazzy/opt/gz_tools_vendor:/opt/ros/jazzy/opt/gz_ogre_next_vendor:/opt/ros/jazzy/opt/gz_dartsim_vendor:/opt/ros/jazzy/opt/gz_cmake_vendor DEBUGINFOD_URLS=https://debuginfod.ubuntu.com LD_LIBRARY_PATH=/home/vincent-pc/ros2_jazzy/install/my_robot_interfaces/lib:/home/vincent-pc/ros2_jazzy/install/components_cpp/lib:/opt/ros/jazzy/opt/gz_sim_vendor/lib:/opt/ros/jazzy/opt/gz_sensors_vendor/lib:/opt/ros/jazzy/opt/gz_physics_vendor/lib:/opt/ros/jazzy/opt/sdformat_vendor/lib:/opt/ros/jazzy/opt/rviz_ogre_vendor/lib:/opt/ros/jazzy/lib/x86_64-linux-gnu:/opt/ros/jazzy/opt/gz_gui_vendor/lib:/opt/ros/jazzy/opt/gz_transport_vendor/lib:/opt/ros/jazzy/opt/gz_rendering_vendor/lib:/opt/ros/jazzy/opt/gz_plugin_vendor/lib:/opt/ros/jazzy/opt/gz_fuel_tools_vendor/lib:/opt/ros/jazzy/opt/gz_msgs_vendor/lib:/opt/ros/jazzy/opt/gz_common_vendor/lib:/opt/ros/jazzy/opt/gz_math_vendor/lib:/opt/ros/jazzy/opt/gz_utils_vendor/lib:/opt/ros/jazzy/opt/gz_tools_vendor/lib:/opt/ros/jazzy/opt/gz_ogre_next_vendor/lib:/opt/ros/jazzy/opt/gz_dartsim_vendor/lib:/opt/ros/jazzy/opt/gz_cmake_vendor/lib:/opt/ros/jazzy/lib PYTHONPATH=/home/vincent-pc/ros2_jazzy/build/actions_py/prefix_override:/usr/lib/python3/dist-packages/colcon_core/task/python/colcon_distutils_commands:/home/vincent-pc/ros2_jazzy/install/actions_py/lib/python3.12/site-packages:/home/vincent-pc/ros2_jazzy/install/my_robot_interfaces/lib/python3.12/site-packages:/home/vincent-pc/ros2_jazzy/build/robot_py:/home/vincent-pc/ros2_jazzy/install/robot_py/lib/python3.12/site-packages:/home/vincent-pc/ros2_jazzy/build/my_robot_python:/home/vincent-pc/ros2_jazzy/install/my_robot_python/lib/python3.12/site-packages:/home/vincent-pc/ros2_jazzy/build/lifecycle_py:/home/vincent-pc/ros2_jazzy/install/lifecycle_py/lib/python3.12/site-packages:/home/vincent-pc/ros2_jazzy/build/executors_py:/home/vincent-pc/ros2_jazzy/install/executors_py/lib/python3.12/site-packages:/home/vincent-pc/ros2_jazzy/build/components_py:/home/vincent-pc/ros2_jazzy/install/components_py/lib/python3.12/site-packages:/home/vincent-pc/ros2_jazzy/build/actions_py:/home/vincent-pc/ros2_jazzy/install/actions_py/lib/python3.12/site-packages:/opt/ros/jazzy/lib/python3.12/site-packages /usr/bin/python3 -W ignore:setup.py install is deprecated -W ignore:easy_install command is deprecated setup.py egg_info --egg-base ../../build/actions_py build --build-base /home/vincent-pc/ros2_jazzy/build/actions_py/build install --record /home/vincent-pc/ros2_jazzy/build/actions_py/install.log --single-version-externally-managed install_data
[3.301s] Level 1:colcon.colcon_core.environment:checking '/home/vincent-pc/ros2_jazzy/install/my_robot_python' for CMake module files
[3.304s] Level 1:colcon.colcon_core.environment:checking '/home/vincent-pc/ros2_jazzy/install/my_robot_python' for CMake config files
[3.305s] Level 1:colcon.colcon_core.environment:checking '/home/vincent-pc/ros2_jazzy/install/my_robot_python/lib'
[3.305s] Level 1:colcon.colcon_core.environment:checking '/home/vincent-pc/ros2_jazzy/install/my_robot_python/bin'
[3.302s] DEBUG:colcon.colcon_core.event_handler.log_command:Invoked command in '/home/vincent-pc/ros2_jazzy/src/my_robot_python' returned '0': DEBUGINFOD_URLS=https://debuginfod.ubuntu.com PYTHONPATH=/home/vincent-pc/ros2_jazzy/build/my_robot_python/prefix_override:/usr/lib/python3/dist-packages/colcon_core/task/python/colcon_distutils_commands:/home/vincent-pc/ros2_jazzy/install/my_robot_python/lib/python3.12/site-packages:${PYTHONPATH} /usr/bin/python3 -W ignore:setup.py install is deprecated -W ignore:easy_install command is deprecated setup.py egg_info --egg-base ../../build/my_robot_python build --build-base /home/vincent-pc/ros2_jazzy/build/my_robot_python/build install --record /home/vincent-pc/ros2_jazzy/build/my_robot_python/install.log --single-version-externally-managed install_data
[3.306s] Level 1:colcon.colcon_core.environment:checking '/home/vincent-pc/ros2_jazzy/install/my_robot_python/lib/pkgconfig/my_robot_python.pc'
[3.306s] Level 1:colcon.colcon_core.environment:checking '/home/vincent-pc/ros2_jazzy/install/my_robot_python/lib/python3.12/site-packages'
[3.306s] Level 1:colcon.colcon_core.shell:create_environment_hook('my_robot_python', 'pythonpath')
[3.307s] INFO:colcon.colcon_core.shell:Creating environment hook '/home/vincent-pc/ros2_jazzy/install/my_robot_python/share/my_robot_python/hook/pythonpath.ps1'
[3.308s] INFO:colcon.colcon_core.shell:Creating environment descriptor '/home/vincent-pc/ros2_jazzy/install/my_robot_python/share/my_robot_python/hook/pythonpath.dsv'
[3.308s] INFO:colcon.colcon_core.shell:Creating environment hook '/home/vincent-pc/ros2_jazzy/install/my_robot_python/share/my_robot_python/hook/pythonpath.sh'
[3.316s] Level 1:colcon.colcon_core.environment:checking '/home/vincent-pc/ros2_jazzy/install/my_robot_python/bin'
[3.316s] Level 1:colcon.colcon_core.environment:create_environment_scripts_only(my_robot_python)
[3.317s] INFO:colcon.colcon_core.shell:Creating package script '/home/vincent-pc/ros2_jazzy/install/my_robot_python/share/my_robot_python/package.ps1'
[3.319s] INFO:colcon.colcon_core.shell:Creating package descriptor '/home/vincent-pc/ros2_jazzy/install/my_robot_python/share/my_robot_python/package.dsv'
[3.320s] INFO:colcon.colcon_core.shell:Creating package script '/home/vincent-pc/ros2_jazzy/install/my_robot_python/share/my_robot_python/package.sh'
[3.323s] INFO:colcon.colcon_core.shell:Creating package script '/home/vincent-pc/ros2_jazzy/install/my_robot_python/share/my_robot_python/package.bash'
[3.324s] INFO:colcon.colcon_core.shell:Creating package script '/home/vincent-pc/ros2_jazzy/install/my_robot_python/share/my_robot_python/package.zsh'
[3.324s] Level 1:colcon.colcon_core.environment:create_file_with_runtime_dependencies(/home/vincent-pc/ros2_jazzy/install/my_robot_python/share/colcon-core/packages/my_robot_python)
[3.328s] DEBUG:colcon.colcon_core.event_handler.log_command:Invoking command in '/home/vincent-pc/ros2_jazzy/src/lifecycle_py': CMAKE_PREFIX_PATH=/home/vincent-pc/ros2_jazzy/install/my_robot_interfaces:/home/vincent-pc/ros2_jazzy/install/robot_cpp:/home/vincent-pc/ros2_jazzy/install/my_robot_cpp:/home/vincent-pc/ros2_jazzy/install/my_robot_bringup:/home/vincent-pc/ros2_jazzy/install/lifecycle_cpp:/home/vincent-pc/ros2_jazzy/install/executors_cpp:/home/vincent-pc/ros2_jazzy/install/components_cpp:/home/vincent-pc/ros2_jazzy/install/actions_cpp:/home/vincent-pc/ros2_jazzy/install/my_robot_description:/opt/ros/jazzy/opt/gz_sim_vendor:/opt/ros/jazzy/opt/gz_sensors_vendor:/opt/ros/jazzy/opt/gz_physics_vendor:/opt/ros/jazzy/opt/sdformat_vendor:/opt/ros/jazzy/opt/gz_gui_vendor:/opt/ros/jazzy/opt/gz_transport_vendor:/opt/ros/jazzy/opt/gz_rendering_vendor:/opt/ros/jazzy/opt/gz_plugin_vendor:/opt/ros/jazzy/opt/gz_fuel_tools_vendor:/opt/ros/jazzy/opt/gz_msgs_vendor:/opt/ros/jazzy/opt/gz_common_vendor:/opt/ros/jazzy/opt/gz_math_vendor:/opt/ros/jazzy/opt/gz_utils_vendor:/opt/ros/jazzy/opt/gz_tools_vendor:/opt/ros/jazzy/opt/gz_ogre_next_vendor:/opt/ros/jazzy/opt/gz_dartsim_vendor:/opt/ros/jazzy/opt/gz_cmake_vendor DEBUGINFOD_URLS=https://debuginfod.ubuntu.com LD_LIBRARY_PATH=/home/vincent-pc/ros2_jazzy/install/my_robot_interfaces/lib:/home/vincent-pc/ros2_jazzy/install/components_cpp/lib:/opt/ros/jazzy/opt/gz_sim_vendor/lib:/opt/ros/jazzy/opt/gz_sensors_vendor/lib:/opt/ros/jazzy/opt/gz_physics_vendor/lib:/opt/ros/jazzy/opt/sdformat_vendor/lib:/opt/ros/jazzy/opt/rviz_ogre_vendor/lib:/opt/ros/jazzy/lib/x86_64-linux-gnu:/opt/ros/jazzy/opt/gz_gui_vendor/lib:/opt/ros/jazzy/opt/gz_transport_vendor/lib:/opt/ros/jazzy/opt/gz_rendering_vendor/lib:/opt/ros/jazzy/opt/gz_plugin_vendor/lib:/opt/ros/jazzy/opt/gz_fuel_tools_vendor/lib:/opt/ros/jazzy/opt/gz_msgs_vendor/lib:/opt/ros/jazzy/opt/gz_common_vendor/lib:/opt/ros/jazzy/opt/gz_math_vendor/lib:/opt/ros/jazzy/opt/gz_utils_vendor/lib:/opt/ros/jazzy/opt/gz_tools_vendor/lib:/opt/ros/jazzy/opt/gz_ogre_next_vendor/lib:/opt/ros/jazzy/opt/gz_dartsim_vendor/lib:/opt/ros/jazzy/opt/gz_cmake_vendor/lib:/opt/ros/jazzy/lib PYTHONPATH=/home/vincent-pc/ros2_jazzy/build/lifecycle_py/prefix_override:/usr/lib/python3/dist-packages/colcon_core/task/python/colcon_distutils_commands:/home/vincent-pc/ros2_jazzy/install/lifecycle_py/lib/python3.12/site-packages:/home/vincent-pc/ros2_jazzy/install/my_robot_interfaces/lib/python3.12/site-packages:/home/vincent-pc/ros2_jazzy/build/robot_py:/home/vincent-pc/ros2_jazzy/install/robot_py/lib/python3.12/site-packages:/home/vincent-pc/ros2_jazzy/build/my_robot_python:/home/vincent-pc/ros2_jazzy/install/my_robot_python/lib/python3.12/site-packages:/home/vincent-pc/ros2_jazzy/build/lifecycle_py:/home/vincent-pc/ros2_jazzy/install/lifecycle_py/lib/python3.12/site-packages:/home/vincent-pc/ros2_jazzy/build/executors_py:/home/vincent-pc/ros2_jazzy/install/executors_py/lib/python3.12/site-packages:/home/vincent-pc/ros2_jazzy/build/components_py:/home/vincent-pc/ros2_jazzy/install/components_py/lib/python3.12/site-packages:/home/vincent-pc/ros2_jazzy/build/actions_py:/home/vincent-pc/ros2_jazzy/install/actions_py/lib/python3.12/site-packages:/opt/ros/jazzy/lib/python3.12/site-packages /usr/bin/python3 -W ignore:setup.py install is deprecated -W ignore:easy_install command is deprecated setup.py egg_info --egg-base ../../build/lifecycle_py build --build-base /home/vincent-pc/ros2_jazzy/build/lifecycle_py/build install --record /home/vincent-pc/ros2_jazzy/build/lifecycle_py/install.log --single-version-externally-managed install_data
[3.354s] DEBUG:colcon.colcon_core.event_handler.log_command:Invoked command in '/home/vincent-pc/ros2_jazzy/build/robot_cpp' returned '0': CMAKE_PREFIX_PATH=/home/vincent-pc/ros2_jazzy/install/my_robot_interfaces:/home/vincent-pc/ros2_jazzy/install/robot_cpp:/home/vincent-pc/ros2_jazzy/install/my_robot_cpp:/home/vincent-pc/ros2_jazzy/install/my_robot_bringup:/home/vincent-pc/ros2_jazzy/install/lifecycle_cpp:/home/vincent-pc/ros2_jazzy/install/executors_cpp:/home/vincent-pc/ros2_jazzy/install/components_cpp:/home/vincent-pc/ros2_jazzy/install/actions_cpp:/home/vincent-pc/ros2_jazzy/install/my_robot_description:/opt/ros/jazzy/opt/gz_sim_vendor:/opt/ros/jazzy/opt/gz_sensors_vendor:/opt/ros/jazzy/opt/gz_physics_vendor:/opt/ros/jazzy/opt/sdformat_vendor:/opt/ros/jazzy/opt/gz_gui_vendor:/opt/ros/jazzy/opt/gz_transport_vendor:/opt/ros/jazzy/opt/gz_rendering_vendor:/opt/ros/jazzy/opt/gz_plugin_vendor:/opt/ros/jazzy/opt/gz_fuel_tools_vendor:/opt/ros/jazzy/opt/gz_msgs_vendor:/opt/ros/jazzy/opt/gz_common_vendor:/opt/ros/jazzy/opt/gz_math_vendor:/opt/ros/jazzy/opt/gz_utils_vendor:/opt/ros/jazzy/opt/gz_tools_vendor:/opt/ros/jazzy/opt/gz_ogre_next_vendor:/opt/ros/jazzy/opt/gz_dartsim_vendor:/opt/ros/jazzy/opt/gz_cmake_vendor:/home/vincent-pc/ros2_jazzy/install/robot_py:/home/vincent-pc/ros2_jazzy/install/my_robot_python:/home/vincent-pc/ros2_jazzy/install/lifecycle_py:/home/vincent-pc/ros2_jazzy/install/executors_py:/home/vincent-pc/ros2_jazzy/install/components_py:/home/vincent-pc/ros2_jazzy/install/actions_py:/opt/ros/jazzy DEBUGINFOD_URLS=https://debuginfod.ubuntu.com LD_LIBRARY_PATH=/home/vincent-pc/ros2_jazzy/install/my_robot_interfaces/lib:/home/vincent-pc/ros2_jazzy/install/components_cpp/lib:/opt/ros/jazzy/opt/gz_sim_vendor/lib:/opt/ros/jazzy/opt/gz_sensors_vendor/lib:/opt/ros/jazzy/opt/gz_physics_vendor/lib:/opt/ros/jazzy/opt/sdformat_vendor/lib:/opt/ros/jazzy/opt/rviz_ogre_vendor/lib:/opt/ros/jazzy/lib/x86_64-linux-gnu:/opt/ros/jazzy/opt/gz_gui_vendor/lib:/opt/ros/jazzy/opt/gz_transport_vendor/lib:/opt/ros/jazzy/opt/gz_rendering_vendor/lib:/opt/ros/jazzy/opt/gz_plugin_vendor/lib:/opt/ros/jazzy/opt/gz_fuel_tools_vendor/lib:/opt/ros/jazzy/opt/gz_msgs_vendor/lib:/opt/ros/jazzy/opt/gz_common_vendor/lib:/opt/ros/jazzy/opt/gz_math_vendor/lib:/opt/ros/jazzy/opt/gz_utils_vendor/lib:/opt/ros/jazzy/opt/gz_tools_vendor/lib:/opt/ros/jazzy/opt/gz_ogre_next_vendor/lib:/opt/ros/jazzy/opt/gz_dartsim_vendor/lib:/opt/ros/jazzy/opt/gz_cmake_vendor/lib:/opt/ros/jazzy/lib PYTHONPATH=/home/vincent-pc/ros2_jazzy/install/my_robot_interfaces/lib/python3.12/site-packages:/home/vincent-pc/ros2_jazzy/build/robot_py:/home/vincent-pc/ros2_jazzy/install/robot_py/lib/python3.12/site-packages:/home/vincent-pc/ros2_jazzy/build/my_robot_python:/home/vincent-pc/ros2_jazzy/install/my_robot_python/lib/python3.12/site-packages:/home/vincent-pc/ros2_jazzy/build/lifecycle_py:/home/vincent-pc/ros2_jazzy/install/lifecycle_py/lib/python3.12/site-packages:/home/vincent-pc/ros2_jazzy/build/executors_py:/home/vincent-pc/ros2_jazzy/install/executors_py/lib/python3.12/site-packages:/home/vincent-pc/ros2_jazzy/build/components_py:/home/vincent-pc/ros2_jazzy/install/components_py/lib/python3.12/site-packages:/home/vincent-pc/ros2_jazzy/build/actions_py:/home/vincent-pc/ros2_jazzy/install/actions_py/lib/python3.12/site-packages:/opt/ros/jazzy/lib/python3.12/site-packages /usr/bin/cmake --build /home/vincent-pc/ros2_jazzy/build/robot_cpp -- -j8 -l8
[3.356s] DEBUG:colcon.colcon_core.event_handler.log_command:Invoking command in '/home/vincent-pc/ros2_jazzy/build/robot_cpp': CMAKE_PREFIX_PATH=/home/vincent-pc/ros2_jazzy/install/my_robot_interfaces:/home/vincent-pc/ros2_jazzy/install/robot_cpp:/home/vincent-pc/ros2_jazzy/install/my_robot_cpp:/home/vincent-pc/ros2_jazzy/install/my_robot_bringup:/home/vincent-pc/ros2_jazzy/install/lifecycle_cpp:/home/vincent-pc/ros2_jazzy/install/executors_cpp:/home/vincent-pc/ros2_jazzy/install/components_cpp:/home/vincent-pc/ros2_jazzy/install/actions_cpp:/home/vincent-pc/ros2_jazzy/install/my_robot_description:/opt/ros/jazzy/opt/gz_sim_vendor:/opt/ros/jazzy/opt/gz_sensors_vendor:/opt/ros/jazzy/opt/gz_physics_vendor:/opt/ros/jazzy/opt/sdformat_vendor:/opt/ros/jazzy/opt/gz_gui_vendor:/opt/ros/jazzy/opt/gz_transport_vendor:/opt/ros/jazzy/opt/gz_rendering_vendor:/opt/ros/jazzy/opt/gz_plugin_vendor:/opt/ros/jazzy/opt/gz_fuel_tools_vendor:/opt/ros/jazzy/opt/gz_msgs_vendor:/opt/ros/jazzy/opt/gz_common_vendor:/opt/ros/jazzy/opt/gz_math_vendor:/opt/ros/jazzy/opt/gz_utils_vendor:/opt/ros/jazzy/opt/gz_tools_vendor:/opt/ros/jazzy/opt/gz_ogre_next_vendor:/opt/ros/jazzy/opt/gz_dartsim_vendor:/opt/ros/jazzy/opt/gz_cmake_vendor:/home/vincent-pc/ros2_jazzy/install/robot_py:/home/vincent-pc/ros2_jazzy/install/my_robot_python:/home/vincent-pc/ros2_jazzy/install/lifecycle_py:/home/vincent-pc/ros2_jazzy/install/executors_py:/home/vincent-pc/ros2_jazzy/install/components_py:/home/vincent-pc/ros2_jazzy/install/actions_py:/opt/ros/jazzy DEBUGINFOD_URLS=https://debuginfod.ubuntu.com LD_LIBRARY_PATH=/home/vincent-pc/ros2_jazzy/install/my_robot_interfaces/lib:/home/vincent-pc/ros2_jazzy/install/components_cpp/lib:/opt/ros/jazzy/opt/gz_sim_vendor/lib:/opt/ros/jazzy/opt/gz_sensors_vendor/lib:/opt/ros/jazzy/opt/gz_physics_vendor/lib:/opt/ros/jazzy/opt/sdformat_vendor/lib:/opt/ros/jazzy/opt/rviz_ogre_vendor/lib:/opt/ros/jazzy/lib/x86_64-linux-gnu:/opt/ros/jazzy/opt/gz_gui_vendor/lib:/opt/ros/jazzy/opt/gz_transport_vendor/lib:/opt/ros/jazzy/opt/gz_rendering_vendor/lib:/opt/ros/jazzy/opt/gz_plugin_vendor/lib:/opt/ros/jazzy/opt/gz_fuel_tools_vendor/lib:/opt/ros/jazzy/opt/gz_msgs_vendor/lib:/opt/ros/jazzy/opt/gz_common_vendor/lib:/opt/ros/jazzy/opt/gz_math_vendor/lib:/opt/ros/jazzy/opt/gz_utils_vendor/lib:/opt/ros/jazzy/opt/gz_tools_vendor/lib:/opt/ros/jazzy/opt/gz_ogre_next_vendor/lib:/opt/ros/jazzy/opt/gz_dartsim_vendor/lib:/opt/ros/jazzy/opt/gz_cmake_vendor/lib:/opt/ros/jazzy/lib PYTHONPATH=/home/vincent-pc/ros2_jazzy/install/my_robot_interfaces/lib/python3.12/site-packages:/home/vincent-pc/ros2_jazzy/build/robot_py:/home/vincent-pc/ros2_jazzy/install/robot_py/lib/python3.12/site-packages:/home/vincent-pc/ros2_jazzy/build/my_robot_python:/home/vincent-pc/ros2_jazzy/install/my_robot_python/lib/python3.12/site-packages:/home/vincent-pc/ros2_jazzy/build/lifecycle_py:/home/vincent-pc/ros2_jazzy/install/lifecycle_py/lib/python3.12/site-packages:/home/vincent-pc/ros2_jazzy/build/executors_py:/home/vincent-pc/ros2_jazzy/install/executors_py/lib/python3.12/site-packages:/home/vincent-pc/ros2_jazzy/build/components_py:/home/vincent-pc/ros2_jazzy/install/components_py/lib/python3.12/site-packages:/home/vincent-pc/ros2_jazzy/build/actions_py:/home/vincent-pc/ros2_jazzy/install/actions_py/lib/python3.12/site-packages:/opt/ros/jazzy/lib/python3.12/site-packages /usr/bin/cmake --install /home/vincent-pc/ros2_jazzy/build/robot_cpp
[3.400s] Level 1:colcon.colcon_core.environment:create_environment_scripts_only(robot_cpp)
[3.401s] Level 1:colcon.colcon_core.environment:checking '/home/vincent-pc/ros2_jazzy/install/robot_cpp' for CMake module files
[3.401s] DEBUG:colcon.colcon_core.event_handler.log_command:Invoked command in '/home/vincent-pc/ros2_jazzy/build/robot_cpp' returned '0': CMAKE_PREFIX_PATH=/home/vincent-pc/ros2_jazzy/install/my_robot_interfaces:/home/vincent-pc/ros2_jazzy/install/robot_cpp:/home/vincent-pc/ros2_jazzy/install/my_robot_cpp:/home/vincent-pc/ros2_jazzy/install/my_robot_bringup:/home/vincent-pc/ros2_jazzy/install/lifecycle_cpp:/home/vincent-pc/ros2_jazzy/install/executors_cpp:/home/vincent-pc/ros2_jazzy/install/components_cpp:/home/vincent-pc/ros2_jazzy/install/actions_cpp:/home/vincent-pc/ros2_jazzy/install/my_robot_description:/opt/ros/jazzy/opt/gz_sim_vendor:/opt/ros/jazzy/opt/gz_sensors_vendor:/opt/ros/jazzy/opt/gz_physics_vendor:/opt/ros/jazzy/opt/sdformat_vendor:/opt/ros/jazzy/opt/gz_gui_vendor:/opt/ros/jazzy/opt/gz_transport_vendor:/opt/ros/jazzy/opt/gz_rendering_vendor:/opt/ros/jazzy/opt/gz_plugin_vendor:/opt/ros/jazzy/opt/gz_fuel_tools_vendor:/opt/ros/jazzy/opt/gz_msgs_vendor:/opt/ros/jazzy/opt/gz_common_vendor:/opt/ros/jazzy/opt/gz_math_vendor:/opt/ros/jazzy/opt/gz_utils_vendor:/opt/ros/jazzy/opt/gz_tools_vendor:/opt/ros/jazzy/opt/gz_ogre_next_vendor:/opt/ros/jazzy/opt/gz_dartsim_vendor:/opt/ros/jazzy/opt/gz_cmake_vendor:/home/vincent-pc/ros2_jazzy/install/robot_py:/home/vincent-pc/ros2_jazzy/install/my_robot_python:/home/vincent-pc/ros2_jazzy/install/lifecycle_py:/home/vincent-pc/ros2_jazzy/install/executors_py:/home/vincent-pc/ros2_jazzy/install/components_py:/home/vincent-pc/ros2_jazzy/install/actions_py:/opt/ros/jazzy DEBUGINFOD_URLS=https://debuginfod.ubuntu.com LD_LIBRARY_PATH=/home/vincent-pc/ros2_jazzy/install/my_robot_interfaces/lib:/home/vincent-pc/ros2_jazzy/install/components_cpp/lib:/opt/ros/jazzy/opt/gz_sim_vendor/lib:/opt/ros/jazzy/opt/gz_sensors_vendor/lib:/opt/ros/jazzy/opt/gz_physics_vendor/lib:/opt/ros/jazzy/opt/sdformat_vendor/lib:/opt/ros/jazzy/opt/rviz_ogre_vendor/lib:/opt/ros/jazzy/lib/x86_64-linux-gnu:/opt/ros/jazzy/opt/gz_gui_vendor/lib:/opt/ros/jazzy/opt/gz_transport_vendor/lib:/opt/ros/jazzy/opt/gz_rendering_vendor/lib:/opt/ros/jazzy/opt/gz_plugin_vendor/lib:/opt/ros/jazzy/opt/gz_fuel_tools_vendor/lib:/opt/ros/jazzy/opt/gz_msgs_vendor/lib:/opt/ros/jazzy/opt/gz_common_vendor/lib:/opt/ros/jazzy/opt/gz_math_vendor/lib:/opt/ros/jazzy/opt/gz_utils_vendor/lib:/opt/ros/jazzy/opt/gz_tools_vendor/lib:/opt/ros/jazzy/opt/gz_ogre_next_vendor/lib:/opt/ros/jazzy/opt/gz_dartsim_vendor/lib:/opt/ros/jazzy/opt/gz_cmake_vendor/lib:/opt/ros/jazzy/lib PYTHONPATH=/home/vincent-pc/ros2_jazzy/install/my_robot_interfaces/lib/python3.12/site-packages:/home/vincent-pc/ros2_jazzy/build/robot_py:/home/vincent-pc/ros2_jazzy/install/robot_py/lib/python3.12/site-packages:/home/vincent-pc/ros2_jazzy/build/my_robot_python:/home/vincent-pc/ros2_jazzy/install/my_robot_python/lib/python3.12/site-packages:/home/vincent-pc/ros2_jazzy/build/lifecycle_py:/home/vincent-pc/ros2_jazzy/install/lifecycle_py/lib/python3.12/site-packages:/home/vincent-pc/ros2_jazzy/build/executors_py:/home/vincent-pc/ros2_jazzy/install/executors_py/lib/python3.12/site-packages:/home/vincent-pc/ros2_jazzy/build/components_py:/home/vincent-pc/ros2_jazzy/install/components_py/lib/python3.12/site-packages:/home/vincent-pc/ros2_jazzy/build/actions_py:/home/vincent-pc/ros2_jazzy/install/actions_py/lib/python3.12/site-packages:/opt/ros/jazzy/lib/python3.12/site-packages /usr/bin/cmake --install /home/vincent-pc/ros2_jazzy/build/robot_cpp
[3.403s] Level 1:colcon.colcon_core.environment:checking '/home/vincent-pc/ros2_jazzy/install/robot_cpp' for CMake config files
[3.404s] Level 1:colcon.colcon_core.shell:create_environment_hook('robot_cpp', 'cmake_prefix_path')
[3.404s] INFO:colcon.colcon_core.shell:Creating environment hook '/home/vincent-pc/ros2_jazzy/install/robot_cpp/share/robot_cpp/hook/cmake_prefix_path.ps1'
[3.406s] INFO:colcon.colcon_core.shell:Creating environment descriptor '/home/vincent-pc/ros2_jazzy/install/robot_cpp/share/robot_cpp/hook/cmake_prefix_path.dsv'
[3.407s] INFO:colcon.colcon_core.shell:Creating environment hook '/home/vincent-pc/ros2_jazzy/install/robot_cpp/share/robot_cpp/hook/cmake_prefix_path.sh'
[3.408s] Level 1:colcon.colcon_core.environment:checking '/home/vincent-pc/ros2_jazzy/install/robot_cpp/lib'
[3.408s] Level 1:colcon.colcon_core.environment:checking '/home/vincent-pc/ros2_jazzy/install/robot_cpp/bin'
[3.408s] Level 1:colcon.colcon_core.environment:checking '/home/vincent-pc/ros2_jazzy/install/robot_cpp/lib/pkgconfig/robot_cpp.pc'
[3.409s] Level 1:colcon.colcon_core.environment:checking '/home/vincent-pc/ros2_jazzy/install/robot_cpp/lib/python3.12/site-packages'
[3.409s] Level 1:colcon.colcon_core.environment:checking '/home/vincent-pc/ros2_jazzy/install/robot_cpp/bin'
[3.410s] INFO:colcon.colcon_core.shell:Creating package script '/home/vincent-pc/ros2_jazzy/install/robot_cpp/share/robot_cpp/package.ps1'
[3.411s] INFO:colcon.colcon_core.shell:Creating package descriptor '/home/vincent-pc/ros2_jazzy/install/robot_cpp/share/robot_cpp/package.dsv'
[3.412s] INFO:colcon.colcon_core.shell:Creating package script '/home/vincent-pc/ros2_jazzy/install/robot_cpp/share/robot_cpp/package.sh'
[3.413s] INFO:colcon.colcon_core.shell:Creating package script '/home/vincent-pc/ros2_jazzy/install/robot_cpp/share/robot_cpp/package.bash'
[3.414s] INFO:colcon.colcon_core.shell:Creating package script '/home/vincent-pc/ros2_jazzy/install/robot_cpp/share/robot_cpp/package.zsh'
[3.415s] Level 1:colcon.colcon_core.environment:create_file_with_runtime_dependencies(/home/vincent-pc/ros2_jazzy/install/robot_cpp/share/colcon-core/packages/robot_cpp)
[3.416s] Level 1:colcon.colcon_core.environment:create_environment_scripts_only(robot_cpp)
[3.416s] Level 1:colcon.colcon_core.environment:checking '/home/vincent-pc/ros2_jazzy/install/robot_cpp' for CMake module files
[3.417s] Level 1:colcon.colcon_core.environment:checking '/home/vincent-pc/ros2_jazzy/install/robot_cpp' for CMake config files
[3.418s] Level 1:colcon.colcon_core.shell:create_environment_hook('robot_cpp', 'cmake_prefix_path')
[3.418s] INFO:colcon.colcon_core.shell:Creating environment hook '/home/vincent-pc/ros2_jazzy/install/robot_cpp/share/robot_cpp/hook/cmake_prefix_path.ps1'
[3.419s] INFO:colcon.colcon_core.shell:Creating environment descriptor '/home/vincent-pc/ros2_jazzy/install/robot_cpp/share/robot_cpp/hook/cmake_prefix_path.dsv'
[3.419s] INFO:colcon.colcon_core.shell:Creating environment hook '/home/vincent-pc/ros2_jazzy/install/robot_cpp/share/robot_cpp/hook/cmake_prefix_path.sh'
[3.420s] Level 1:colcon.colcon_core.environment:checking '/home/vincent-pc/ros2_jazzy/install/robot_cpp/lib'
[3.421s] Level 1:colcon.colcon_core.environment:checking '/home/vincent-pc/ros2_jazzy/install/robot_cpp/bin'
[3.421s] Level 1:colcon.colcon_core.environment:checking '/home/vincent-pc/ros2_jazzy/install/robot_cpp/lib/pkgconfig/robot_cpp.pc'
[3.421s] Level 1:colcon.colcon_core.environment:checking '/home/vincent-pc/ros2_jazzy/install/robot_cpp/lib/python3.12/site-packages'
[3.422s] Level 1:colcon.colcon_core.environment:checking '/home/vincent-pc/ros2_jazzy/install/robot_cpp/bin'
[3.422s] INFO:colcon.colcon_core.shell:Creating package script '/home/vincent-pc/ros2_jazzy/install/robot_cpp/share/robot_cpp/package.ps1'
[3.423s] INFO:colcon.colcon_core.shell:Creating package descriptor '/home/vincent-pc/ros2_jazzy/install/robot_cpp/share/robot_cpp/package.dsv'
[3.424s] INFO:colcon.colcon_core.shell:Creating package script '/home/vincent-pc/ros2_jazzy/install/robot_cpp/share/robot_cpp/package.sh'
[3.424s] INFO:colcon.colcon_core.shell:Creating package script '/home/vincent-pc/ros2_jazzy/install/robot_cpp/share/robot_cpp/package.bash'
[3.425s] INFO:colcon.colcon_core.shell:Creating package script '/home/vincent-pc/ros2_jazzy/install/robot_cpp/share/robot_cpp/package.zsh'
[3.425s] Level 1:colcon.colcon_core.environment:create_file_with_runtime_dependencies(/home/vincent-pc/ros2_jazzy/install/robot_cpp/share/colcon-core/packages/robot_cpp)
[3.535s] DEBUG:colcon.colcon_core.event_handler.log_command:Invoking command in '/home/vincent-pc/ros2_jazzy/src/components_py': CMAKE_PREFIX_PATH=/home/vincent-pc/ros2_jazzy/install/my_robot_interfaces:/home/vincent-pc/ros2_jazzy/install/robot_cpp:/home/vincent-pc/ros2_jazzy/install/my_robot_cpp:/home/vincent-pc/ros2_jazzy/install/my_robot_bringup:/home/vincent-pc/ros2_jazzy/install/lifecycle_cpp:/home/vincent-pc/ros2_jazzy/install/executors_cpp:/home/vincent-pc/ros2_jazzy/install/components_cpp:/home/vincent-pc/ros2_jazzy/install/actions_cpp:/home/vincent-pc/ros2_jazzy/install/my_robot_description:/opt/ros/jazzy/opt/gz_sim_vendor:/opt/ros/jazzy/opt/gz_sensors_vendor:/opt/ros/jazzy/opt/gz_physics_vendor:/opt/ros/jazzy/opt/sdformat_vendor:/opt/ros/jazzy/opt/gz_gui_vendor:/opt/ros/jazzy/opt/gz_transport_vendor:/opt/ros/jazzy/opt/gz_rendering_vendor:/opt/ros/jazzy/opt/gz_plugin_vendor:/opt/ros/jazzy/opt/gz_fuel_tools_vendor:/opt/ros/jazzy/opt/gz_msgs_vendor:/opt/ros/jazzy/opt/gz_common_vendor:/opt/ros/jazzy/opt/gz_math_vendor:/opt/ros/jazzy/opt/gz_utils_vendor:/opt/ros/jazzy/opt/gz_tools_vendor:/opt/ros/jazzy/opt/gz_ogre_next_vendor:/opt/ros/jazzy/opt/gz_dartsim_vendor:/opt/ros/jazzy/opt/gz_cmake_vendor DEBUGINFOD_URLS=https://debuginfod.ubuntu.com LD_LIBRARY_PATH=/home/vincent-pc/ros2_jazzy/install/my_robot_interfaces/lib:/home/vincent-pc/ros2_jazzy/install/components_cpp/lib:/opt/ros/jazzy/opt/gz_sim_vendor/lib:/opt/ros/jazzy/opt/gz_sensors_vendor/lib:/opt/ros/jazzy/opt/gz_physics_vendor/lib:/opt/ros/jazzy/opt/sdformat_vendor/lib:/opt/ros/jazzy/opt/rviz_ogre_vendor/lib:/opt/ros/jazzy/lib/x86_64-linux-gnu:/opt/ros/jazzy/opt/gz_gui_vendor/lib:/opt/ros/jazzy/opt/gz_transport_vendor/lib:/opt/ros/jazzy/opt/gz_rendering_vendor/lib:/opt/ros/jazzy/opt/gz_plugin_vendor/lib:/opt/ros/jazzy/opt/gz_fuel_tools_vendor/lib:/opt/ros/jazzy/opt/gz_msgs_vendor/lib:/opt/ros/jazzy/opt/gz_common_vendor/lib:/opt/ros/jazzy/opt/gz_math_vendor/lib:/opt/ros/jazzy/opt/gz_utils_vendor/lib:/opt/ros/jazzy/opt/gz_tools_vendor/lib:/opt/ros/jazzy/opt/gz_ogre_next_vendor/lib:/opt/ros/jazzy/opt/gz_dartsim_vendor/lib:/opt/ros/jazzy/opt/gz_cmake_vendor/lib:/opt/ros/jazzy/lib PYTHONPATH=/home/vincent-pc/ros2_jazzy/build/components_py/prefix_override:/usr/lib/python3/dist-packages/colcon_core/task/python/colcon_distutils_commands:/home/vincent-pc/ros2_jazzy/install/components_py/lib/python3.12/site-packages:/home/vincent-pc/ros2_jazzy/install/my_robot_interfaces/lib/python3.12/site-packages:/home/vincent-pc/ros2_jazzy/build/robot_py:/home/vincent-pc/ros2_jazzy/install/robot_py/lib/python3.12/site-packages:/home/vincent-pc/ros2_jazzy/build/my_robot_python:/home/vincent-pc/ros2_jazzy/install/my_robot_python/lib/python3.12/site-packages:/home/vincent-pc/ros2_jazzy/build/lifecycle_py:/home/vincent-pc/ros2_jazzy/install/lifecycle_py/lib/python3.12/site-packages:/home/vincent-pc/ros2_jazzy/build/executors_py:/home/vincent-pc/ros2_jazzy/install/executors_py/lib/python3.12/site-packages:/home/vincent-pc/ros2_jazzy/build/components_py:/home/vincent-pc/ros2_jazzy/install/components_py/lib/python3.12/site-packages:/home/vincent-pc/ros2_jazzy/build/actions_py:/home/vincent-pc/ros2_jazzy/install/actions_py/lib/python3.12/site-packages:/opt/ros/jazzy/lib/python3.12/site-packages /usr/bin/python3 -W ignore:setup.py install is deprecated -W ignore:easy_install command is deprecated setup.py egg_info --egg-base ../../build/components_py build --build-base /home/vincent-pc/ros2_jazzy/build/components_py/build install --record /home/vincent-pc/ros2_jazzy/build/components_py/install.log --single-version-externally-managed install_data
[3.932s] DEBUG:colcon.colcon_core.event_handler.log_command:Invoking command in '/home/vincent-pc/ros2_jazzy/src/executors_py': CMAKE_PREFIX_PATH=/home/vincent-pc/ros2_jazzy/install/my_robot_interfaces:/home/vincent-pc/ros2_jazzy/install/robot_cpp:/home/vincent-pc/ros2_jazzy/install/my_robot_cpp:/home/vincent-pc/ros2_jazzy/install/my_robot_bringup:/home/vincent-pc/ros2_jazzy/install/lifecycle_cpp:/home/vincent-pc/ros2_jazzy/install/executors_cpp:/home/vincent-pc/ros2_jazzy/install/components_cpp:/home/vincent-pc/ros2_jazzy/install/actions_cpp:/home/vincent-pc/ros2_jazzy/install/my_robot_description:/opt/ros/jazzy/opt/gz_sim_vendor:/opt/ros/jazzy/opt/gz_sensors_vendor:/opt/ros/jazzy/opt/gz_physics_vendor:/opt/ros/jazzy/opt/sdformat_vendor:/opt/ros/jazzy/opt/gz_gui_vendor:/opt/ros/jazzy/opt/gz_transport_vendor:/opt/ros/jazzy/opt/gz_rendering_vendor:/opt/ros/jazzy/opt/gz_plugin_vendor:/opt/ros/jazzy/opt/gz_fuel_tools_vendor:/opt/ros/jazzy/opt/gz_msgs_vendor:/opt/ros/jazzy/opt/gz_common_vendor:/opt/ros/jazzy/opt/gz_math_vendor:/opt/ros/jazzy/opt/gz_utils_vendor:/opt/ros/jazzy/opt/gz_tools_vendor:/opt/ros/jazzy/opt/gz_ogre_next_vendor:/opt/ros/jazzy/opt/gz_dartsim_vendor:/opt/ros/jazzy/opt/gz_cmake_vendor DEBUGINFOD_URLS=https://debuginfod.ubuntu.com LD_LIBRARY_PATH=/home/vincent-pc/ros2_jazzy/install/my_robot_interfaces/lib:/home/vincent-pc/ros2_jazzy/install/components_cpp/lib:/opt/ros/jazzy/opt/gz_sim_vendor/lib:/opt/ros/jazzy/opt/gz_sensors_vendor/lib:/opt/ros/jazzy/opt/gz_physics_vendor/lib:/opt/ros/jazzy/opt/sdformat_vendor/lib:/opt/ros/jazzy/opt/rviz_ogre_vendor/lib:/opt/ros/jazzy/lib/x86_64-linux-gnu:/opt/ros/jazzy/opt/gz_gui_vendor/lib:/opt/ros/jazzy/opt/gz_transport_vendor/lib:/opt/ros/jazzy/opt/gz_rendering_vendor/lib:/opt/ros/jazzy/opt/gz_plugin_vendor/lib:/opt/ros/jazzy/opt/gz_fuel_tools_vendor/lib:/opt/ros/jazzy/opt/gz_msgs_vendor/lib:/opt/ros/jazzy/opt/gz_common_vendor/lib:/opt/ros/jazzy/opt/gz_math_vendor/lib:/opt/ros/jazzy/opt/gz_utils_vendor/lib:/opt/ros/jazzy/opt/gz_tools_vendor/lib:/opt/ros/jazzy/opt/gz_ogre_next_vendor/lib:/opt/ros/jazzy/opt/gz_dartsim_vendor/lib:/opt/ros/jazzy/opt/gz_cmake_vendor/lib:/opt/ros/jazzy/lib PYTHONPATH=/home/vincent-pc/ros2_jazzy/build/executors_py/prefix_override:/usr/lib/python3/dist-packages/colcon_core/task/python/colcon_distutils_commands:/home/vincent-pc/ros2_jazzy/install/executors_py/lib/python3.12/site-packages:/home/vincent-pc/ros2_jazzy/install/my_robot_interfaces/lib/python3.12/site-packages:/home/vincent-pc/ros2_jazzy/build/robot_py:/home/vincent-pc/ros2_jazzy/install/robot_py/lib/python3.12/site-packages:/home/vincent-pc/ros2_jazzy/build/my_robot_python:/home/vincent-pc/ros2_jazzy/install/my_robot_python/lib/python3.12/site-packages:/home/vincent-pc/ros2_jazzy/build/lifecycle_py:/home/vincent-pc/ros2_jazzy/install/lifecycle_py/lib/python3.12/site-packages:/home/vincent-pc/ros2_jazzy/build/executors_py:/home/vincent-pc/ros2_jazzy/install/executors_py/lib/python3.12/site-packages:/home/vincent-pc/ros2_jazzy/build/components_py:/home/vincent-pc/ros2_jazzy/install/components_py/lib/python3.12/site-packages:/home/vincent-pc/ros2_jazzy/build/actions_py:/home/vincent-pc/ros2_jazzy/install/actions_py/lib/python3.12/site-packages:/opt/ros/jazzy/lib/python3.12/site-packages /usr/bin/python3 -W ignore:setup.py install is deprecated -W ignore:easy_install command is deprecated setup.py egg_info --egg-base ../../build/executors_py build --build-base /home/vincent-pc/ros2_jazzy/build/executors_py/build install --record /home/vincent-pc/ros2_jazzy/build/executors_py/install.log --single-version-externally-managed install_data
[4.132s] Level 1:colcon.colcon_core.environment:checking '/home/vincent-pc/ros2_jazzy/install/actions_py' for CMake module files
[4.133s] DEBUG:colcon.colcon_core.event_handler.log_command:Invoked command in '/home/vincent-pc/ros2_jazzy/src/actions_py' returned '0': CMAKE_PREFIX_PATH=/home/vincent-pc/ros2_jazzy/install/my_robot_interfaces:/home/vincent-pc/ros2_jazzy/install/robot_cpp:/home/vincent-pc/ros2_jazzy/install/my_robot_cpp:/home/vincent-pc/ros2_jazzy/install/my_robot_bringup:/home/vincent-pc/ros2_jazzy/install/lifecycle_cpp:/home/vincent-pc/ros2_jazzy/install/executors_cpp:/home/vincent-pc/ros2_jazzy/install/components_cpp:/home/vincent-pc/ros2_jazzy/install/actions_cpp:/home/vincent-pc/ros2_jazzy/install/my_robot_description:/opt/ros/jazzy/opt/gz_sim_vendor:/opt/ros/jazzy/opt/gz_sensors_vendor:/opt/ros/jazzy/opt/gz_physics_vendor:/opt/ros/jazzy/opt/sdformat_vendor:/opt/ros/jazzy/opt/gz_gui_vendor:/opt/ros/jazzy/opt/gz_transport_vendor:/opt/ros/jazzy/opt/gz_rendering_vendor:/opt/ros/jazzy/opt/gz_plugin_vendor:/opt/ros/jazzy/opt/gz_fuel_tools_vendor:/opt/ros/jazzy/opt/gz_msgs_vendor:/opt/ros/jazzy/opt/gz_common_vendor:/opt/ros/jazzy/opt/gz_math_vendor:/opt/ros/jazzy/opt/gz_utils_vendor:/opt/ros/jazzy/opt/gz_tools_vendor:/opt/ros/jazzy/opt/gz_ogre_next_vendor:/opt/ros/jazzy/opt/gz_dartsim_vendor:/opt/ros/jazzy/opt/gz_cmake_vendor DEBUGINFOD_URLS=https://debuginfod.ubuntu.com LD_LIBRARY_PATH=/home/vincent-pc/ros2_jazzy/install/my_robot_interfaces/lib:/home/vincent-pc/ros2_jazzy/install/components_cpp/lib:/opt/ros/jazzy/opt/gz_sim_vendor/lib:/opt/ros/jazzy/opt/gz_sensors_vendor/lib:/opt/ros/jazzy/opt/gz_physics_vendor/lib:/opt/ros/jazzy/opt/sdformat_vendor/lib:/opt/ros/jazzy/opt/rviz_ogre_vendor/lib:/opt/ros/jazzy/lib/x86_64-linux-gnu:/opt/ros/jazzy/opt/gz_gui_vendor/lib:/opt/ros/jazzy/opt/gz_transport_vendor/lib:/opt/ros/jazzy/opt/gz_rendering_vendor/lib:/opt/ros/jazzy/opt/gz_plugin_vendor/lib:/opt/ros/jazzy/opt/gz_fuel_tools_vendor/lib:/opt/ros/jazzy/opt/gz_msgs_vendor/lib:/opt/ros/jazzy/opt/gz_common_vendor/lib:/opt/ros/jazzy/opt/gz_math_vendor/lib:/opt/ros/jazzy/opt/gz_utils_vendor/lib:/opt/ros/jazzy/opt/gz_tools_vendor/lib:/opt/ros/jazzy/opt/gz_ogre_next_vendor/lib:/opt/ros/jazzy/opt/gz_dartsim_vendor/lib:/opt/ros/jazzy/opt/gz_cmake_vendor/lib:/opt/ros/jazzy/lib PYTHONPATH=/home/vincent-pc/ros2_jazzy/build/actions_py/prefix_override:/usr/lib/python3/dist-packages/colcon_core/task/python/colcon_distutils_commands:/home/vincent-pc/ros2_jazzy/install/actions_py/lib/python3.12/site-packages:/home/vincent-pc/ros2_jazzy/install/my_robot_interfaces/lib/python3.12/site-packages:/home/vincent-pc/ros2_jazzy/build/robot_py:/home/vincent-pc/ros2_jazzy/install/robot_py/lib/python3.12/site-packages:/home/vincent-pc/ros2_jazzy/build/my_robot_python:/home/vincent-pc/ros2_jazzy/install/my_robot_python/lib/python3.12/site-packages:/home/vincent-pc/ros2_jazzy/build/lifecycle_py:/home/vincent-pc/ros2_jazzy/install/lifecycle_py/lib/python3.12/site-packages:/home/vincent-pc/ros2_jazzy/build/executors_py:/home/vincent-pc/ros2_jazzy/install/executors_py/lib/python3.12/site-packages:/home/vincent-pc/ros2_jazzy/build/components_py:/home/vincent-pc/ros2_jazzy/install/components_py/lib/python3.12/site-packages:/home/vincent-pc/ros2_jazzy/build/actions_py:/home/vincent-pc/ros2_jazzy/install/actions_py/lib/python3.12/site-packages:/opt/ros/jazzy/lib/python3.12/site-packages /usr/bin/python3 -W ignore:setup.py install is deprecated -W ignore:easy_install command is deprecated setup.py egg_info --egg-base ../../build/actions_py build --build-base /home/vincent-pc/ros2_jazzy/build/actions_py/build install --record /home/vincent-pc/ros2_jazzy/build/actions_py/install.log --single-version-externally-managed install_data
[4.134s] Level 1:colcon.colcon_core.environment:checking '/home/vincent-pc/ros2_jazzy/install/actions_py' for CMake config files
[4.135s] Level 1:colcon.colcon_core.environment:checking '/home/vincent-pc/ros2_jazzy/install/actions_py/lib'
[4.135s] Level 1:colcon.colcon_core.environment:checking '/home/vincent-pc/ros2_jazzy/install/actions_py/bin'
[4.135s] Level 1:colcon.colcon_core.environment:checking '/home/vincent-pc/ros2_jazzy/install/actions_py/lib/pkgconfig/actions_py.pc'
[4.136s] Level 1:colcon.colcon_core.environment:checking '/home/vincent-pc/ros2_jazzy/install/actions_py/lib/python3.12/site-packages'
[4.136s] Level 1:colcon.colcon_core.shell:create_environment_hook('actions_py', 'pythonpath')
[4.136s] INFO:colcon.colcon_core.shell:Creating environment hook '/home/vincent-pc/ros2_jazzy/install/actions_py/share/actions_py/hook/pythonpath.ps1'
[4.137s] INFO:colcon.colcon_core.shell:Creating environment descriptor '/home/vincent-pc/ros2_jazzy/install/actions_py/share/actions_py/hook/pythonpath.dsv'
[4.138s] INFO:colcon.colcon_core.shell:Creating environment hook '/home/vincent-pc/ros2_jazzy/install/actions_py/share/actions_py/hook/pythonpath.sh'
[4.139s] Level 1:colcon.colcon_core.environment:checking '/home/vincent-pc/ros2_jazzy/install/actions_py/bin'
[4.139s] Level 1:colcon.colcon_core.environment:create_environment_scripts_only(actions_py)
[4.140s] INFO:colcon.colcon_core.shell:Creating package script '/home/vincent-pc/ros2_jazzy/install/actions_py/share/actions_py/package.ps1'
[4.140s] INFO:colcon.colcon_core.shell:Creating package descriptor '/home/vincent-pc/ros2_jazzy/install/actions_py/share/actions_py/package.dsv'
[4.141s] INFO:colcon.colcon_core.shell:Creating package script '/home/vincent-pc/ros2_jazzy/install/actions_py/share/actions_py/package.sh'
[4.142s] INFO:colcon.colcon_core.shell:Creating package script '/home/vincent-pc/ros2_jazzy/install/actions_py/share/actions_py/package.bash'
[4.142s] INFO:colcon.colcon_core.shell:Creating package script '/home/vincent-pc/ros2_jazzy/install/actions_py/share/actions_py/package.zsh'
[4.143s] Level 1:colcon.colcon_core.environment:create_file_with_runtime_dependencies(/home/vincent-pc/ros2_jazzy/install/actions_py/share/colcon-core/packages/actions_py)
[4.223s] Level 1:colcon.colcon_core.environment:checking '/home/vincent-pc/ros2_jazzy/install/lifecycle_py' for CMake module files
[4.224s] DEBUG:colcon.colcon_core.event_handler.log_command:Invoked command in '/home/vincent-pc/ros2_jazzy/src/lifecycle_py' returned '0': CMAKE_PREFIX_PATH=/home/vincent-pc/ros2_jazzy/install/my_robot_interfaces:/home/vincent-pc/ros2_jazzy/install/robot_cpp:/home/vincent-pc/ros2_jazzy/install/my_robot_cpp:/home/vincent-pc/ros2_jazzy/install/my_robot_bringup:/home/vincent-pc/ros2_jazzy/install/lifecycle_cpp:/home/vincent-pc/ros2_jazzy/install/executors_cpp:/home/vincent-pc/ros2_jazzy/install/components_cpp:/home/vincent-pc/ros2_jazzy/install/actions_cpp:/home/vincent-pc/ros2_jazzy/install/my_robot_description:/opt/ros/jazzy/opt/gz_sim_vendor:/opt/ros/jazzy/opt/gz_sensors_vendor:/opt/ros/jazzy/opt/gz_physics_vendor:/opt/ros/jazzy/opt/sdformat_vendor:/opt/ros/jazzy/opt/gz_gui_vendor:/opt/ros/jazzy/opt/gz_transport_vendor:/opt/ros/jazzy/opt/gz_rendering_vendor:/opt/ros/jazzy/opt/gz_plugin_vendor:/opt/ros/jazzy/opt/gz_fuel_tools_vendor:/opt/ros/jazzy/opt/gz_msgs_vendor:/opt/ros/jazzy/opt/gz_common_vendor:/opt/ros/jazzy/opt/gz_math_vendor:/opt/ros/jazzy/opt/gz_utils_vendor:/opt/ros/jazzy/opt/gz_tools_vendor:/opt/ros/jazzy/opt/gz_ogre_next_vendor:/opt/ros/jazzy/opt/gz_dartsim_vendor:/opt/ros/jazzy/opt/gz_cmake_vendor DEBUGINFOD_URLS=https://debuginfod.ubuntu.com LD_LIBRARY_PATH=/home/vincent-pc/ros2_jazzy/install/my_robot_interfaces/lib:/home/vincent-pc/ros2_jazzy/install/components_cpp/lib:/opt/ros/jazzy/opt/gz_sim_vendor/lib:/opt/ros/jazzy/opt/gz_sensors_vendor/lib:/opt/ros/jazzy/opt/gz_physics_vendor/lib:/opt/ros/jazzy/opt/sdformat_vendor/lib:/opt/ros/jazzy/opt/rviz_ogre_vendor/lib:/opt/ros/jazzy/lib/x86_64-linux-gnu:/opt/ros/jazzy/opt/gz_gui_vendor/lib:/opt/ros/jazzy/opt/gz_transport_vendor/lib:/opt/ros/jazzy/opt/gz_rendering_vendor/lib:/opt/ros/jazzy/opt/gz_plugin_vendor/lib:/opt/ros/jazzy/opt/gz_fuel_tools_vendor/lib:/opt/ros/jazzy/opt/gz_msgs_vendor/lib:/opt/ros/jazzy/opt/gz_common_vendor/lib:/opt/ros/jazzy/opt/gz_math_vendor/lib:/opt/ros/jazzy/opt/gz_utils_vendor/lib:/opt/ros/jazzy/opt/gz_tools_vendor/lib:/opt/ros/jazzy/opt/gz_ogre_next_vendor/lib:/opt/ros/jazzy/opt/gz_dartsim_vendor/lib:/opt/ros/jazzy/opt/gz_cmake_vendor/lib:/opt/ros/jazzy/lib PYTHONPATH=/home/vincent-pc/ros2_jazzy/build/lifecycle_py/prefix_override:/usr/lib/python3/dist-packages/colcon_core/task/python/colcon_distutils_commands:/home/vincent-pc/ros2_jazzy/install/lifecycle_py/lib/python3.12/site-packages:/home/vincent-pc/ros2_jazzy/install/my_robot_interfaces/lib/python3.12/site-packages:/home/vincent-pc/ros2_jazzy/build/robot_py:/home/vincent-pc/ros2_jazzy/install/robot_py/lib/python3.12/site-packages:/home/vincent-pc/ros2_jazzy/build/my_robot_python:/home/vincent-pc/ros2_jazzy/install/my_robot_python/lib/python3.12/site-packages:/home/vincent-pc/ros2_jazzy/build/lifecycle_py:/home/vincent-pc/ros2_jazzy/install/lifecycle_py/lib/python3.12/site-packages:/home/vincent-pc/ros2_jazzy/build/executors_py:/home/vincent-pc/ros2_jazzy/install/executors_py/lib/python3.12/site-packages:/home/vincent-pc/ros2_jazzy/build/components_py:/home/vincent-pc/ros2_jazzy/install/components_py/lib/python3.12/site-packages:/home/vincent-pc/ros2_jazzy/build/actions_py:/home/vincent-pc/ros2_jazzy/install/actions_py/lib/python3.12/site-packages:/opt/ros/jazzy/lib/python3.12/site-packages /usr/bin/python3 -W ignore:setup.py install is deprecated -W ignore:easy_install command is deprecated setup.py egg_info --egg-base ../../build/lifecycle_py build --build-base /home/vincent-pc/ros2_jazzy/build/lifecycle_py/build install --record /home/vincent-pc/ros2_jazzy/build/lifecycle_py/install.log --single-version-externally-managed install_data
[4.225s] Level 1:colcon.colcon_core.environment:checking '/home/vincent-pc/ros2_jazzy/install/lifecycle_py' for CMake config files
[4.225s] Level 1:colcon.colcon_core.environment:checking '/home/vincent-pc/ros2_jazzy/install/lifecycle_py/lib'
[4.225s] Level 1:colcon.colcon_core.environment:checking '/home/vincent-pc/ros2_jazzy/install/lifecycle_py/bin'
[4.226s] Level 1:colcon.colcon_core.environment:checking '/home/vincent-pc/ros2_jazzy/install/lifecycle_py/lib/pkgconfig/lifecycle_py.pc'
[4.226s] Level 1:colcon.colcon_core.environment:checking '/home/vincent-pc/ros2_jazzy/install/lifecycle_py/lib/python3.12/site-packages'
[4.226s] Level 1:colcon.colcon_core.shell:create_environment_hook('lifecycle_py', 'pythonpath')
[4.226s] INFO:colcon.colcon_core.shell:Creating environment hook '/home/vincent-pc/ros2_jazzy/install/lifecycle_py/share/lifecycle_py/hook/pythonpath.ps1'
[4.227s] INFO:colcon.colcon_core.shell:Creating environment descriptor '/home/vincent-pc/ros2_jazzy/install/lifecycle_py/share/lifecycle_py/hook/pythonpath.dsv'
[4.227s] INFO:colcon.colcon_core.shell:Creating environment hook '/home/vincent-pc/ros2_jazzy/install/lifecycle_py/share/lifecycle_py/hook/pythonpath.sh'
[4.229s] Level 1:colcon.colcon_core.environment:checking '/home/vincent-pc/ros2_jazzy/install/lifecycle_py/bin'
[4.229s] Level 1:colcon.colcon_core.environment:create_environment_scripts_only(lifecycle_py)
[4.230s] INFO:colcon.colcon_core.shell:Creating package script '/home/vincent-pc/ros2_jazzy/install/lifecycle_py/share/lifecycle_py/package.ps1'
[4.231s] INFO:colcon.colcon_core.shell:Creating package descriptor '/home/vincent-pc/ros2_jazzy/install/lifecycle_py/share/lifecycle_py/package.dsv'
[4.232s] INFO:colcon.colcon_core.shell:Creating package script '/home/vincent-pc/ros2_jazzy/install/lifecycle_py/share/lifecycle_py/package.sh'
[4.233s] INFO:colcon.colcon_core.shell:Creating package script '/home/vincent-pc/ros2_jazzy/install/lifecycle_py/share/lifecycle_py/package.bash'
[4.234s] INFO:colcon.colcon_core.shell:Creating package script '/home/vincent-pc/ros2_jazzy/install/lifecycle_py/share/lifecycle_py/package.zsh'
[4.235s] Level 1:colcon.colcon_core.environment:create_file_with_runtime_dependencies(/home/vincent-pc/ros2_jazzy/install/lifecycle_py/share/colcon-core/packages/lifecycle_py)
[4.236s] INFO:colcon.colcon_ros.task.ament_cmake.build:Building ROS package in '/home/vincent-pc/ros2_jazzy/src/my_robot_bringup' with build type 'ament_cmake'
[4.236s] INFO:colcon.colcon_cmake.task.cmake.build:Building CMake package in '/home/vincent-pc/ros2_jazzy/src/my_robot_bringup'
[4.236s] INFO:colcon.colcon_core.shell:Skip shell extension 'powershell' for command environment: Not usable outside of PowerShell
[4.236s] DEBUG:colcon.colcon_core.shell:Skip shell extension 'dsv' for command environment
[4.259s] DEBUG:colcon.colcon_core.event_handler.log_command:Invoking command in '/home/vincent-pc/ros2_jazzy/build/my_robot_bringup': AMENT_PREFIX_PATH=/home/vincent-pc/ros2_jazzy/install/lifecycle_py:/home/vincent-pc/ros2_jazzy/install/robot_py:/home/vincent-pc/ros2_jazzy/install/robot_cpp:/home/vincent-pc/ros2_jazzy/install/my_robot_python:/home/vincent-pc/ros2_jazzy/install/my_robot_cpp:/home/vincent-pc/ros2_jazzy/install/my_robot_bringup:/home/vincent-pc/ros2_jazzy/install/lifecycle_cpp:/home/vincent-pc/ros2_jazzy/install/executors_py:/home/vincent-pc/ros2_jazzy/install/executors_cpp:/home/vincent-pc/ros2_jazzy/install/components_py:/home/vincent-pc/ros2_jazzy/install/components_cpp:/home/vincent-pc/ros2_jazzy/install/actions_py:/home/vincent-pc/ros2_jazzy/install/actions_cpp:/home/vincent-pc/ros2_jazzy/install/my_robot_interfaces:/home/vincent-pc/ros2_jazzy/install/my_robot_description:/opt/ros/jazzy CMAKE_PREFIX_PATH=/home/vincent-pc/ros2_jazzy/install/lifecycle_cpp:/home/vincent-pc/ros2_jazzy/install/my_robot_interfaces:/home/vincent-pc/ros2_jazzy/install/robot_cpp:/home/vincent-pc/ros2_jazzy/install/my_robot_cpp:/home/vincent-pc/ros2_jazzy/install/my_robot_bringup:/home/vincent-pc/ros2_jazzy/install/executors_cpp:/home/vincent-pc/ros2_jazzy/install/components_cpp:/home/vincent-pc/ros2_jazzy/install/actions_cpp:/home/vincent-pc/ros2_jazzy/install/my_robot_description:/opt/ros/jazzy/opt/gz_sim_vendor:/opt/ros/jazzy/opt/gz_sensors_vendor:/opt/ros/jazzy/opt/gz_physics_vendor:/opt/ros/jazzy/opt/sdformat_vendor:/opt/ros/jazzy/opt/gz_gui_vendor:/opt/ros/jazzy/opt/gz_transport_vendor:/opt/ros/jazzy/opt/gz_rendering_vendor:/opt/ros/jazzy/opt/gz_plugin_vendor:/opt/ros/jazzy/opt/gz_fuel_tools_vendor:/opt/ros/jazzy/opt/gz_msgs_vendor:/opt/ros/jazzy/opt/gz_common_vendor:/opt/ros/jazzy/opt/gz_math_vendor:/opt/ros/jazzy/opt/gz_utils_vendor:/opt/ros/jazzy/opt/gz_tools_vendor:/opt/ros/jazzy/opt/gz_ogre_next_vendor:/opt/ros/jazzy/opt/gz_dartsim_vendor:/opt/ros/jazzy/opt/gz_cmake_vendor:/home/vincent-pc/ros2_jazzy/install/robot_py:/home/vincent-pc/ros2_jazzy/install/my_robot_python:/home/vincent-pc/ros2_jazzy/install/lifecycle_py:/home/vincent-pc/ros2_jazzy/install/executors_py:/home/vincent-pc/ros2_jazzy/install/components_py:/home/vincent-pc/ros2_jazzy/install/actions_py:/opt/ros/jazzy DEBUGINFOD_URLS=https://debuginfod.ubuntu.com LD_LIBRARY_PATH=/home/vincent-pc/ros2_jazzy/install/my_robot_interfaces/lib:/home/vincent-pc/ros2_jazzy/install/components_cpp/lib:/opt/ros/jazzy/opt/gz_sim_vendor/lib:/opt/ros/jazzy/opt/gz_sensors_vendor/lib:/opt/ros/jazzy/opt/gz_physics_vendor/lib:/opt/ros/jazzy/opt/sdformat_vendor/lib:/opt/ros/jazzy/opt/rviz_ogre_vendor/lib:/opt/ros/jazzy/lib/x86_64-linux-gnu:/opt/ros/jazzy/opt/gz_gui_vendor/lib:/opt/ros/jazzy/opt/gz_transport_vendor/lib:/opt/ros/jazzy/opt/gz_rendering_vendor/lib:/opt/ros/jazzy/opt/gz_plugin_vendor/lib:/opt/ros/jazzy/opt/gz_fuel_tools_vendor/lib:/opt/ros/jazzy/opt/gz_msgs_vendor/lib:/opt/ros/jazzy/opt/gz_common_vendor/lib:/opt/ros/jazzy/opt/gz_math_vendor/lib:/opt/ros/jazzy/opt/gz_utils_vendor/lib:/opt/ros/jazzy/opt/gz_tools_vendor/lib:/opt/ros/jazzy/opt/gz_ogre_next_vendor/lib:/opt/ros/jazzy/opt/gz_dartsim_vendor/lib:/opt/ros/jazzy/opt/gz_cmake_vendor/lib:/opt/ros/jazzy/lib PYTHONPATH=/home/vincent-pc/ros2_jazzy/install/lifecycle_py/lib/python3.12/site-packages:/home/vincent-pc/ros2_jazzy/install/my_robot_interfaces/lib/python3.12/site-packages:/home/vincent-pc/ros2_jazzy/build/robot_py:/home/vincent-pc/ros2_jazzy/install/robot_py/lib/python3.12/site-packages:/home/vincent-pc/ros2_jazzy/build/my_robot_python:/home/vincent-pc/ros2_jazzy/install/my_robot_python/lib/python3.12/site-packages:/home/vincent-pc/ros2_jazzy/build/lifecycle_py:/home/vincent-pc/ros2_jazzy/build/executors_py:/home/vincent-pc/ros2_jazzy/install/executors_py/lib/python3.12/site-packages:/home/vincent-pc/ros2_jazzy/build/components_py:/home/vincent-pc/ros2_jazzy/install/components_py/lib/python3.12/site-packages:/home/vincent-pc/ros2_jazzy/build/actions_py:/home/vincent-pc/ros2_jazzy/install/actions_py/lib/python3.12/site-packages:/opt/ros/jazzy/lib/python3.12/site-packages /usr/bin/cmake --build /home/vincent-pc/ros2_jazzy/build/my_robot_bringup -- -j8 -l8
[4.297s] Level 1:colcon.colcon_core.environment:checking '/home/vincent-pc/ros2_jazzy/install/components_py' for CMake module files
[4.299s] DEBUG:colcon.colcon_core.event_handler.log_command:Invoked command in '/home/vincent-pc/ros2_jazzy/src/components_py' returned '0': CMAKE_PREFIX_PATH=/home/vincent-pc/ros2_jazzy/install/my_robot_interfaces:/home/vincent-pc/ros2_jazzy/install/robot_cpp:/home/vincent-pc/ros2_jazzy/install/my_robot_cpp:/home/vincent-pc/ros2_jazzy/install/my_robot_bringup:/home/vincent-pc/ros2_jazzy/install/lifecycle_cpp:/home/vincent-pc/ros2_jazzy/install/executors_cpp:/home/vincent-pc/ros2_jazzy/install/components_cpp:/home/vincent-pc/ros2_jazzy/install/actions_cpp:/home/vincent-pc/ros2_jazzy/install/my_robot_description:/opt/ros/jazzy/opt/gz_sim_vendor:/opt/ros/jazzy/opt/gz_sensors_vendor:/opt/ros/jazzy/opt/gz_physics_vendor:/opt/ros/jazzy/opt/sdformat_vendor:/opt/ros/jazzy/opt/gz_gui_vendor:/opt/ros/jazzy/opt/gz_transport_vendor:/opt/ros/jazzy/opt/gz_rendering_vendor:/opt/ros/jazzy/opt/gz_plugin_vendor:/opt/ros/jazzy/opt/gz_fuel_tools_vendor:/opt/ros/jazzy/opt/gz_msgs_vendor:/opt/ros/jazzy/opt/gz_common_vendor:/opt/ros/jazzy/opt/gz_math_vendor:/opt/ros/jazzy/opt/gz_utils_vendor:/opt/ros/jazzy/opt/gz_tools_vendor:/opt/ros/jazzy/opt/gz_ogre_next_vendor:/opt/ros/jazzy/opt/gz_dartsim_vendor:/opt/ros/jazzy/opt/gz_cmake_vendor DEBUGINFOD_URLS=https://debuginfod.ubuntu.com LD_LIBRARY_PATH=/home/vincent-pc/ros2_jazzy/install/my_robot_interfaces/lib:/home/vincent-pc/ros2_jazzy/install/components_cpp/lib:/opt/ros/jazzy/opt/gz_sim_vendor/lib:/opt/ros/jazzy/opt/gz_sensors_vendor/lib:/opt/ros/jazzy/opt/gz_physics_vendor/lib:/opt/ros/jazzy/opt/sdformat_vendor/lib:/opt/ros/jazzy/opt/rviz_ogre_vendor/lib:/opt/ros/jazzy/lib/x86_64-linux-gnu:/opt/ros/jazzy/opt/gz_gui_vendor/lib:/opt/ros/jazzy/opt/gz_transport_vendor/lib:/opt/ros/jazzy/opt/gz_rendering_vendor/lib:/opt/ros/jazzy/opt/gz_plugin_vendor/lib:/opt/ros/jazzy/opt/gz_fuel_tools_vendor/lib:/opt/ros/jazzy/opt/gz_msgs_vendor/lib:/opt/ros/jazzy/opt/gz_common_vendor/lib:/opt/ros/jazzy/opt/gz_math_vendor/lib:/opt/ros/jazzy/opt/gz_utils_vendor/lib:/opt/ros/jazzy/opt/gz_tools_vendor/lib:/opt/ros/jazzy/opt/gz_ogre_next_vendor/lib:/opt/ros/jazzy/opt/gz_dartsim_vendor/lib:/opt/ros/jazzy/opt/gz_cmake_vendor/lib:/opt/ros/jazzy/lib PYTHONPATH=/home/vincent-pc/ros2_jazzy/build/components_py/prefix_override:/usr/lib/python3/dist-packages/colcon_core/task/python/colcon_distutils_commands:/home/vincent-pc/ros2_jazzy/install/components_py/lib/python3.12/site-packages:/home/vincent-pc/ros2_jazzy/install/my_robot_interfaces/lib/python3.12/site-packages:/home/vincent-pc/ros2_jazzy/build/robot_py:/home/vincent-pc/ros2_jazzy/install/robot_py/lib/python3.12/site-packages:/home/vincent-pc/ros2_jazzy/build/my_robot_python:/home/vincent-pc/ros2_jazzy/install/my_robot_python/lib/python3.12/site-packages:/home/vincent-pc/ros2_jazzy/build/lifecycle_py:/home/vincent-pc/ros2_jazzy/install/lifecycle_py/lib/python3.12/site-packages:/home/vincent-pc/ros2_jazzy/build/executors_py:/home/vincent-pc/ros2_jazzy/install/executors_py/lib/python3.12/site-packages:/home/vincent-pc/ros2_jazzy/build/components_py:/home/vincent-pc/ros2_jazzy/install/components_py/lib/python3.12/site-packages:/home/vincent-pc/ros2_jazzy/build/actions_py:/home/vincent-pc/ros2_jazzy/install/actions_py/lib/python3.12/site-packages:/opt/ros/jazzy/lib/python3.12/site-packages /usr/bin/python3 -W ignore:setup.py install is deprecated -W ignore:easy_install command is deprecated setup.py egg_info --egg-base ../../build/components_py build --build-base /home/vincent-pc/ros2_jazzy/build/components_py/build install --record /home/vincent-pc/ros2_jazzy/build/components_py/install.log --single-version-externally-managed install_data
[4.299s] Level 1:colcon.colcon_core.environment:checking '/home/vincent-pc/ros2_jazzy/install/components_py' for CMake config files
[4.300s] Level 1:colcon.colcon_core.environment:checking '/home/vincent-pc/ros2_jazzy/install/components_py/lib'
[4.300s] Level 1:colcon.colcon_core.environment:checking '/home/vincent-pc/ros2_jazzy/install/components_py/bin'
[4.300s] Level 1:colcon.colcon_core.environment:checking '/home/vincent-pc/ros2_jazzy/install/components_py/lib/pkgconfig/components_py.pc'
[4.300s] Level 1:colcon.colcon_core.environment:checking '/home/vincent-pc/ros2_jazzy/install/components_py/lib/python3.12/site-packages'
[4.301s] Level 1:colcon.colcon_core.shell:create_environment_hook('components_py', 'pythonpath')
[4.301s] INFO:colcon.colcon_core.shell:Creating environment hook '/home/vincent-pc/ros2_jazzy/install/components_py/share/components_py/hook/pythonpath.ps1'
[4.302s] INFO:colcon.colcon_core.shell:Creating environment descriptor '/home/vincent-pc/ros2_jazzy/install/components_py/share/components_py/hook/pythonpath.dsv'
[4.302s] INFO:colcon.colcon_core.shell:Creating environment hook '/home/vincent-pc/ros2_jazzy/install/components_py/share/components_py/hook/pythonpath.sh'
[4.303s] Level 1:colcon.colcon_core.environment:checking '/home/vincent-pc/ros2_jazzy/install/components_py/bin'
[4.303s] Level 1:colcon.colcon_core.environment:create_environment_scripts_only(components_py)
[4.303s] INFO:colcon.colcon_core.shell:Creating package script '/home/vincent-pc/ros2_jazzy/install/components_py/share/components_py/package.ps1'
[4.304s] INFO:colcon.colcon_core.shell:Creating package descriptor '/home/vincent-pc/ros2_jazzy/install/components_py/share/components_py/package.dsv'
[4.306s] INFO:colcon.colcon_core.shell:Creating package script '/home/vincent-pc/ros2_jazzy/install/components_py/share/components_py/package.sh'
[4.324s] INFO:colcon.colcon_core.shell:Creating package script '/home/vincent-pc/ros2_jazzy/install/components_py/share/components_py/package.bash'
[4.324s] INFO:colcon.colcon_core.shell:Creating package script '/home/vincent-pc/ros2_jazzy/install/components_py/share/components_py/package.zsh'
[4.324s] Level 1:colcon.colcon_core.environment:create_file_with_runtime_dependencies(/home/vincent-pc/ros2_jazzy/install/components_py/share/colcon-core/packages/components_py)
[4.326s] DEBUG:colcon.colcon_core.event_handler.log_command:Invoked command in '/home/vincent-pc/ros2_jazzy/build/my_robot_bringup' returned '0': AMENT_PREFIX_PATH=/home/vincent-pc/ros2_jazzy/install/lifecycle_py:/home/vincent-pc/ros2_jazzy/install/robot_py:/home/vincent-pc/ros2_jazzy/install/robot_cpp:/home/vincent-pc/ros2_jazzy/install/my_robot_python:/home/vincent-pc/ros2_jazzy/install/my_robot_cpp:/home/vincent-pc/ros2_jazzy/install/my_robot_bringup:/home/vincent-pc/ros2_jazzy/install/lifecycle_cpp:/home/vincent-pc/ros2_jazzy/install/executors_py:/home/vincent-pc/ros2_jazzy/install/executors_cpp:/home/vincent-pc/ros2_jazzy/install/components_py:/home/vincent-pc/ros2_jazzy/install/components_cpp:/home/vincent-pc/ros2_jazzy/install/actions_py:/home/vincent-pc/ros2_jazzy/install/actions_cpp:/home/vincent-pc/ros2_jazzy/install/my_robot_interfaces:/home/vincent-pc/ros2_jazzy/install/my_robot_description:/opt/ros/jazzy CMAKE_PREFIX_PATH=/home/vincent-pc/ros2_jazzy/install/lifecycle_cpp:/home/vincent-pc/ros2_jazzy/install/my_robot_interfaces:/home/vincent-pc/ros2_jazzy/install/robot_cpp:/home/vincent-pc/ros2_jazzy/install/my_robot_cpp:/home/vincent-pc/ros2_jazzy/install/my_robot_bringup:/home/vincent-pc/ros2_jazzy/install/executors_cpp:/home/vincent-pc/ros2_jazzy/install/components_cpp:/home/vincent-pc/ros2_jazzy/install/actions_cpp:/home/vincent-pc/ros2_jazzy/install/my_robot_description:/opt/ros/jazzy/opt/gz_sim_vendor:/opt/ros/jazzy/opt/gz_sensors_vendor:/opt/ros/jazzy/opt/gz_physics_vendor:/opt/ros/jazzy/opt/sdformat_vendor:/opt/ros/jazzy/opt/gz_gui_vendor:/opt/ros/jazzy/opt/gz_transport_vendor:/opt/ros/jazzy/opt/gz_rendering_vendor:/opt/ros/jazzy/opt/gz_plugin_vendor:/opt/ros/jazzy/opt/gz_fuel_tools_vendor:/opt/ros/jazzy/opt/gz_msgs_vendor:/opt/ros/jazzy/opt/gz_common_vendor:/opt/ros/jazzy/opt/gz_math_vendor:/opt/ros/jazzy/opt/gz_utils_vendor:/opt/ros/jazzy/opt/gz_tools_vendor:/opt/ros/jazzy/opt/gz_ogre_next_vendor:/opt/ros/jazzy/opt/gz_dartsim_vendor:/opt/ros/jazzy/opt/gz_cmake_vendor:/home/vincent-pc/ros2_jazzy/install/robot_py:/home/vincent-pc/ros2_jazzy/install/my_robot_python:/home/vincent-pc/ros2_jazzy/install/lifecycle_py:/home/vincent-pc/ros2_jazzy/install/executors_py:/home/vincent-pc/ros2_jazzy/install/components_py:/home/vincent-pc/ros2_jazzy/install/actions_py:/opt/ros/jazzy DEBUGINFOD_URLS=https://debuginfod.ubuntu.com LD_LIBRARY_PATH=/home/vincent-pc/ros2_jazzy/install/my_robot_interfaces/lib:/home/vincent-pc/ros2_jazzy/install/components_cpp/lib:/opt/ros/jazzy/opt/gz_sim_vendor/lib:/opt/ros/jazzy/opt/gz_sensors_vendor/lib:/opt/ros/jazzy/opt/gz_physics_vendor/lib:/opt/ros/jazzy/opt/sdformat_vendor/lib:/opt/ros/jazzy/opt/rviz_ogre_vendor/lib:/opt/ros/jazzy/lib/x86_64-linux-gnu:/opt/ros/jazzy/opt/gz_gui_vendor/lib:/opt/ros/jazzy/opt/gz_transport_vendor/lib:/opt/ros/jazzy/opt/gz_rendering_vendor/lib:/opt/ros/jazzy/opt/gz_plugin_vendor/lib:/opt/ros/jazzy/opt/gz_fuel_tools_vendor/lib:/opt/ros/jazzy/opt/gz_msgs_vendor/lib:/opt/ros/jazzy/opt/gz_common_vendor/lib:/opt/ros/jazzy/opt/gz_math_vendor/lib:/opt/ros/jazzy/opt/gz_utils_vendor/lib:/opt/ros/jazzy/opt/gz_tools_vendor/lib:/opt/ros/jazzy/opt/gz_ogre_next_vendor/lib:/opt/ros/jazzy/opt/gz_dartsim_vendor/lib:/opt/ros/jazzy/opt/gz_cmake_vendor/lib:/opt/ros/jazzy/lib PYTHONPATH=/home/vincent-pc/ros2_jazzy/install/lifecycle_py/lib/python3.12/site-packages:/home/vincent-pc/ros2_jazzy/install/my_robot_interfaces/lib/python3.12/site-packages:/home/vincent-pc/ros2_jazzy/build/robot_py:/home/vincent-pc/ros2_jazzy/install/robot_py/lib/python3.12/site-packages:/home/vincent-pc/ros2_jazzy/build/my_robot_python:/home/vincent-pc/ros2_jazzy/install/my_robot_python/lib/python3.12/site-packages:/home/vincent-pc/ros2_jazzy/build/lifecycle_py:/home/vincent-pc/ros2_jazzy/build/executors_py:/home/vincent-pc/ros2_jazzy/install/executors_py/lib/python3.12/site-packages:/home/vincent-pc/ros2_jazzy/build/components_py:/home/vincent-pc/ros2_jazzy/install/components_py/lib/python3.12/site-packages:/home/vincent-pc/ros2_jazzy/build/actions_py:/home/vincent-pc/ros2_jazzy/install/actions_py/lib/python3.12/site-packages:/opt/ros/jazzy/lib/python3.12/site-packages /usr/bin/cmake --build /home/vincent-pc/ros2_jazzy/build/my_robot_bringup -- -j8 -l8
[4.327s] DEBUG:colcon.colcon_core.event_handler.log_command:Invoking command in '/home/vincent-pc/ros2_jazzy/build/my_robot_bringup': AMENT_PREFIX_PATH=/home/vincent-pc/ros2_jazzy/install/lifecycle_py:/home/vincent-pc/ros2_jazzy/install/robot_py:/home/vincent-pc/ros2_jazzy/install/robot_cpp:/home/vincent-pc/ros2_jazzy/install/my_robot_python:/home/vincent-pc/ros2_jazzy/install/my_robot_cpp:/home/vincent-pc/ros2_jazzy/install/my_robot_bringup:/home/vincent-pc/ros2_jazzy/install/lifecycle_cpp:/home/vincent-pc/ros2_jazzy/install/executors_py:/home/vincent-pc/ros2_jazzy/install/executors_cpp:/home/vincent-pc/ros2_jazzy/install/components_py:/home/vincent-pc/ros2_jazzy/install/components_cpp:/home/vincent-pc/ros2_jazzy/install/actions_py:/home/vincent-pc/ros2_jazzy/install/actions_cpp:/home/vincent-pc/ros2_jazzy/install/my_robot_interfaces:/home/vincent-pc/ros2_jazzy/install/my_robot_description:/opt/ros/jazzy CMAKE_PREFIX_PATH=/home/vincent-pc/ros2_jazzy/install/lifecycle_cpp:/home/vincent-pc/ros2_jazzy/install/my_robot_interfaces:/home/vincent-pc/ros2_jazzy/install/robot_cpp:/home/vincent-pc/ros2_jazzy/install/my_robot_cpp:/home/vincent-pc/ros2_jazzy/install/my_robot_bringup:/home/vincent-pc/ros2_jazzy/install/executors_cpp:/home/vincent-pc/ros2_jazzy/install/components_cpp:/home/vincent-pc/ros2_jazzy/install/actions_cpp:/home/vincent-pc/ros2_jazzy/install/my_robot_description:/opt/ros/jazzy/opt/gz_sim_vendor:/opt/ros/jazzy/opt/gz_sensors_vendor:/opt/ros/jazzy/opt/gz_physics_vendor:/opt/ros/jazzy/opt/sdformat_vendor:/opt/ros/jazzy/opt/gz_gui_vendor:/opt/ros/jazzy/opt/gz_transport_vendor:/opt/ros/jazzy/opt/gz_rendering_vendor:/opt/ros/jazzy/opt/gz_plugin_vendor:/opt/ros/jazzy/opt/gz_fuel_tools_vendor:/opt/ros/jazzy/opt/gz_msgs_vendor:/opt/ros/jazzy/opt/gz_common_vendor:/opt/ros/jazzy/opt/gz_math_vendor:/opt/ros/jazzy/opt/gz_utils_vendor:/opt/ros/jazzy/opt/gz_tools_vendor:/opt/ros/jazzy/opt/gz_ogre_next_vendor:/opt/ros/jazzy/opt/gz_dartsim_vendor:/opt/ros/jazzy/opt/gz_cmake_vendor:/home/vincent-pc/ros2_jazzy/install/robot_py:/home/vincent-pc/ros2_jazzy/install/my_robot_python:/home/vincent-pc/ros2_jazzy/install/lifecycle_py:/home/vincent-pc/ros2_jazzy/install/executors_py:/home/vincent-pc/ros2_jazzy/install/components_py:/home/vincent-pc/ros2_jazzy/install/actions_py:/opt/ros/jazzy DEBUGINFOD_URLS=https://debuginfod.ubuntu.com LD_LIBRARY_PATH=/home/vincent-pc/ros2_jazzy/install/my_robot_interfaces/lib:/home/vincent-pc/ros2_jazzy/install/components_cpp/lib:/opt/ros/jazzy/opt/gz_sim_vendor/lib:/opt/ros/jazzy/opt/gz_sensors_vendor/lib:/opt/ros/jazzy/opt/gz_physics_vendor/lib:/opt/ros/jazzy/opt/sdformat_vendor/lib:/opt/ros/jazzy/opt/rviz_ogre_vendor/lib:/opt/ros/jazzy/lib/x86_64-linux-gnu:/opt/ros/jazzy/opt/gz_gui_vendor/lib:/opt/ros/jazzy/opt/gz_transport_vendor/lib:/opt/ros/jazzy/opt/gz_rendering_vendor/lib:/opt/ros/jazzy/opt/gz_plugin_vendor/lib:/opt/ros/jazzy/opt/gz_fuel_tools_vendor/lib:/opt/ros/jazzy/opt/gz_msgs_vendor/lib:/opt/ros/jazzy/opt/gz_common_vendor/lib:/opt/ros/jazzy/opt/gz_math_vendor/lib:/opt/ros/jazzy/opt/gz_utils_vendor/lib:/opt/ros/jazzy/opt/gz_tools_vendor/lib:/opt/ros/jazzy/opt/gz_ogre_next_vendor/lib:/opt/ros/jazzy/opt/gz_dartsim_vendor/lib:/opt/ros/jazzy/opt/gz_cmake_vendor/lib:/opt/ros/jazzy/lib PYTHONPATH=/home/vincent-pc/ros2_jazzy/install/lifecycle_py/lib/python3.12/site-packages:/home/vincent-pc/ros2_jazzy/install/my_robot_interfaces/lib/python3.12/site-packages:/home/vincent-pc/ros2_jazzy/build/robot_py:/home/vincent-pc/ros2_jazzy/install/robot_py/lib/python3.12/site-packages:/home/vincent-pc/ros2_jazzy/build/my_robot_python:/home/vincent-pc/ros2_jazzy/install/my_robot_python/lib/python3.12/site-packages:/home/vincent-pc/ros2_jazzy/build/lifecycle_py:/home/vincent-pc/ros2_jazzy/build/executors_py:/home/vincent-pc/ros2_jazzy/install/executors_py/lib/python3.12/site-packages:/home/vincent-pc/ros2_jazzy/build/components_py:/home/vincent-pc/ros2_jazzy/install/components_py/lib/python3.12/site-packages:/home/vincent-pc/ros2_jazzy/build/actions_py:/home/vincent-pc/ros2_jazzy/install/actions_py/lib/python3.12/site-packages:/opt/ros/jazzy/lib/python3.12/site-packages /usr/bin/cmake --install /home/vincent-pc/ros2_jazzy/build/my_robot_bringup
[4.353s] DEBUG:colcon.colcon_core.event_handler.log_command:Invoked command in '/home/vincent-pc/ros2_jazzy/build/final_project' returned '0': CMAKE_PREFIX_PATH=/home/vincent-pc/ros2_jazzy/install/my_robot_interfaces:/home/vincent-pc/ros2_jazzy/install/robot_cpp:/home/vincent-pc/ros2_jazzy/install/my_robot_cpp:/home/vincent-pc/ros2_jazzy/install/my_robot_bringup:/home/vincent-pc/ros2_jazzy/install/lifecycle_cpp:/home/vincent-pc/ros2_jazzy/install/executors_cpp:/home/vincent-pc/ros2_jazzy/install/components_cpp:/home/vincent-pc/ros2_jazzy/install/actions_cpp:/home/vincent-pc/ros2_jazzy/install/my_robot_description:/opt/ros/jazzy/opt/gz_sim_vendor:/opt/ros/jazzy/opt/gz_sensors_vendor:/opt/ros/jazzy/opt/gz_physics_vendor:/opt/ros/jazzy/opt/sdformat_vendor:/opt/ros/jazzy/opt/gz_gui_vendor:/opt/ros/jazzy/opt/gz_transport_vendor:/opt/ros/jazzy/opt/gz_rendering_vendor:/opt/ros/jazzy/opt/gz_plugin_vendor:/opt/ros/jazzy/opt/gz_fuel_tools_vendor:/opt/ros/jazzy/opt/gz_msgs_vendor:/opt/ros/jazzy/opt/gz_common_vendor:/opt/ros/jazzy/opt/gz_math_vendor:/opt/ros/jazzy/opt/gz_utils_vendor:/opt/ros/jazzy/opt/gz_tools_vendor:/opt/ros/jazzy/opt/gz_ogre_next_vendor:/opt/ros/jazzy/opt/gz_dartsim_vendor:/opt/ros/jazzy/opt/gz_cmake_vendor:/home/vincent-pc/ros2_jazzy/install/robot_py:/home/vincent-pc/ros2_jazzy/install/my_robot_python:/home/vincent-pc/ros2_jazzy/install/lifecycle_py:/home/vincent-pc/ros2_jazzy/install/executors_py:/home/vincent-pc/ros2_jazzy/install/components_py:/home/vincent-pc/ros2_jazzy/install/actions_py:/opt/ros/jazzy DEBUGINFOD_URLS=https://debuginfod.ubuntu.com LD_LIBRARY_PATH=/home/vincent-pc/ros2_jazzy/install/my_robot_interfaces/lib:/home/vincent-pc/ros2_jazzy/install/components_cpp/lib:/opt/ros/jazzy/opt/gz_sim_vendor/lib:/opt/ros/jazzy/opt/gz_sensors_vendor/lib:/opt/ros/jazzy/opt/gz_physics_vendor/lib:/opt/ros/jazzy/opt/sdformat_vendor/lib:/opt/ros/jazzy/opt/rviz_ogre_vendor/lib:/opt/ros/jazzy/lib/x86_64-linux-gnu:/opt/ros/jazzy/opt/gz_gui_vendor/lib:/opt/ros/jazzy/opt/gz_transport_vendor/lib:/opt/ros/jazzy/opt/gz_rendering_vendor/lib:/opt/ros/jazzy/opt/gz_plugin_vendor/lib:/opt/ros/jazzy/opt/gz_fuel_tools_vendor/lib:/opt/ros/jazzy/opt/gz_msgs_vendor/lib:/opt/ros/jazzy/opt/gz_common_vendor/lib:/opt/ros/jazzy/opt/gz_math_vendor/lib:/opt/ros/jazzy/opt/gz_utils_vendor/lib:/opt/ros/jazzy/opt/gz_tools_vendor/lib:/opt/ros/jazzy/opt/gz_ogre_next_vendor/lib:/opt/ros/jazzy/opt/gz_dartsim_vendor/lib:/opt/ros/jazzy/opt/gz_cmake_vendor/lib:/opt/ros/jazzy/lib PYTHONPATH=/home/vincent-pc/ros2_jazzy/install/my_robot_interfaces/lib/python3.12/site-packages:/home/vincent-pc/ros2_jazzy/build/robot_py:/home/vincent-pc/ros2_jazzy/install/robot_py/lib/python3.12/site-packages:/home/vincent-pc/ros2_jazzy/build/my_robot_python:/home/vincent-pc/ros2_jazzy/install/my_robot_python/lib/python3.12/site-packages:/home/vincent-pc/ros2_jazzy/build/lifecycle_py:/home/vincent-pc/ros2_jazzy/install/lifecycle_py/lib/python3.12/site-packages:/home/vincent-pc/ros2_jazzy/build/executors_py:/home/vincent-pc/ros2_jazzy/install/executors_py/lib/python3.12/site-packages:/home/vincent-pc/ros2_jazzy/build/components_py:/home/vincent-pc/ros2_jazzy/install/components_py/lib/python3.12/site-packages:/home/vincent-pc/ros2_jazzy/build/actions_py:/home/vincent-pc/ros2_jazzy/install/actions_py/lib/python3.12/site-packages:/opt/ros/jazzy/lib/python3.12/site-packages /usr/bin/cmake /home/vincent-pc/ros2_jazzy/final_project -DCMAKE_INSTALL_PREFIX=/home/vincent-pc/ros2_jazzy/install/final_project
[4.354s] DEBUG:colcon.colcon_core.event_handler.log_command:Invoking command in '/home/vincent-pc/ros2_jazzy/build/final_project': CMAKE_PREFIX_PATH=/home/vincent-pc/ros2_jazzy/install/my_robot_interfaces:/home/vincent-pc/ros2_jazzy/install/robot_cpp:/home/vincent-pc/ros2_jazzy/install/my_robot_cpp:/home/vincent-pc/ros2_jazzy/install/my_robot_bringup:/home/vincent-pc/ros2_jazzy/install/lifecycle_cpp:/home/vincent-pc/ros2_jazzy/install/executors_cpp:/home/vincent-pc/ros2_jazzy/install/components_cpp:/home/vincent-pc/ros2_jazzy/install/actions_cpp:/home/vincent-pc/ros2_jazzy/install/my_robot_description:/opt/ros/jazzy/opt/gz_sim_vendor:/opt/ros/jazzy/opt/gz_sensors_vendor:/opt/ros/jazzy/opt/gz_physics_vendor:/opt/ros/jazzy/opt/sdformat_vendor:/opt/ros/jazzy/opt/gz_gui_vendor:/opt/ros/jazzy/opt/gz_transport_vendor:/opt/ros/jazzy/opt/gz_rendering_vendor:/opt/ros/jazzy/opt/gz_plugin_vendor:/opt/ros/jazzy/opt/gz_fuel_tools_vendor:/opt/ros/jazzy/opt/gz_msgs_vendor:/opt/ros/jazzy/opt/gz_common_vendor:/opt/ros/jazzy/opt/gz_math_vendor:/opt/ros/jazzy/opt/gz_utils_vendor:/opt/ros/jazzy/opt/gz_tools_vendor:/opt/ros/jazzy/opt/gz_ogre_next_vendor:/opt/ros/jazzy/opt/gz_dartsim_vendor:/opt/ros/jazzy/opt/gz_cmake_vendor:/home/vincent-pc/ros2_jazzy/install/robot_py:/home/vincent-pc/ros2_jazzy/install/my_robot_python:/home/vincent-pc/ros2_jazzy/install/lifecycle_py:/home/vincent-pc/ros2_jazzy/install/executors_py:/home/vincent-pc/ros2_jazzy/install/components_py:/home/vincent-pc/ros2_jazzy/install/actions_py:/opt/ros/jazzy DEBUGINFOD_URLS=https://debuginfod.ubuntu.com LD_LIBRARY_PATH=/home/vincent-pc/ros2_jazzy/install/my_robot_interfaces/lib:/home/vincent-pc/ros2_jazzy/install/components_cpp/lib:/opt/ros/jazzy/opt/gz_sim_vendor/lib:/opt/ros/jazzy/opt/gz_sensors_vendor/lib:/opt/ros/jazzy/opt/gz_physics_vendor/lib:/opt/ros/jazzy/opt/sdformat_vendor/lib:/opt/ros/jazzy/opt/rviz_ogre_vendor/lib:/opt/ros/jazzy/lib/x86_64-linux-gnu:/opt/ros/jazzy/opt/gz_gui_vendor/lib:/opt/ros/jazzy/opt/gz_transport_vendor/lib:/opt/ros/jazzy/opt/gz_rendering_vendor/lib:/opt/ros/jazzy/opt/gz_plugin_vendor/lib:/opt/ros/jazzy/opt/gz_fuel_tools_vendor/lib:/opt/ros/jazzy/opt/gz_msgs_vendor/lib:/opt/ros/jazzy/opt/gz_common_vendor/lib:/opt/ros/jazzy/opt/gz_math_vendor/lib:/opt/ros/jazzy/opt/gz_utils_vendor/lib:/opt/ros/jazzy/opt/gz_tools_vendor/lib:/opt/ros/jazzy/opt/gz_ogre_next_vendor/lib:/opt/ros/jazzy/opt/gz_dartsim_vendor/lib:/opt/ros/jazzy/opt/gz_cmake_vendor/lib:/opt/ros/jazzy/lib PYTHONPATH=/home/vincent-pc/ros2_jazzy/install/my_robot_interfaces/lib/python3.12/site-packages:/home/vincent-pc/ros2_jazzy/build/robot_py:/home/vincent-pc/ros2_jazzy/install/robot_py/lib/python3.12/site-packages:/home/vincent-pc/ros2_jazzy/build/my_robot_python:/home/vincent-pc/ros2_jazzy/install/my_robot_python/lib/python3.12/site-packages:/home/vincent-pc/ros2_jazzy/build/lifecycle_py:/home/vincent-pc/ros2_jazzy/install/lifecycle_py/lib/python3.12/site-packages:/home/vincent-pc/ros2_jazzy/build/executors_py:/home/vincent-pc/ros2_jazzy/install/executors_py/lib/python3.12/site-packages:/home/vincent-pc/ros2_jazzy/build/components_py:/home/vincent-pc/ros2_jazzy/install/components_py/lib/python3.12/site-packages:/home/vincent-pc/ros2_jazzy/build/actions_py:/home/vincent-pc/ros2_jazzy/install/actions_py/lib/python3.12/site-packages:/opt/ros/jazzy/lib/python3.12/site-packages /usr/bin/cmake --build /home/vincent-pc/ros2_jazzy/build/final_project -- -j8 -l8
[4.357s] Level 1:colcon.colcon_core.environment:create_environment_scripts_only(my_robot_bringup)
[4.357s] Level 1:colcon.colcon_core.environment:checking '/home/vincent-pc/ros2_jazzy/install/my_robot_bringup' for CMake module files
[4.358s] DEBUG:colcon.colcon_core.event_handler.log_command:Invoked command in '/home/vincent-pc/ros2_jazzy/build/my_robot_bringup' returned '0': AMENT_PREFIX_PATH=/home/vincent-pc/ros2_jazzy/install/lifecycle_py:/home/vincent-pc/ros2_jazzy/install/robot_py:/home/vincent-pc/ros2_jazzy/install/robot_cpp:/home/vincent-pc/ros2_jazzy/install/my_robot_python:/home/vincent-pc/ros2_jazzy/install/my_robot_cpp:/home/vincent-pc/ros2_jazzy/install/my_robot_bringup:/home/vincent-pc/ros2_jazzy/install/lifecycle_cpp:/home/vincent-pc/ros2_jazzy/install/executors_py:/home/vincent-pc/ros2_jazzy/install/executors_cpp:/home/vincent-pc/ros2_jazzy/install/components_py:/home/vincent-pc/ros2_jazzy/install/components_cpp:/home/vincent-pc/ros2_jazzy/install/actions_py:/home/vincent-pc/ros2_jazzy/install/actions_cpp:/home/vincent-pc/ros2_jazzy/install/my_robot_interfaces:/home/vincent-pc/ros2_jazzy/install/my_robot_description:/opt/ros/jazzy CMAKE_PREFIX_PATH=/home/vincent-pc/ros2_jazzy/install/lifecycle_cpp:/home/vincent-pc/ros2_jazzy/install/my_robot_interfaces:/home/vincent-pc/ros2_jazzy/install/robot_cpp:/home/vincent-pc/ros2_jazzy/install/my_robot_cpp:/home/vincent-pc/ros2_jazzy/install/my_robot_bringup:/home/vincent-pc/ros2_jazzy/install/executors_cpp:/home/vincent-pc/ros2_jazzy/install/components_cpp:/home/vincent-pc/ros2_jazzy/install/actions_cpp:/home/vincent-pc/ros2_jazzy/install/my_robot_description:/opt/ros/jazzy/opt/gz_sim_vendor:/opt/ros/jazzy/opt/gz_sensors_vendor:/opt/ros/jazzy/opt/gz_physics_vendor:/opt/ros/jazzy/opt/sdformat_vendor:/opt/ros/jazzy/opt/gz_gui_vendor:/opt/ros/jazzy/opt/gz_transport_vendor:/opt/ros/jazzy/opt/gz_rendering_vendor:/opt/ros/jazzy/opt/gz_plugin_vendor:/opt/ros/jazzy/opt/gz_fuel_tools_vendor:/opt/ros/jazzy/opt/gz_msgs_vendor:/opt/ros/jazzy/opt/gz_common_vendor:/opt/ros/jazzy/opt/gz_math_vendor:/opt/ros/jazzy/opt/gz_utils_vendor:/opt/ros/jazzy/opt/gz_tools_vendor:/opt/ros/jazzy/opt/gz_ogre_next_vendor:/opt/ros/jazzy/opt/gz_dartsim_vendor:/opt/ros/jazzy/opt/gz_cmake_vendor:/home/vincent-pc/ros2_jazzy/install/robot_py:/home/vincent-pc/ros2_jazzy/install/my_robot_python:/home/vincent-pc/ros2_jazzy/install/lifecycle_py:/home/vincent-pc/ros2_jazzy/install/executors_py:/home/vincent-pc/ros2_jazzy/install/components_py:/home/vincent-pc/ros2_jazzy/install/actions_py:/opt/ros/jazzy DEBUGINFOD_URLS=https://debuginfod.ubuntu.com LD_LIBRARY_PATH=/home/vincent-pc/ros2_jazzy/install/my_robot_interfaces/lib:/home/vincent-pc/ros2_jazzy/install/components_cpp/lib:/opt/ros/jazzy/opt/gz_sim_vendor/lib:/opt/ros/jazzy/opt/gz_sensors_vendor/lib:/opt/ros/jazzy/opt/gz_physics_vendor/lib:/opt/ros/jazzy/opt/sdformat_vendor/lib:/opt/ros/jazzy/opt/rviz_ogre_vendor/lib:/opt/ros/jazzy/lib/x86_64-linux-gnu:/opt/ros/jazzy/opt/gz_gui_vendor/lib:/opt/ros/jazzy/opt/gz_transport_vendor/lib:/opt/ros/jazzy/opt/gz_rendering_vendor/lib:/opt/ros/jazzy/opt/gz_plugin_vendor/lib:/opt/ros/jazzy/opt/gz_fuel_tools_vendor/lib:/opt/ros/jazzy/opt/gz_msgs_vendor/lib:/opt/ros/jazzy/opt/gz_common_vendor/lib:/opt/ros/jazzy/opt/gz_math_vendor/lib:/opt/ros/jazzy/opt/gz_utils_vendor/lib:/opt/ros/jazzy/opt/gz_tools_vendor/lib:/opt/ros/jazzy/opt/gz_ogre_next_vendor/lib:/opt/ros/jazzy/opt/gz_dartsim_vendor/lib:/opt/ros/jazzy/opt/gz_cmake_vendor/lib:/opt/ros/jazzy/lib PYTHONPATH=/home/vincent-pc/ros2_jazzy/install/lifecycle_py/lib/python3.12/site-packages:/home/vincent-pc/ros2_jazzy/install/my_robot_interfaces/lib/python3.12/site-packages:/home/vincent-pc/ros2_jazzy/build/robot_py:/home/vincent-pc/ros2_jazzy/install/robot_py/lib/python3.12/site-packages:/home/vincent-pc/ros2_jazzy/build/my_robot_python:/home/vincent-pc/ros2_jazzy/install/my_robot_python/lib/python3.12/site-packages:/home/vincent-pc/ros2_jazzy/build/lifecycle_py:/home/vincent-pc/ros2_jazzy/build/executors_py:/home/vincent-pc/ros2_jazzy/install/executors_py/lib/python3.12/site-packages:/home/vincent-pc/ros2_jazzy/build/components_py:/home/vincent-pc/ros2_jazzy/install/components_py/lib/python3.12/site-packages:/home/vincent-pc/ros2_jazzy/build/actions_py:/home/vincent-pc/ros2_jazzy/install/actions_py/lib/python3.12/site-packages:/opt/ros/jazzy/lib/python3.12/site-packages /usr/bin/cmake --install /home/vincent-pc/ros2_jazzy/build/my_robot_bringup
[4.358s] Level 1:colcon.colcon_core.environment:checking '/home/vincent-pc/ros2_jazzy/install/my_robot_bringup' for CMake config files
[4.358s] Level 1:colcon.colcon_core.shell:create_environment_hook('my_robot_bringup', 'cmake_prefix_path')
[4.358s] INFO:colcon.colcon_core.shell:Creating environment hook '/home/vincent-pc/ros2_jazzy/install/my_robot_bringup/share/my_robot_bringup/hook/cmake_prefix_path.ps1'
[4.359s] INFO:colcon.colcon_core.shell:Creating environment descriptor '/home/vincent-pc/ros2_jazzy/install/my_robot_bringup/share/my_robot_bringup/hook/cmake_prefix_path.dsv'
[4.359s] INFO:colcon.colcon_core.shell:Creating environment hook '/home/vincent-pc/ros2_jazzy/install/my_robot_bringup/share/my_robot_bringup/hook/cmake_prefix_path.sh'
[4.360s] Level 1:colcon.colcon_core.environment:checking '/home/vincent-pc/ros2_jazzy/install/my_robot_bringup/bin'
[4.360s] Level 1:colcon.colcon_core.environment:checking '/home/vincent-pc/ros2_jazzy/install/my_robot_bringup/lib/pkgconfig/my_robot_bringup.pc'
[4.360s] Level 1:colcon.colcon_core.environment:checking '/home/vincent-pc/ros2_jazzy/install/my_robot_bringup/lib/python3.12/site-packages'
[4.360s] Level 1:colcon.colcon_core.environment:checking '/home/vincent-pc/ros2_jazzy/install/my_robot_bringup/bin'
[4.361s] INFO:colcon.colcon_core.shell:Creating package script '/home/vincent-pc/ros2_jazzy/install/my_robot_bringup/share/my_robot_bringup/package.ps1'
[4.361s] INFO:colcon.colcon_core.shell:Creating package descriptor '/home/vincent-pc/ros2_jazzy/install/my_robot_bringup/share/my_robot_bringup/package.dsv'
[4.361s] INFO:colcon.colcon_core.shell:Creating package script '/home/vincent-pc/ros2_jazzy/install/my_robot_bringup/share/my_robot_bringup/package.sh'
[4.362s] INFO:colcon.colcon_core.shell:Creating package script '/home/vincent-pc/ros2_jazzy/install/my_robot_bringup/share/my_robot_bringup/package.bash'
[4.363s] INFO:colcon.colcon_core.shell:Creating package script '/home/vincent-pc/ros2_jazzy/install/my_robot_bringup/share/my_robot_bringup/package.zsh'
[4.363s] Level 1:colcon.colcon_core.environment:create_file_with_runtime_dependencies(/home/vincent-pc/ros2_jazzy/install/my_robot_bringup/share/colcon-core/packages/my_robot_bringup)
[4.364s] Level 1:colcon.colcon_core.environment:create_environment_scripts_only(my_robot_bringup)
[4.364s] Level 1:colcon.colcon_core.environment:checking '/home/vincent-pc/ros2_jazzy/install/my_robot_bringup' for CMake module files
[4.365s] Level 1:colcon.colcon_core.environment:checking '/home/vincent-pc/ros2_jazzy/install/my_robot_bringup' for CMake config files
[4.365s] Level 1:colcon.colcon_core.shell:create_environment_hook('my_robot_bringup', 'cmake_prefix_path')
[4.365s] INFO:colcon.colcon_core.shell:Creating environment hook '/home/vincent-pc/ros2_jazzy/install/my_robot_bringup/share/my_robot_bringup/hook/cmake_prefix_path.ps1'
[4.366s] INFO:colcon.colcon_core.shell:Creating environment descriptor '/home/vincent-pc/ros2_jazzy/install/my_robot_bringup/share/my_robot_bringup/hook/cmake_prefix_path.dsv'
[4.366s] INFO:colcon.colcon_core.shell:Creating environment hook '/home/vincent-pc/ros2_jazzy/install/my_robot_bringup/share/my_robot_bringup/hook/cmake_prefix_path.sh'
[4.367s] Level 1:colcon.colcon_core.environment:checking '/home/vincent-pc/ros2_jazzy/install/my_robot_bringup/bin'
[4.367s] Level 1:colcon.colcon_core.environment:checking '/home/vincent-pc/ros2_jazzy/install/my_robot_bringup/lib/pkgconfig/my_robot_bringup.pc'
[4.367s] Level 1:colcon.colcon_core.environment:checking '/home/vincent-pc/ros2_jazzy/install/my_robot_bringup/lib/python3.12/site-packages'
[4.368s] Level 1:colcon.colcon_core.environment:checking '/home/vincent-pc/ros2_jazzy/install/my_robot_bringup/bin'
[4.368s] INFO:colcon.colcon_core.shell:Creating package script '/home/vincent-pc/ros2_jazzy/install/my_robot_bringup/share/my_robot_bringup/package.ps1'
[4.368s] INFO:colcon.colcon_core.shell:Creating package descriptor '/home/vincent-pc/ros2_jazzy/install/my_robot_bringup/share/my_robot_bringup/package.dsv'
[4.369s] INFO:colcon.colcon_core.shell:Creating package script '/home/vincent-pc/ros2_jazzy/install/my_robot_bringup/share/my_robot_bringup/package.sh'
[4.369s] INFO:colcon.colcon_core.shell:Creating package script '/home/vincent-pc/ros2_jazzy/install/my_robot_bringup/share/my_robot_bringup/package.bash'
[4.370s] INFO:colcon.colcon_core.shell:Creating package script '/home/vincent-pc/ros2_jazzy/install/my_robot_bringup/share/my_robot_bringup/package.zsh'
[4.370s] Level 1:colcon.colcon_core.environment:create_file_with_runtime_dependencies(/home/vincent-pc/ros2_jazzy/install/my_robot_bringup/share/colcon-core/packages/my_robot_bringup)
[4.658s] Level 1:colcon.colcon_core.environment:checking '/home/vincent-pc/ros2_jazzy/install/executors_py' for CMake module files
[4.659s] DEBUG:colcon.colcon_core.event_handler.log_command:Invoked command in '/home/vincent-pc/ros2_jazzy/src/executors_py' returned '0': CMAKE_PREFIX_PATH=/home/vincent-pc/ros2_jazzy/install/my_robot_interfaces:/home/vincent-pc/ros2_jazzy/install/robot_cpp:/home/vincent-pc/ros2_jazzy/install/my_robot_cpp:/home/vincent-pc/ros2_jazzy/install/my_robot_bringup:/home/vincent-pc/ros2_jazzy/install/lifecycle_cpp:/home/vincent-pc/ros2_jazzy/install/executors_cpp:/home/vincent-pc/ros2_jazzy/install/components_cpp:/home/vincent-pc/ros2_jazzy/install/actions_cpp:/home/vincent-pc/ros2_jazzy/install/my_robot_description:/opt/ros/jazzy/opt/gz_sim_vendor:/opt/ros/jazzy/opt/gz_sensors_vendor:/opt/ros/jazzy/opt/gz_physics_vendor:/opt/ros/jazzy/opt/sdformat_vendor:/opt/ros/jazzy/opt/gz_gui_vendor:/opt/ros/jazzy/opt/gz_transport_vendor:/opt/ros/jazzy/opt/gz_rendering_vendor:/opt/ros/jazzy/opt/gz_plugin_vendor:/opt/ros/jazzy/opt/gz_fuel_tools_vendor:/opt/ros/jazzy/opt/gz_msgs_vendor:/opt/ros/jazzy/opt/gz_common_vendor:/opt/ros/jazzy/opt/gz_math_vendor:/opt/ros/jazzy/opt/gz_utils_vendor:/opt/ros/jazzy/opt/gz_tools_vendor:/opt/ros/jazzy/opt/gz_ogre_next_vendor:/opt/ros/jazzy/opt/gz_dartsim_vendor:/opt/ros/jazzy/opt/gz_cmake_vendor DEBUGINFOD_URLS=https://debuginfod.ubuntu.com LD_LIBRARY_PATH=/home/vincent-pc/ros2_jazzy/install/my_robot_interfaces/lib:/home/vincent-pc/ros2_jazzy/install/components_cpp/lib:/opt/ros/jazzy/opt/gz_sim_vendor/lib:/opt/ros/jazzy/opt/gz_sensors_vendor/lib:/opt/ros/jazzy/opt/gz_physics_vendor/lib:/opt/ros/jazzy/opt/sdformat_vendor/lib:/opt/ros/jazzy/opt/rviz_ogre_vendor/lib:/opt/ros/jazzy/lib/x86_64-linux-gnu:/opt/ros/jazzy/opt/gz_gui_vendor/lib:/opt/ros/jazzy/opt/gz_transport_vendor/lib:/opt/ros/jazzy/opt/gz_rendering_vendor/lib:/opt/ros/jazzy/opt/gz_plugin_vendor/lib:/opt/ros/jazzy/opt/gz_fuel_tools_vendor/lib:/opt/ros/jazzy/opt/gz_msgs_vendor/lib:/opt/ros/jazzy/opt/gz_common_vendor/lib:/opt/ros/jazzy/opt/gz_math_vendor/lib:/opt/ros/jazzy/opt/gz_utils_vendor/lib:/opt/ros/jazzy/opt/gz_tools_vendor/lib:/opt/ros/jazzy/opt/gz_ogre_next_vendor/lib:/opt/ros/jazzy/opt/gz_dartsim_vendor/lib:/opt/ros/jazzy/opt/gz_cmake_vendor/lib:/opt/ros/jazzy/lib PYTHONPATH=/home/vincent-pc/ros2_jazzy/build/executors_py/prefix_override:/usr/lib/python3/dist-packages/colcon_core/task/python/colcon_distutils_commands:/home/vincent-pc/ros2_jazzy/install/executors_py/lib/python3.12/site-packages:/home/vincent-pc/ros2_jazzy/install/my_robot_interfaces/lib/python3.12/site-packages:/home/vincent-pc/ros2_jazzy/build/robot_py:/home/vincent-pc/ros2_jazzy/install/robot_py/lib/python3.12/site-packages:/home/vincent-pc/ros2_jazzy/build/my_robot_python:/home/vincent-pc/ros2_jazzy/install/my_robot_python/lib/python3.12/site-packages:/home/vincent-pc/ros2_jazzy/build/lifecycle_py:/home/vincent-pc/ros2_jazzy/install/lifecycle_py/lib/python3.12/site-packages:/home/vincent-pc/ros2_jazzy/build/executors_py:/home/vincent-pc/ros2_jazzy/install/executors_py/lib/python3.12/site-packages:/home/vincent-pc/ros2_jazzy/build/components_py:/home/vincent-pc/ros2_jazzy/install/components_py/lib/python3.12/site-packages:/home/vincent-pc/ros2_jazzy/build/actions_py:/home/vincent-pc/ros2_jazzy/install/actions_py/lib/python3.12/site-packages:/opt/ros/jazzy/lib/python3.12/site-packages /usr/bin/python3 -W ignore:setup.py install is deprecated -W ignore:easy_install command is deprecated setup.py egg_info --egg-base ../../build/executors_py build --build-base /home/vincent-pc/ros2_jazzy/build/executors_py/build install --record /home/vincent-pc/ros2_jazzy/build/executors_py/install.log --single-version-externally-managed install_data
[4.659s] Level 1:colcon.colcon_core.environment:checking '/home/vincent-pc/ros2_jazzy/install/executors_py' for CMake config files
[4.660s] Level 1:colcon.colcon_core.environment:checking '/home/vincent-pc/ros2_jazzy/install/executors_py/lib'
[4.660s] Level 1:colcon.colcon_core.environment:checking '/home/vincent-pc/ros2_jazzy/install/executors_py/bin'
[4.660s] Level 1:colcon.colcon_core.environment:checking '/home/vincent-pc/ros2_jazzy/install/executors_py/lib/pkgconfig/executors_py.pc'
[4.660s] Level 1:colcon.colcon_core.environment:checking '/home/vincent-pc/ros2_jazzy/install/executors_py/lib/python3.12/site-packages'
[4.660s] Level 1:colcon.colcon_core.shell:create_environment_hook('executors_py', 'pythonpath')
[4.661s] INFO:colcon.colcon_core.shell:Creating environment hook '/home/vincent-pc/ros2_jazzy/install/executors_py/share/executors_py/hook/pythonpath.ps1'
[4.661s] INFO:colcon.colcon_core.shell:Creating environment descriptor '/home/vincent-pc/ros2_jazzy/install/executors_py/share/executors_py/hook/pythonpath.dsv'
[4.662s] INFO:colcon.colcon_core.shell:Creating environment hook '/home/vincent-pc/ros2_jazzy/install/executors_py/share/executors_py/hook/pythonpath.sh'
[4.663s] Level 1:colcon.colcon_core.environment:checking '/home/vincent-pc/ros2_jazzy/install/executors_py/bin'
[4.663s] Level 1:colcon.colcon_core.environment:create_environment_scripts_only(executors_py)
[4.663s] INFO:colcon.colcon_core.shell:Creating package script '/home/vincent-pc/ros2_jazzy/install/executors_py/share/executors_py/package.ps1'
[4.664s] INFO:colcon.colcon_core.shell:Creating package descriptor '/home/vincent-pc/ros2_jazzy/install/executors_py/share/executors_py/package.dsv'
[4.665s] INFO:colcon.colcon_core.shell:Creating package script '/home/vincent-pc/ros2_jazzy/install/executors_py/share/executors_py/package.sh'
[4.665s] INFO:colcon.colcon_core.shell:Creating package script '/home/vincent-pc/ros2_jazzy/install/executors_py/share/executors_py/package.bash'
[4.666s] INFO:colcon.colcon_core.shell:Creating package script '/home/vincent-pc/ros2_jazzy/install/executors_py/share/executors_py/package.zsh'
[4.666s] Level 1:colcon.colcon_core.environment:create_file_with_runtime_dependencies(/home/vincent-pc/ros2_jazzy/install/executors_py/share/colcon-core/packages/executors_py)
[7.706s] DEBUG:colcon.colcon_core.event_handler.log_command:Invoked command in '/home/vincent-pc/ros2_jazzy/build/final_project' returned '2': CMAKE_PREFIX_PATH=/home/vincent-pc/ros2_jazzy/install/my_robot_interfaces:/home/vincent-pc/ros2_jazzy/install/robot_cpp:/home/vincent-pc/ros2_jazzy/install/my_robot_cpp:/home/vincent-pc/ros2_jazzy/install/my_robot_bringup:/home/vincent-pc/ros2_jazzy/install/lifecycle_cpp:/home/vincent-pc/ros2_jazzy/install/executors_cpp:/home/vincent-pc/ros2_jazzy/install/components_cpp:/home/vincent-pc/ros2_jazzy/install/actions_cpp:/home/vincent-pc/ros2_jazzy/install/my_robot_description:/opt/ros/jazzy/opt/gz_sim_vendor:/opt/ros/jazzy/opt/gz_sensors_vendor:/opt/ros/jazzy/opt/gz_physics_vendor:/opt/ros/jazzy/opt/sdformat_vendor:/opt/ros/jazzy/opt/gz_gui_vendor:/opt/ros/jazzy/opt/gz_transport_vendor:/opt/ros/jazzy/opt/gz_rendering_vendor:/opt/ros/jazzy/opt/gz_plugin_vendor:/opt/ros/jazzy/opt/gz_fuel_tools_vendor:/opt/ros/jazzy/opt/gz_msgs_vendor:/opt/ros/jazzy/opt/gz_common_vendor:/opt/ros/jazzy/opt/gz_math_vendor:/opt/ros/jazzy/opt/gz_utils_vendor:/opt/ros/jazzy/opt/gz_tools_vendor:/opt/ros/jazzy/opt/gz_ogre_next_vendor:/opt/ros/jazzy/opt/gz_dartsim_vendor:/opt/ros/jazzy/opt/gz_cmake_vendor:/home/vincent-pc/ros2_jazzy/install/robot_py:/home/vincent-pc/ros2_jazzy/install/my_robot_python:/home/vincent-pc/ros2_jazzy/install/lifecycle_py:/home/vincent-pc/ros2_jazzy/install/executors_py:/home/vincent-pc/ros2_jazzy/install/components_py:/home/vincent-pc/ros2_jazzy/install/actions_py:/opt/ros/jazzy DEBUGINFOD_URLS=https://debuginfod.ubuntu.com LD_LIBRARY_PATH=/home/vincent-pc/ros2_jazzy/install/my_robot_interfaces/lib:/home/vincent-pc/ros2_jazzy/install/components_cpp/lib:/opt/ros/jazzy/opt/gz_sim_vendor/lib:/opt/ros/jazzy/opt/gz_sensors_vendor/lib:/opt/ros/jazzy/opt/gz_physics_vendor/lib:/opt/ros/jazzy/opt/sdformat_vendor/lib:/opt/ros/jazzy/opt/rviz_ogre_vendor/lib:/opt/ros/jazzy/lib/x86_64-linux-gnu:/opt/ros/jazzy/opt/gz_gui_vendor/lib:/opt/ros/jazzy/opt/gz_transport_vendor/lib:/opt/ros/jazzy/opt/gz_rendering_vendor/lib:/opt/ros/jazzy/opt/gz_plugin_vendor/lib:/opt/ros/jazzy/opt/gz_fuel_tools_vendor/lib:/opt/ros/jazzy/opt/gz_msgs_vendor/lib:/opt/ros/jazzy/opt/gz_common_vendor/lib:/opt/ros/jazzy/opt/gz_math_vendor/lib:/opt/ros/jazzy/opt/gz_utils_vendor/lib:/opt/ros/jazzy/opt/gz_tools_vendor/lib:/opt/ros/jazzy/opt/gz_ogre_next_vendor/lib:/opt/ros/jazzy/opt/gz_dartsim_vendor/lib:/opt/ros/jazzy/opt/gz_cmake_vendor/lib:/opt/ros/jazzy/lib PYTHONPATH=/home/vincent-pc/ros2_jazzy/install/my_robot_interfaces/lib/python3.12/site-packages:/home/vincent-pc/ros2_jazzy/build/robot_py:/home/vincent-pc/ros2_jazzy/install/robot_py/lib/python3.12/site-packages:/home/vincent-pc/ros2_jazzy/build/my_robot_python:/home/vincent-pc/ros2_jazzy/install/my_robot_python/lib/python3.12/site-packages:/home/vincent-pc/ros2_jazzy/build/lifecycle_py:/home/vincent-pc/ros2_jazzy/install/lifecycle_py/lib/python3.12/site-packages:/home/vincent-pc/ros2_jazzy/build/executors_py:/home/vincent-pc/ros2_jazzy/install/executors_py/lib/python3.12/site-packages:/home/vincent-pc/ros2_jazzy/build/components_py:/home/vincent-pc/ros2_jazzy/install/components_py/lib/python3.12/site-packages:/home/vincent-pc/ros2_jazzy/build/actions_py:/home/vincent-pc/ros2_jazzy/install/actions_py/lib/python3.12/site-packages:/opt/ros/jazzy/lib/python3.12/site-packages /usr/bin/cmake --build /home/vincent-pc/ros2_jazzy/build/final_project -- -j8 -l8
[7.706s] Level 1:colcon.colcon_core.environment:create_environment_scripts_only(final_project)
[7.706s] Level 1:colcon.colcon_core.environment:checking '/home/vincent-pc/ros2_jazzy/install/final_project' for CMake module files
[7.707s] Level 1:colcon.colcon_core.environment:checking '/home/vincent-pc/ros2_jazzy/install/final_project' for CMake config files
[7.707s] Level 1:colcon.colcon_core.environment:checking '/home/vincent-pc/ros2_jazzy/install/final_project/bin'
[7.707s] Level 1:colcon.colcon_core.environment:checking '/home/vincent-pc/ros2_jazzy/install/final_project/lib/pkgconfig/final_project.pc'
[7.707s] Level 1:colcon.colcon_core.environment:checking '/home/vincent-pc/ros2_jazzy/install/final_project/lib/python3.12/site-packages'
[7.707s] Level 1:colcon.colcon_core.environment:checking '/home/vincent-pc/ros2_jazzy/install/final_project/bin'
[7.708s] INFO:colcon.colcon_core.shell:Creating package script '/home/vincent-pc/ros2_jazzy/install/final_project/share/final_project/package.ps1'
[7.708s] INFO:colcon.colcon_core.shell:Creating package descriptor '/home/vincent-pc/ros2_jazzy/install/final_project/share/final_project/package.dsv'
[7.708s] INFO:colcon.colcon_core.shell:Creating package script '/home/vincent-pc/ros2_jazzy/install/final_project/share/final_project/package.sh'
[7.709s] INFO:colcon.colcon_core.shell:Creating package script '/home/vincent-pc/ros2_jazzy/install/final_project/share/final_project/package.bash'
[7.709s] INFO:colcon.colcon_core.shell:Creating package script '/home/vincent-pc/ros2_jazzy/install/final_project/share/final_project/package.zsh'
[7.709s] Level 1:colcon.colcon_core.environment:create_file_with_runtime_dependencies(/home/vincent-pc/ros2_jazzy/install/final_project/share/colcon-core/packages/final_project)
[7.720s] DEBUG:colcon.colcon_parallel_executor.executor.parallel:closing loop
[7.720s] DEBUG:colcon.colcon_parallel_executor.executor.parallel:loop closed
[7.720s] DEBUG:colcon.colcon_parallel_executor.executor.parallel:run_until_complete finished with '2'
[7.720s] DEBUG:colcon.colcon_core.event_reactor:joining thread
[7.726s] INFO:colcon.colcon_core.plugin_system:Skipping extension 'colcon_notification.desktop_notification.terminal_notifier': Not used on non-Darwin systems
[7.726s] INFO:colcon.colcon_core.plugin_system:Skipping extension 'colcon_notification.desktop_notification.win32': Not used on non-Windows systems
[7.726s] INFO:colcon.colcon_notification.desktop_notification:Sending desktop notification using 'notify2'
[7.740s] DEBUG:colcon.colcon_core.event_reactor:joined thread
[7.741s] INFO:colcon.colcon_core.shell:Creating prefix script '/home/vincent-pc/ros2_jazzy/install/local_setup.ps1'
[7.742s] INFO:colcon.colcon_core.shell:Creating prefix util module '/home/vincent-pc/ros2_jazzy/install/_local_setup_util_ps1.py'
[7.744s] INFO:colcon.colcon_core.shell:Creating prefix chain script '/home/vincent-pc/ros2_jazzy/install/setup.ps1'
[7.747s] INFO:colcon.colcon_core.shell:Creating prefix script '/home/vincent-pc/ros2_jazzy/install/local_setup.sh'
[7.747s] INFO:colcon.colcon_core.shell:Creating prefix util module '/home/vincent-pc/ros2_jazzy/install/_local_setup_util_sh.py'
[7.748s] INFO:colcon.colcon_core.shell:Creating prefix chain script '/home/vincent-pc/ros2_jazzy/install/setup.sh'
[7.750s] INFO:colcon.colcon_core.shell:Creating prefix script '/home/vincent-pc/ros2_jazzy/install/local_setup.bash'
[7.751s] INFO:colcon.colcon_core.shell:Creating prefix chain script '/home/vincent-pc/ros2_jazzy/install/setup.bash'
[7.752s] INFO:colcon.colcon_core.shell:Creating prefix script '/home/vincent-pc/ros2_jazzy/install/local_setup.zsh'
[7.752s] INFO:colcon.colcon_core.shell:Creating prefix chain script '/home/vincent-pc/ros2_jazzy/install/setup.zsh'
