[0.538s] DEBUG:colcon:Command line arguments: ['/usr/bin/colcon', 'build', '--symlink-install']
[0.538s] DEBUG:colcon:Parsed command line arguments: Namespace(log_base=None, log_level=None, verb_name='build', build_base='build', install_base='install', merge_install=False, symlink_install=True, test_result_base=None, continue_on_error=False, executor='parallel', parallel_workers=8, event_handlers=None, ignore_user_meta=False, metas=['./colcon.meta'], base_paths=['.'], packages_ignore=None, packages_ignore_regex=None, paths=None, packages_up_to=None, packages_up_to_regex=None, packages_above=None, packages_above_and_dependencies=None, packages_above_depth=None, packages_select_by_dep=None, packages_skip_by_dep=None, packages_skip_up_to=None, packages_select_build_failed=False, packages_skip_build_finished=False, packages_select_test_failures=False, packages_skip_test_passed=False, packages_select=None, packages_skip=None, packages_select_regex=None, packages_skip_regex=None, packages_start=None, packages_end=None, allow_overriding=[], cmake_args=None, cmake_target=None, cmake_target_skip_unavailable=False, cmake_clean_cache=False, cmake_clean_first=False, cmake_force_configure=False, ament_cmake_args=None, catkin_cmake_args=None, catkin_skip_building_tests=False, mixin_files=None, mixin=None, verb_parser=<colcon_mixin.mixin.mixin_argument.MixinArgumentDecorator object at 0x799a1ce919d0>, verb_extension=<colcon_core.verb.build.BuildVerb object at 0x799a1cfca060>, main=<bound method BuildVerb.main of <colcon_core.verb.build.BuildVerb object at 0x799a1cfca060>>, mixin_verb=('build',))
[0.717s] Level 1:colcon.colcon_core.package_discovery:discover_packages(colcon_meta) check parameters
[0.718s] Level 1:colcon.colcon_core.package_discovery:discover_packages(recursive) check parameters
[0.718s] Level 1:colcon.colcon_core.package_discovery:discover_packages(ignore) check parameters
[0.718s] Level 1:colcon.colcon_core.package_discovery:discover_packages(path) check parameters
[0.718s] Level 1:colcon.colcon_core.package_discovery:discover_packages(colcon_meta) discover
[0.719s] Level 1:colcon.colcon_core.package_discovery:discover_packages(recursive) discover
[0.719s] INFO:colcon.colcon_core.package_discovery:Crawling recursively for packages in '/home/vincent-pc/ros2_jazzy'
[0.719s] Level 1:colcon.colcon_core.package_identification:_identify(.) by extensions ['ignore', 'ignore_ament_install']
[0.719s] Level 1:colcon.colcon_core.package_identification:_identify(.) by extension 'ignore'
[0.720s] Level 1:colcon.colcon_core.package_identification:_identify(.) by extension 'ignore_ament_install'
[0.720s] Level 1:colcon.colcon_core.package_identification:_identify(.) by extensions ['colcon_pkg']
[0.720s] Level 1:colcon.colcon_core.package_identification:_identify(.) by extension 'colcon_pkg'
[0.721s] Level 1:colcon.colcon_core.package_identification:_identify(.) by extensions ['colcon_meta']
[0.721s] Level 1:colcon.colcon_core.package_identification:_identify(.) by extension 'colcon_meta'
[0.721s] Level 1:colcon.colcon_core.package_identification:_identify(.) by extensions ['ros']
[0.721s] Level 1:colcon.colcon_core.package_identification:_identify(.) by extension 'ros'
[0.803s] Level 1:colcon.colcon_core.package_identification:_identify(.) by extensions ['cmake', 'python']
[0.803s] Level 1:colcon.colcon_core.package_identification:_identify(.) by extension 'cmake'
[0.803s] Level 1:colcon.colcon_core.package_identification:_identify(.) by extension 'python'
[0.803s] Level 1:colcon.colcon_core.package_identification:_identify(.) by extensions ['python_setup_py']
[0.804s] Level 1:colcon.colcon_core.package_identification:_identify(.) by extension 'python_setup_py'
[0.804s] Level 1:colcon.colcon_core.package_identification:_identify(build) by extensions ['ignore', 'ignore_ament_install']
[0.804s] Level 1:colcon.colcon_core.package_identification:_identify(build) by extension 'ignore'
[0.804s] Level 1:colcon.colcon_core.package_identification:_identify(build) ignored
[0.805s] Level 1:colcon.colcon_core.package_identification:_identify(install) by extensions ['ignore', 'ignore_ament_install']
[0.805s] Level 1:colcon.colcon_core.package_identification:_identify(install) by extension 'ignore'
[0.805s] Level 1:colcon.colcon_core.package_identification:_identify(install) ignored
[0.806s] Level 1:colcon.colcon_core.package_identification:_identify(log) by extensions ['ignore', 'ignore_ament_install']
[0.806s] Level 1:colcon.colcon_core.package_identification:_identify(log) by extension 'ignore'
[0.807s] Level 1:colcon.colcon_core.package_identification:_identify(log) ignored
[0.807s] Level 1:colcon.colcon_core.package_identification:_identify(py_controllers) by extensions ['ignore', 'ignore_ament_install']
[0.807s] Level 1:colcon.colcon_core.package_identification:_identify(py_controllers) by extension 'ignore'
[0.808s] Level 1:colcon.colcon_core.package_identification:_identify(py_controllers) by extension 'ignore_ament_install'
[0.808s] Level 1:colcon.colcon_core.package_identification:_identify(py_controllers) by extensions ['colcon_pkg']
[0.809s] Level 1:colcon.colcon_core.package_identification:_identify(py_controllers) by extension 'colcon_pkg'
[0.809s] Level 1:colcon.colcon_core.package_identification:_identify(py_controllers) by extensions ['colcon_meta']
[0.809s] Level 1:colcon.colcon_core.package_identification:_identify(py_controllers) by extension 'colcon_meta'
[0.809s] Level 1:colcon.colcon_core.package_identification:_identify(py_controllers) by extensions ['ros']
[0.809s] Level 1:colcon.colcon_core.package_identification:_identify(py_controllers) by extension 'ros'
[0.810s] Level 1:colcon.colcon_core.package_identification:_identify(py_controllers) by extensions ['cmake', 'python']
[0.810s] Level 1:colcon.colcon_core.package_identification:_identify(py_controllers) by extension 'cmake'
[0.810s] Level 1:colcon.colcon_core.package_identification:_identify(py_controllers) by extension 'python'
[0.810s] Level 1:colcon.colcon_core.package_identification:_identify(py_controllers) by extensions ['python_setup_py']
[0.810s] Level 1:colcon.colcon_core.package_identification:_identify(py_controllers) by extension 'python_setup_py'
[0.810s] Level 1:colcon.colcon_core.package_identification:_identify(shapes) by extensions ['ignore', 'ignore_ament_install']
[0.811s] Level 1:colcon.colcon_core.package_identification:_identify(shapes) by extension 'ignore'
[0.811s] Level 1:colcon.colcon_core.package_identification:_identify(shapes) by extension 'ignore_ament_install'
[0.811s] Level 1:colcon.colcon_core.package_identification:_identify(shapes) by extensions ['colcon_pkg']
[0.811s] Level 1:colcon.colcon_core.package_identification:_identify(shapes) by extension 'colcon_pkg'
[0.811s] Level 1:colcon.colcon_core.package_identification:_identify(shapes) by extensions ['colcon_meta']
[0.812s] Level 1:colcon.colcon_core.package_identification:_identify(shapes) by extension 'colcon_meta'
[0.812s] Level 1:colcon.colcon_core.package_identification:_identify(shapes) by extensions ['ros']
[0.812s] Level 1:colcon.colcon_core.package_identification:_identify(shapes) by extension 'ros'
[0.812s] Level 1:colcon.colcon_core.package_identification:_identify(shapes) by extensions ['cmake', 'python']
[0.813s] Level 1:colcon.colcon_core.package_identification:_identify(shapes) by extension 'cmake'
[0.813s] Level 1:colcon.colcon_core.package_identification:_identify(shapes) by extension 'python'
[0.813s] Level 1:colcon.colcon_core.package_identification:_identify(shapes) by extensions ['python_setup_py']
[0.813s] Level 1:colcon.colcon_core.package_identification:_identify(shapes) by extension 'python_setup_py'
[0.814s] Level 1:colcon.colcon_core.package_identification:_identify(shapes/meshes) by extensions ['ignore', 'ignore_ament_install']
[0.814s] Level 1:colcon.colcon_core.package_identification:_identify(shapes/meshes) by extension 'ignore'
[0.814s] Level 1:colcon.colcon_core.package_identification:_identify(shapes/meshes) by extension 'ignore_ament_install'
[0.815s] Level 1:colcon.colcon_core.package_identification:_identify(shapes/meshes) by extensions ['colcon_pkg']
[0.815s] Level 1:colcon.colcon_core.package_identification:_identify(shapes/meshes) by extension 'colcon_pkg'
[0.815s] Level 1:colcon.colcon_core.package_identification:_identify(shapes/meshes) by extensions ['colcon_meta']
[0.815s] Level 1:colcon.colcon_core.package_identification:_identify(shapes/meshes) by extension 'colcon_meta'
[0.815s] Level 1:colcon.colcon_core.package_identification:_identify(shapes/meshes) by extensions ['ros']
[0.815s] Level 1:colcon.colcon_core.package_identification:_identify(shapes/meshes) by extension 'ros'
[0.816s] Level 1:colcon.colcon_core.package_identification:_identify(shapes/meshes) by extensions ['cmake', 'python']
[0.816s] Level 1:colcon.colcon_core.package_identification:_identify(shapes/meshes) by extension 'cmake'
[0.816s] Level 1:colcon.colcon_core.package_identification:_identify(shapes/meshes) by extension 'python'
[0.816s] Level 1:colcon.colcon_core.package_identification:_identify(shapes/meshes) by extensions ['python_setup_py']
[0.816s] Level 1:colcon.colcon_core.package_identification:_identify(shapes/meshes) by extension 'python_setup_py'
[0.816s] Level 1:colcon.colcon_core.package_identification:_identify(src) by extensions ['ignore', 'ignore_ament_install']
[0.817s] Level 1:colcon.colcon_core.package_identification:_identify(src) by extension 'ignore'
[0.817s] Level 1:colcon.colcon_core.package_identification:_identify(src) by extension 'ignore_ament_install'
[0.817s] Level 1:colcon.colcon_core.package_identification:_identify(src) by extensions ['colcon_pkg']
[0.817s] Level 1:colcon.colcon_core.package_identification:_identify(src) by extension 'colcon_pkg'
[0.817s] Level 1:colcon.colcon_core.package_identification:_identify(src) by extensions ['colcon_meta']
[0.818s] Level 1:colcon.colcon_core.package_identification:_identify(src) by extension 'colcon_meta'
[0.818s] Level 1:colcon.colcon_core.package_identification:_identify(src) by extensions ['ros']
[0.818s] Level 1:colcon.colcon_core.package_identification:_identify(src) by extension 'ros'
[0.818s] Level 1:colcon.colcon_core.package_identification:_identify(src) by extensions ['cmake', 'python']
[0.818s] Level 1:colcon.colcon_core.package_identification:_identify(src) by extension 'cmake'
[0.818s] Level 1:colcon.colcon_core.package_identification:_identify(src) by extension 'python'
[0.818s] Level 1:colcon.colcon_core.package_identification:_identify(src) by extensions ['python_setup_py']
[0.819s] Level 1:colcon.colcon_core.package_identification:_identify(src) by extension 'python_setup_py'
[0.819s] Level 1:colcon.colcon_core.package_identification:_identify(src/actions_cpp) by extensions ['ignore', 'ignore_ament_install']
[0.819s] Level 1:colcon.colcon_core.package_identification:_identify(src/actions_cpp) by extension 'ignore'
[0.819s] Level 1:colcon.colcon_core.package_identification:_identify(src/actions_cpp) by extension 'ignore_ament_install'
[0.820s] Level 1:colcon.colcon_core.package_identification:_identify(src/actions_cpp) by extensions ['colcon_pkg']
[0.820s] Level 1:colcon.colcon_core.package_identification:_identify(src/actions_cpp) by extension 'colcon_pkg'
[0.820s] Level 1:colcon.colcon_core.package_identification:_identify(src/actions_cpp) by extensions ['colcon_meta']
[0.820s] Level 1:colcon.colcon_core.package_identification:_identify(src/actions_cpp) by extension 'colcon_meta'
[0.820s] Level 1:colcon.colcon_core.package_identification:_identify(src/actions_cpp) by extensions ['ros']
[0.820s] Level 1:colcon.colcon_core.package_identification:_identify(src/actions_cpp) by extension 'ros'
[0.830s] DEBUG:colcon.colcon_core.package_identification:Package 'src/actions_cpp' with type 'ros.ament_cmake' and name 'actions_cpp'
[0.831s] Level 1:colcon.colcon_core.package_identification:_identify(src/actions_py) by extensions ['ignore', 'ignore_ament_install']
[0.831s] Level 1:colcon.colcon_core.package_identification:_identify(src/actions_py) by extension 'ignore'
[0.831s] Level 1:colcon.colcon_core.package_identification:_identify(src/actions_py) by extension 'ignore_ament_install'
[0.831s] Level 1:colcon.colcon_core.package_identification:_identify(src/actions_py) by extensions ['colcon_pkg']
[0.831s] Level 1:colcon.colcon_core.package_identification:_identify(src/actions_py) by extension 'colcon_pkg'
[0.832s] Level 1:colcon.colcon_core.package_identification:_identify(src/actions_py) by extensions ['colcon_meta']
[0.832s] Level 1:colcon.colcon_core.package_identification:_identify(src/actions_py) by extension 'colcon_meta'
[0.832s] Level 1:colcon.colcon_core.package_identification:_identify(src/actions_py) by extensions ['ros']
[0.832s] Level 1:colcon.colcon_core.package_identification:_identify(src/actions_py) by extension 'ros'
[0.833s] DEBUG:colcon.colcon_core.package_identification:Package 'src/actions_py' with type 'ros.ament_python' and name 'actions_py'
[0.834s] Level 1:colcon.colcon_core.package_identification:_identify(src/build) by extensions ['ignore', 'ignore_ament_install']
[0.835s] Level 1:colcon.colcon_core.package_identification:_identify(src/build) by extension 'ignore'
[0.835s] Level 1:colcon.colcon_core.package_identification:_identify(src/build) ignored
[0.835s] Level 1:colcon.colcon_core.package_identification:_identify(src/install) by extensions ['ignore', 'ignore_ament_install']
[0.835s] Level 1:colcon.colcon_core.package_identification:_identify(src/install) by extension 'ignore'
[0.835s] Level 1:colcon.colcon_core.package_identification:_identify(src/install) ignored
[0.835s] Level 1:colcon.colcon_core.package_identification:_identify(src/log) by extensions ['ignore', 'ignore_ament_install']
[0.836s] Level 1:colcon.colcon_core.package_identification:_identify(src/log) by extension 'ignore'
[0.836s] Level 1:colcon.colcon_core.package_identification:_identify(src/log) ignored
[0.836s] Level 1:colcon.colcon_core.package_identification:_identify(src/my_robot_bringup) by extensions ['ignore', 'ignore_ament_install']
[0.836s] Level 1:colcon.colcon_core.package_identification:_identify(src/my_robot_bringup) by extension 'ignore'
[0.836s] Level 1:colcon.colcon_core.package_identification:_identify(src/my_robot_bringup) by extension 'ignore_ament_install'
[0.836s] Level 1:colcon.colcon_core.package_identification:_identify(src/my_robot_bringup) by extensions ['colcon_pkg']
[0.836s] Level 1:colcon.colcon_core.package_identification:_identify(src/my_robot_bringup) by extension 'colcon_pkg'
[0.836s] Level 1:colcon.colcon_core.package_identification:_identify(src/my_robot_bringup) by extensions ['colcon_meta']
[0.837s] Level 1:colcon.colcon_core.package_identification:_identify(src/my_robot_bringup) by extension 'colcon_meta'
[0.837s] Level 1:colcon.colcon_core.package_identification:_identify(src/my_robot_bringup) by extensions ['ros']
[0.837s] Level 1:colcon.colcon_core.package_identification:_identify(src/my_robot_bringup) by extension 'ros'
[0.838s] DEBUG:colcon.colcon_core.package_identification:Package 'src/my_robot_bringup' with type 'ros.ament_cmake' and name 'my_robot_bringup'
[0.838s] Level 1:colcon.colcon_core.package_identification:_identify(src/my_robot_cpp) by extensions ['ignore', 'ignore_ament_install']
[0.839s] Level 1:colcon.colcon_core.package_identification:_identify(src/my_robot_cpp) by extension 'ignore'
[0.839s] Level 1:colcon.colcon_core.package_identification:_identify(src/my_robot_cpp) by extension 'ignore_ament_install'
[0.839s] Level 1:colcon.colcon_core.package_identification:_identify(src/my_robot_cpp) by extensions ['colcon_pkg']
[0.839s] Level 1:colcon.colcon_core.package_identification:_identify(src/my_robot_cpp) by extension 'colcon_pkg'
[0.839s] Level 1:colcon.colcon_core.package_identification:_identify(src/my_robot_cpp) by extensions ['colcon_meta']
[0.839s] Level 1:colcon.colcon_core.package_identification:_identify(src/my_robot_cpp) by extension 'colcon_meta'
[0.840s] Level 1:colcon.colcon_core.package_identification:_identify(src/my_robot_cpp) by extensions ['ros']
[0.840s] Level 1:colcon.colcon_core.package_identification:_identify(src/my_robot_cpp) by extension 'ros'
[0.842s] DEBUG:colcon.colcon_core.package_identification:Package 'src/my_robot_cpp' with type 'ros.ament_cmake' and name 'my_robot_cpp'
[0.842s] Level 1:colcon.colcon_core.package_identification:_identify(src/my_robot_description) by extensions ['ignore', 'ignore_ament_install']
[0.842s] Level 1:colcon.colcon_core.package_identification:_identify(src/my_robot_description) by extension 'ignore'
[0.842s] Level 1:colcon.colcon_core.package_identification:_identify(src/my_robot_description) by extension 'ignore_ament_install'
[0.843s] Level 1:colcon.colcon_core.package_identification:_identify(src/my_robot_description) by extensions ['colcon_pkg']
[0.843s] Level 1:colcon.colcon_core.package_identification:_identify(src/my_robot_description) by extension 'colcon_pkg'
[0.843s] Level 1:colcon.colcon_core.package_identification:_identify(src/my_robot_description) by extensions ['colcon_meta']
[0.843s] Level 1:colcon.colcon_core.package_identification:_identify(src/my_robot_description) by extension 'colcon_meta'
[0.843s] Level 1:colcon.colcon_core.package_identification:_identify(src/my_robot_description) by extensions ['ros']
[0.843s] Level 1:colcon.colcon_core.package_identification:_identify(src/my_robot_description) by extension 'ros'
[0.845s] DEBUG:colcon.colcon_core.package_identification:Package 'src/my_robot_description' with type 'ros.ament_cmake' and name 'my_robot_description'
[0.845s] Level 1:colcon.colcon_core.package_identification:_identify(src/my_robot_interfaces) by extensions ['ignore', 'ignore_ament_install']
[0.845s] Level 1:colcon.colcon_core.package_identification:_identify(src/my_robot_interfaces) by extension 'ignore'
[0.846s] Level 1:colcon.colcon_core.package_identification:_identify(src/my_robot_interfaces) by extension 'ignore_ament_install'
[0.846s] Level 1:colcon.colcon_core.package_identification:_identify(src/my_robot_interfaces) by extensions ['colcon_pkg']
[0.846s] Level 1:colcon.colcon_core.package_identification:_identify(src/my_robot_interfaces) by extension 'colcon_pkg'
[0.846s] Level 1:colcon.colcon_core.package_identification:_identify(src/my_robot_interfaces) by extensions ['colcon_meta']
[0.846s] Level 1:colcon.colcon_core.package_identification:_identify(src/my_robot_interfaces) by extension 'colcon_meta'
[0.846s] Level 1:colcon.colcon_core.package_identification:_identify(src/my_robot_interfaces) by extensions ['ros']
[0.846s] Level 1:colcon.colcon_core.package_identification:_identify(src/my_robot_interfaces) by extension 'ros'
[0.848s] DEBUG:colcon.colcon_core.package_identification:Package 'src/my_robot_interfaces' with type 'ros.ament_cmake' and name 'my_robot_interfaces'
[0.849s] Level 1:colcon.colcon_core.package_identification:_identify(src/my_robot_python) by extensions ['ignore', 'ignore_ament_install']
[0.849s] Level 1:colcon.colcon_core.package_identification:_identify(src/my_robot_python) by extension 'ignore'
[0.850s] Level 1:colcon.colcon_core.package_identification:_identify(src/my_robot_python) by extension 'ignore_ament_install'
[0.850s] Level 1:colcon.colcon_core.package_identification:_identify(src/my_robot_python) by extensions ['colcon_pkg']
[0.850s] Level 1:colcon.colcon_core.package_identification:_identify(src/my_robot_python) by extension 'colcon_pkg'
[0.851s] Level 1:colcon.colcon_core.package_identification:_identify(src/my_robot_python) by extensions ['colcon_meta']
[0.851s] Level 1:colcon.colcon_core.package_identification:_identify(src/my_robot_python) by extension 'colcon_meta'
[0.851s] Level 1:colcon.colcon_core.package_identification:_identify(src/my_robot_python) by extensions ['ros']
[0.851s] Level 1:colcon.colcon_core.package_identification:_identify(src/my_robot_python) by extension 'ros'
[0.853s] DEBUG:colcon.colcon_core.package_identification:Package 'src/my_robot_python' with type 'ros.ament_python' and name 'my_robot_python'
[0.853s] Level 1:colcon.colcon_core.package_identification:_identify(src/robot_actions_cpp) by extensions ['ignore', 'ignore_ament_install']
[0.854s] Level 1:colcon.colcon_core.package_identification:_identify(src/robot_actions_cpp) by extension 'ignore'
[0.854s] Level 1:colcon.colcon_core.package_identification:_identify(src/robot_actions_cpp) by extension 'ignore_ament_install'
[0.855s] Level 1:colcon.colcon_core.package_identification:_identify(src/robot_actions_cpp) by extensions ['colcon_pkg']
[0.855s] Level 1:colcon.colcon_core.package_identification:_identify(src/robot_actions_cpp) by extension 'colcon_pkg'
[0.855s] Level 1:colcon.colcon_core.package_identification:_identify(src/robot_actions_cpp) by extensions ['colcon_meta']
[0.856s] Level 1:colcon.colcon_core.package_identification:_identify(src/robot_actions_cpp) by extension 'colcon_meta'
[0.857s] Level 1:colcon.colcon_core.package_identification:_identify(src/robot_actions_cpp) by extensions ['ros']
[0.857s] Level 1:colcon.colcon_core.package_identification:_identify(src/robot_actions_cpp) by extension 'ros'
[0.860s] DEBUG:colcon.colcon_core.package_identification:Package 'src/robot_actions_cpp' with type 'ros.ament_cmake' and name 'robot_actions_cpp'
[0.861s] Level 1:colcon.colcon_core.package_identification:_identify(src/robot_actions_py) by extensions ['ignore', 'ignore_ament_install']
[0.861s] Level 1:colcon.colcon_core.package_identification:_identify(src/robot_actions_py) by extension 'ignore'
[0.861s] Level 1:colcon.colcon_core.package_identification:_identify(src/robot_actions_py) by extension 'ignore_ament_install'
[0.862s] Level 1:colcon.colcon_core.package_identification:_identify(src/robot_actions_py) by extensions ['colcon_pkg']
[0.862s] Level 1:colcon.colcon_core.package_identification:_identify(src/robot_actions_py) by extension 'colcon_pkg'
[0.862s] Level 1:colcon.colcon_core.package_identification:_identify(src/robot_actions_py) by extensions ['colcon_meta']
[0.862s] Level 1:colcon.colcon_core.package_identification:_identify(src/robot_actions_py) by extension 'colcon_meta'
[0.863s] Level 1:colcon.colcon_core.package_identification:_identify(src/robot_actions_py) by extensions ['ros']
[0.863s] Level 1:colcon.colcon_core.package_identification:_identify(src/robot_actions_py) by extension 'ros'
[0.865s] DEBUG:colcon.colcon_core.package_identification:Package 'src/robot_actions_py' with type 'ros.ament_python' and name 'robot_actions_py'
[0.865s] Level 1:colcon.colcon_core.package_discovery:discover_packages(recursive) using defaults
[0.866s] Level 1:colcon.colcon_core.package_discovery:discover_packages(ignore) discover
[0.866s] Level 1:colcon.colcon_core.package_discovery:discover_packages(ignore) using defaults
[0.866s] Level 1:colcon.colcon_core.package_discovery:discover_packages(path) discover
[0.866s] Level 1:colcon.colcon_core.package_discovery:discover_packages(path) using defaults
[0.933s] Level 1:colcon.colcon_core.package_discovery:discover_packages(prefix_path) check parameters
[0.934s] Level 1:colcon.colcon_core.package_discovery:discover_packages(prefix_path) discover
[0.949s] DEBUG:colcon.colcon_installed_package_information.package_discovery:Found 9 installed packages in /home/vincent-pc/ros2_jazzy/install
[0.954s] DEBUG:colcon.colcon_installed_package_information.package_discovery:Found 317 installed packages in /opt/ros/jazzy
[0.959s] Level 1:colcon.colcon_core.package_discovery:discover_packages(prefix_path) using defaults
[1.186s] Level 5:colcon.colcon_core.verb:set package 'my_robot_bringup' build argument 'cmake_args' from command line to 'None'
[1.186s] Level 5:colcon.colcon_core.verb:set package 'my_robot_bringup' build argument 'cmake_target' from command line to 'None'
[1.186s] Level 5:colcon.colcon_core.verb:set package 'my_robot_bringup' build argument 'cmake_target_skip_unavailable' from command line to 'False'
[1.186s] Level 5:colcon.colcon_core.verb:set package 'my_robot_bringup' build argument 'cmake_clean_cache' from command line to 'False'
[1.186s] Level 5:colcon.colcon_core.verb:set package 'my_robot_bringup' build argument 'cmake_clean_first' from command line to 'False'
[1.187s] Level 5:colcon.colcon_core.verb:set package 'my_robot_bringup' build argument 'cmake_force_configure' from command line to 'False'
[1.187s] Level 5:colcon.colcon_core.verb:set package 'my_robot_bringup' build argument 'ament_cmake_args' from command line to 'None'
[1.187s] Level 5:colcon.colcon_core.verb:set package 'my_robot_bringup' build argument 'catkin_cmake_args' from command line to 'None'
[1.187s] Level 5:colcon.colcon_core.verb:set package 'my_robot_bringup' build argument 'catkin_skip_building_tests' from command line to 'False'
[1.187s] DEBUG:colcon.colcon_core.verb:Building package 'my_robot_bringup' with the following arguments: {'ament_cmake_args': None, 'build_base': '/home/vincent-pc/ros2_jazzy/build/my_robot_bringup', 'catkin_cmake_args': None, 'catkin_skip_building_tests': False, 'cmake_args': None, 'cmake_clean_cache': False, 'cmake_clean_first': False, 'cmake_force_configure': False, 'cmake_target': None, 'cmake_target_skip_unavailable': False, 'install_base': '/home/vincent-pc/ros2_jazzy/install/my_robot_bringup', 'merge_install': False, 'path': '/home/vincent-pc/ros2_jazzy/src/my_robot_bringup', 'symlink_install': True, 'test_result_base': None}
[1.188s] Level 5:colcon.colcon_core.verb:set package 'my_robot_description' build argument 'cmake_args' from command line to 'None'
[1.188s] Level 5:colcon.colcon_core.verb:set package 'my_robot_description' build argument 'cmake_target' from command line to 'None'
[1.189s] Level 5:colcon.colcon_core.verb:set package 'my_robot_description' build argument 'cmake_target_skip_unavailable' from command line to 'False'
[1.189s] Level 5:colcon.colcon_core.verb:set package 'my_robot_description' build argument 'cmake_clean_cache' from command line to 'False'
[1.189s] Level 5:colcon.colcon_core.verb:set package 'my_robot_description' build argument 'cmake_clean_first' from command line to 'False'
[1.189s] Level 5:colcon.colcon_core.verb:set package 'my_robot_description' build argument 'cmake_force_configure' from command line to 'False'
[1.189s] Level 5:colcon.colcon_core.verb:set package 'my_robot_description' build argument 'ament_cmake_args' from command line to 'None'
[1.189s] Level 5:colcon.colcon_core.verb:set package 'my_robot_description' build argument 'catkin_cmake_args' from command line to 'None'
[1.189s] Level 5:colcon.colcon_core.verb:set package 'my_robot_description' build argument 'catkin_skip_building_tests' from command line to 'False'
[1.189s] DEBUG:colcon.colcon_core.verb:Building package 'my_robot_description' with the following arguments: {'ament_cmake_args': None, 'build_base': '/home/vincent-pc/ros2_jazzy/build/my_robot_description', 'catkin_cmake_args': None, 'catkin_skip_building_tests': False, 'cmake_args': None, 'cmake_clean_cache': False, 'cmake_clean_first': False, 'cmake_force_configure': False, 'cmake_target': None, 'cmake_target_skip_unavailable': False, 'install_base': '/home/vincent-pc/ros2_jazzy/install/my_robot_description', 'merge_install': False, 'path': '/home/vincent-pc/ros2_jazzy/src/my_robot_description', 'symlink_install': True, 'test_result_base': None}
[1.190s] Level 5:colcon.colcon_core.verb:set package 'my_robot_interfaces' build argument 'cmake_args' from command line to 'None'
[1.191s] Level 5:colcon.colcon_core.verb:set package 'my_robot_interfaces' build argument 'cmake_target' from command line to 'None'
[1.191s] Level 5:colcon.colcon_core.verb:set package 'my_robot_interfaces' build argument 'cmake_target_skip_unavailable' from command line to 'False'
[1.191s] Level 5:colcon.colcon_core.verb:set package 'my_robot_interfaces' build argument 'cmake_clean_cache' from command line to 'False'
[1.191s] Level 5:colcon.colcon_core.verb:set package 'my_robot_interfaces' build argument 'cmake_clean_first' from command line to 'False'
[1.191s] Level 5:colcon.colcon_core.verb:set package 'my_robot_interfaces' build argument 'cmake_force_configure' from command line to 'False'
[1.191s] Level 5:colcon.colcon_core.verb:set package 'my_robot_interfaces' build argument 'ament_cmake_args' from command line to 'None'
[1.191s] Level 5:colcon.colcon_core.verb:set package 'my_robot_interfaces' build argument 'catkin_cmake_args' from command line to 'None'
[1.192s] Level 5:colcon.colcon_core.verb:set package 'my_robot_interfaces' build argument 'catkin_skip_building_tests' from command line to 'False'
[1.192s] DEBUG:colcon.colcon_core.verb:Building package 'my_robot_interfaces' with the following arguments: {'ament_cmake_args': None, 'build_base': '/home/vincent-pc/ros2_jazzy/build/my_robot_interfaces', 'catkin_cmake_args': None, 'catkin_skip_building_tests': False, 'cmake_args': None, 'cmake_clean_cache': False, 'cmake_clean_first': False, 'cmake_force_configure': False, 'cmake_target': None, 'cmake_target_skip_unavailable': False, 'install_base': '/home/vincent-pc/ros2_jazzy/install/my_robot_interfaces', 'merge_install': False, 'path': '/home/vincent-pc/ros2_jazzy/src/my_robot_interfaces', 'symlink_install': True, 'test_result_base': None}
[1.193s] Level 5:colcon.colcon_core.verb:set package 'my_robot_python' build argument 'cmake_args' from command line to 'None'
[1.193s] Level 5:colcon.colcon_core.verb:set package 'my_robot_python' build argument 'cmake_target' from command line to 'None'
[1.193s] Level 5:colcon.colcon_core.verb:set package 'my_robot_python' build argument 'cmake_target_skip_unavailable' from command line to 'False'
[1.193s] Level 5:colcon.colcon_core.verb:set package 'my_robot_python' build argument 'cmake_clean_cache' from command line to 'False'
[1.193s] Level 5:colcon.colcon_core.verb:set package 'my_robot_python' build argument 'cmake_clean_first' from command line to 'False'
[1.193s] Level 5:colcon.colcon_core.verb:set package 'my_robot_python' build argument 'cmake_force_configure' from command line to 'False'
[1.193s] Level 5:colcon.colcon_core.verb:set package 'my_robot_python' build argument 'ament_cmake_args' from command line to 'None'
[1.193s] Level 5:colcon.colcon_core.verb:set package 'my_robot_python' build argument 'catkin_cmake_args' from command line to 'None'
[1.193s] Level 5:colcon.colcon_core.verb:set package 'my_robot_python' build argument 'catkin_skip_building_tests' from command line to 'False'
[1.194s] DEBUG:colcon.colcon_core.verb:Building package 'my_robot_python' with the following arguments: {'ament_cmake_args': None, 'build_base': '/home/vincent-pc/ros2_jazzy/build/my_robot_python', 'catkin_cmake_args': None, 'catkin_skip_building_tests': False, 'cmake_args': None, 'cmake_clean_cache': False, 'cmake_clean_first': False, 'cmake_force_configure': False, 'cmake_target': None, 'cmake_target_skip_unavailable': False, 'install_base': '/home/vincent-pc/ros2_jazzy/install/my_robot_python', 'merge_install': False, 'path': '/home/vincent-pc/ros2_jazzy/src/my_robot_python', 'symlink_install': True, 'test_result_base': None}
[1.194s] Level 5:colcon.colcon_core.verb:set package 'actions_cpp' build argument 'cmake_args' from command line to 'None'
[1.195s] Level 5:colcon.colcon_core.verb:set package 'actions_cpp' build argument 'cmake_target' from command line to 'None'
[1.195s] Level 5:colcon.colcon_core.verb:set package 'actions_cpp' build argument 'cmake_target_skip_unavailable' from command line to 'False'
[1.195s] Level 5:colcon.colcon_core.verb:set package 'actions_cpp' build argument 'cmake_clean_cache' from command line to 'False'
[1.195s] Level 5:colcon.colcon_core.verb:set package 'actions_cpp' build argument 'cmake_clean_first' from command line to 'False'
[1.195s] Level 5:colcon.colcon_core.verb:set package 'actions_cpp' build argument 'cmake_force_configure' from command line to 'False'
[1.195s] Level 5:colcon.colcon_core.verb:set package 'actions_cpp' build argument 'ament_cmake_args' from command line to 'None'
[1.195s] Level 5:colcon.colcon_core.verb:set package 'actions_cpp' build argument 'catkin_cmake_args' from command line to 'None'
[1.195s] Level 5:colcon.colcon_core.verb:set package 'actions_cpp' build argument 'catkin_skip_building_tests' from command line to 'False'
[1.195s] DEBUG:colcon.colcon_core.verb:Building package 'actions_cpp' with the following arguments: {'ament_cmake_args': None, 'build_base': '/home/vincent-pc/ros2_jazzy/build/actions_cpp', 'catkin_cmake_args': None, 'catkin_skip_building_tests': False, 'cmake_args': None, 'cmake_clean_cache': False, 'cmake_clean_first': False, 'cmake_force_configure': False, 'cmake_target': None, 'cmake_target_skip_unavailable': False, 'install_base': '/home/vincent-pc/ros2_jazzy/install/actions_cpp', 'merge_install': False, 'path': '/home/vincent-pc/ros2_jazzy/src/actions_cpp', 'symlink_install': True, 'test_result_base': None}
[1.196s] Level 5:colcon.colcon_core.verb:set package 'actions_py' build argument 'cmake_args' from command line to 'None'
[1.197s] Level 5:colcon.colcon_core.verb:set package 'actions_py' build argument 'cmake_target' from command line to 'None'
[1.197s] Level 5:colcon.colcon_core.verb:set package 'actions_py' build argument 'cmake_target_skip_unavailable' from command line to 'False'
[1.197s] Level 5:colcon.colcon_core.verb:set package 'actions_py' build argument 'cmake_clean_cache' from command line to 'False'
[1.197s] Level 5:colcon.colcon_core.verb:set package 'actions_py' build argument 'cmake_clean_first' from command line to 'False'
[1.197s] Level 5:colcon.colcon_core.verb:set package 'actions_py' build argument 'cmake_force_configure' from command line to 'False'
[1.197s] Level 5:colcon.colcon_core.verb:set package 'actions_py' build argument 'ament_cmake_args' from command line to 'None'
[1.197s] Level 5:colcon.colcon_core.verb:set package 'actions_py' build argument 'catkin_cmake_args' from command line to 'None'
[1.197s] Level 5:colcon.colcon_core.verb:set package 'actions_py' build argument 'catkin_skip_building_tests' from command line to 'False'
[1.197s] DEBUG:colcon.colcon_core.verb:Building package 'actions_py' with the following arguments: {'ament_cmake_args': None, 'build_base': '/home/vincent-pc/ros2_jazzy/build/actions_py', 'catkin_cmake_args': None, 'catkin_skip_building_tests': False, 'cmake_args': None, 'cmake_clean_cache': False, 'cmake_clean_first': False, 'cmake_force_configure': False, 'cmake_target': None, 'cmake_target_skip_unavailable': False, 'install_base': '/home/vincent-pc/ros2_jazzy/install/actions_py', 'merge_install': False, 'path': '/home/vincent-pc/ros2_jazzy/src/actions_py', 'symlink_install': True, 'test_result_base': None}
[1.198s] Level 5:colcon.colcon_core.verb:set package 'my_robot_cpp' build argument 'cmake_args' from command line to 'None'
[1.198s] Level 5:colcon.colcon_core.verb:set package 'my_robot_cpp' build argument 'cmake_target' from command line to 'None'
[1.198s] Level 5:colcon.colcon_core.verb:set package 'my_robot_cpp' build argument 'cmake_target_skip_unavailable' from command line to 'False'
[1.198s] Level 5:colcon.colcon_core.verb:set package 'my_robot_cpp' build argument 'cmake_clean_cache' from command line to 'False'
[1.198s] Level 5:colcon.colcon_core.verb:set package 'my_robot_cpp' build argument 'cmake_clean_first' from command line to 'False'
[1.198s] Level 5:colcon.colcon_core.verb:set package 'my_robot_cpp' build argument 'cmake_force_configure' from command line to 'False'
[1.199s] Level 5:colcon.colcon_core.verb:set package 'my_robot_cpp' build argument 'ament_cmake_args' from command line to 'None'
[1.199s] Level 5:colcon.colcon_core.verb:set package 'my_robot_cpp' build argument 'catkin_cmake_args' from command line to 'None'
[1.199s] Level 5:colcon.colcon_core.verb:set package 'my_robot_cpp' build argument 'catkin_skip_building_tests' from command line to 'False'
[1.199s] DEBUG:colcon.colcon_core.verb:Building package 'my_robot_cpp' with the following arguments: {'ament_cmake_args': None, 'build_base': '/home/vincent-pc/ros2_jazzy/build/my_robot_cpp', 'catkin_cmake_args': None, 'catkin_skip_building_tests': False, 'cmake_args': None, 'cmake_clean_cache': False, 'cmake_clean_first': False, 'cmake_force_configure': False, 'cmake_target': None, 'cmake_target_skip_unavailable': False, 'install_base': '/home/vincent-pc/ros2_jazzy/install/my_robot_cpp', 'merge_install': False, 'path': '/home/vincent-pc/ros2_jazzy/src/my_robot_cpp', 'symlink_install': True, 'test_result_base': None}
[1.200s] Level 5:colcon.colcon_core.verb:set package 'robot_actions_cpp' build argument 'cmake_args' from command line to 'None'
[1.200s] Level 5:colcon.colcon_core.verb:set package 'robot_actions_cpp' build argument 'cmake_target' from command line to 'None'
[1.200s] Level 5:colcon.colcon_core.verb:set package 'robot_actions_cpp' build argument 'cmake_target_skip_unavailable' from command line to 'False'
[1.200s] Level 5:colcon.colcon_core.verb:set package 'robot_actions_cpp' build argument 'cmake_clean_cache' from command line to 'False'
[1.200s] Level 5:colcon.colcon_core.verb:set package 'robot_actions_cpp' build argument 'cmake_clean_first' from command line to 'False'
[1.200s] Level 5:colcon.colcon_core.verb:set package 'robot_actions_cpp' build argument 'cmake_force_configure' from command line to 'False'
[1.200s] Level 5:colcon.colcon_core.verb:set package 'robot_actions_cpp' build argument 'ament_cmake_args' from command line to 'None'
[1.200s] Level 5:colcon.colcon_core.verb:set package 'robot_actions_cpp' build argument 'catkin_cmake_args' from command line to 'None'
[1.200s] Level 5:colcon.colcon_core.verb:set package 'robot_actions_cpp' build argument 'catkin_skip_building_tests' from command line to 'False'
[1.200s] DEBUG:colcon.colcon_core.verb:Building package 'robot_actions_cpp' with the following arguments: {'ament_cmake_args': None, 'build_base': '/home/vincent-pc/ros2_jazzy/build/robot_actions_cpp', 'catkin_cmake_args': None, 'catkin_skip_building_tests': False, 'cmake_args': None, 'cmake_clean_cache': False, 'cmake_clean_first': False, 'cmake_force_configure': False, 'cmake_target': None, 'cmake_target_skip_unavailable': False, 'install_base': '/home/vincent-pc/ros2_jazzy/install/robot_actions_cpp', 'merge_install': False, 'path': '/home/vincent-pc/ros2_jazzy/src/robot_actions_cpp', 'symlink_install': True, 'test_result_base': None}
[1.201s] Level 5:colcon.colcon_core.verb:set package 'robot_actions_py' build argument 'cmake_args' from command line to 'None'
[1.201s] Level 5:colcon.colcon_core.verb:set package 'robot_actions_py' build argument 'cmake_target' from command line to 'None'
[1.201s] Level 5:colcon.colcon_core.verb:set package 'robot_actions_py' build argument 'cmake_target_skip_unavailable' from command line to 'False'
[1.201s] Level 5:colcon.colcon_core.verb:set package 'robot_actions_py' build argument 'cmake_clean_cache' from command line to 'False'
[1.201s] Level 5:colcon.colcon_core.verb:set package 'robot_actions_py' build argument 'cmake_clean_first' from command line to 'False'
[1.201s] Level 5:colcon.colcon_core.verb:set package 'robot_actions_py' build argument 'cmake_force_configure' from command line to 'False'
[1.201s] Level 5:colcon.colcon_core.verb:set package 'robot_actions_py' build argument 'ament_cmake_args' from command line to 'None'
[1.201s] Level 5:colcon.colcon_core.verb:set package 'robot_actions_py' build argument 'catkin_cmake_args' from command line to 'None'
[1.201s] Level 5:colcon.colcon_core.verb:set package 'robot_actions_py' build argument 'catkin_skip_building_tests' from command line to 'False'
[1.201s] DEBUG:colcon.colcon_core.verb:Building package 'robot_actions_py' with the following arguments: {'ament_cmake_args': None, 'build_base': '/home/vincent-pc/ros2_jazzy/build/robot_actions_py', 'catkin_cmake_args': None, 'catkin_skip_building_tests': False, 'cmake_args': None, 'cmake_clean_cache': False, 'cmake_clean_first': False, 'cmake_force_configure': False, 'cmake_target': None, 'cmake_target_skip_unavailable': False, 'install_base': '/home/vincent-pc/ros2_jazzy/install/robot_actions_py', 'merge_install': False, 'path': '/home/vincent-pc/ros2_jazzy/src/robot_actions_py', 'symlink_install': True, 'test_result_base': None}
[1.202s] INFO:colcon.colcon_core.executor:Executing jobs using 'parallel' executor
[1.204s] DEBUG:colcon.colcon_parallel_executor.executor.parallel:run_until_complete
[1.205s] INFO:colcon.colcon_ros.task.ament_cmake.build:Building ROS package in '/home/vincent-pc/ros2_jazzy/src/my_robot_interfaces' with build type 'ament_cmake'
[1.206s] INFO:colcon.colcon_cmake.task.cmake.build:Building CMake package in '/home/vincent-pc/ros2_jazzy/src/my_robot_interfaces'
[1.219s] INFO:colcon.colcon_core.plugin_system:Skipping extension 'colcon_core.shell.bat': Not used on non-Windows systems
[1.219s] INFO:colcon.colcon_core.shell:Skip shell extension 'powershell' for command environment: Not usable outside of PowerShell
[1.219s] DEBUG:colcon.colcon_core.shell:Skip shell extension 'dsv' for command environment
[1.229s] INFO:colcon.colcon_ros.task.ament_cmake.build:Building ROS package in '/home/vincent-pc/ros2_jazzy/src/my_robot_bringup' with build type 'ament_cmake'
[1.229s] INFO:colcon.colcon_cmake.task.cmake.build:Building CMake package in '/home/vincent-pc/ros2_jazzy/src/my_robot_bringup'
[1.230s] INFO:colcon.colcon_core.shell:Skip shell extension 'powershell' for command environment: Not usable outside of PowerShell
[1.230s] DEBUG:colcon.colcon_core.shell:Skip shell extension 'dsv' for command environment
[1.244s] INFO:colcon.colcon_ros.task.ament_cmake.build:Building ROS package in '/home/vincent-pc/ros2_jazzy/src/my_robot_description' with build type 'ament_cmake'
[1.246s] INFO:colcon.colcon_cmake.task.cmake.build:Building CMake package in '/home/vincent-pc/ros2_jazzy/src/my_robot_description'
[1.247s] INFO:colcon.colcon_core.shell:Skip shell extension 'powershell' for command environment: Not usable outside of PowerShell
[1.248s] DEBUG:colcon.colcon_core.shell:Skip shell extension 'dsv' for command environment
[1.264s] INFO:colcon.colcon_ros.task.ament_python.build:Building ROS package in '/home/vincent-pc/ros2_jazzy/src/my_robot_python' with build type 'ament_python'
[1.265s] Level 1:colcon.colcon_core.shell:create_environment_hook('my_robot_python', 'ament_prefix_path')
[1.265s] INFO:colcon.colcon_core.shell:Creating environment hook '/home/vincent-pc/ros2_jazzy/install/my_robot_python/share/my_robot_python/hook/ament_prefix_path.ps1'
[1.268s] INFO:colcon.colcon_core.shell:Creating environment descriptor '/home/vincent-pc/ros2_jazzy/install/my_robot_python/share/my_robot_python/hook/ament_prefix_path.dsv'
[1.270s] INFO:colcon.colcon_core.shell:Creating environment hook '/home/vincent-pc/ros2_jazzy/install/my_robot_python/share/my_robot_python/hook/ament_prefix_path.sh'
[1.272s] INFO:colcon.colcon_core.shell:Skip shell extension 'powershell' for command environment: Not usable outside of PowerShell
[1.272s] DEBUG:colcon.colcon_core.shell:Skip shell extension 'dsv' for command environment
[1.291s] DEBUG:colcon.colcon_core.event_handler.log_command:Invoking command in '/home/vincent-pc/ros2_jazzy/build/my_robot_interfaces': CMAKE_PREFIX_PATH=${CMAKE_PREFIX_PATH}:/home/vincent-pc/ros2_jazzy/install/robot_actions_py:/home/vincent-pc/ros2_jazzy/install/my_robot_python:/home/vincent-pc/ros2_jazzy/install/actions_py:/opt/ros/jazzy DEBUGINFOD_URLS=https://debuginfod.ubuntu.com /usr/bin/cmake --build /home/vincent-pc/ros2_jazzy/build/my_robot_interfaces -- -j8 -l8
[1.299s] DEBUG:colcon.colcon_core.event_handler.log_command:Invoking command in '/home/vincent-pc/ros2_jazzy/build/my_robot_bringup': CMAKE_PREFIX_PATH=${CMAKE_PREFIX_PATH}:/home/vincent-pc/ros2_jazzy/install/robot_actions_py:/home/vincent-pc/ros2_jazzy/install/my_robot_python:/home/vincent-pc/ros2_jazzy/install/actions_py:/opt/ros/jazzy DEBUGINFOD_URLS=https://debuginfod.ubuntu.com /usr/bin/cmake --build /home/vincent-pc/ros2_jazzy/build/my_robot_bringup -- -j8 -l8
[1.305s] DEBUG:colcon.colcon_core.event_handler.log_command:Invoking command in '/home/vincent-pc/ros2_jazzy/build/my_robot_description': CMAKE_PREFIX_PATH=${CMAKE_PREFIX_PATH}:/home/vincent-pc/ros2_jazzy/install/robot_actions_py:/home/vincent-pc/ros2_jazzy/install/my_robot_python:/home/vincent-pc/ros2_jazzy/install/actions_py:/opt/ros/jazzy DEBUGINFOD_URLS=https://debuginfod.ubuntu.com /usr/bin/cmake --build /home/vincent-pc/ros2_jazzy/build/my_robot_description -- -j8 -l8
[2.327s] INFO:colcon.colcon_core.task.python.build:Building Python package in '/home/vincent-pc/ros2_jazzy/src/my_robot_python'
[2.328s] INFO:colcon.colcon_core.shell:Skip shell extension 'powershell' for command environment: Not usable outside of PowerShell
[2.328s] DEBUG:colcon.colcon_core.shell:Skip shell extension 'dsv' for command environment
[2.347s] DEBUG:colcon.colcon_core.event_handler.log_command:Invoked command in '/home/vincent-pc/ros2_jazzy/build/my_robot_description' returned '0': CMAKE_PREFIX_PATH=${CMAKE_PREFIX_PATH}:/home/vincent-pc/ros2_jazzy/install/robot_actions_py:/home/vincent-pc/ros2_jazzy/install/my_robot_python:/home/vincent-pc/ros2_jazzy/install/actions_py:/opt/ros/jazzy DEBUGINFOD_URLS=https://debuginfod.ubuntu.com /usr/bin/cmake --build /home/vincent-pc/ros2_jazzy/build/my_robot_description -- -j8 -l8
[2.380s] DEBUG:colcon.colcon_core.event_handler.log_command:Invoking command in '/home/vincent-pc/ros2_jazzy/build/my_robot_description': CMAKE_PREFIX_PATH=${CMAKE_PREFIX_PATH}:/home/vincent-pc/ros2_jazzy/install/robot_actions_py:/home/vincent-pc/ros2_jazzy/install/my_robot_python:/home/vincent-pc/ros2_jazzy/install/actions_py:/opt/ros/jazzy DEBUGINFOD_URLS=https://debuginfod.ubuntu.com /usr/bin/cmake --install /home/vincent-pc/ros2_jazzy/build/my_robot_description
[2.381s] DEBUG:colcon.colcon_core.event_handler.log_command:Invoked command in '/home/vincent-pc/ros2_jazzy/build/my_robot_bringup' returned '0': CMAKE_PREFIX_PATH=${CMAKE_PREFIX_PATH}:/home/vincent-pc/ros2_jazzy/install/robot_actions_py:/home/vincent-pc/ros2_jazzy/install/my_robot_python:/home/vincent-pc/ros2_jazzy/install/actions_py:/opt/ros/jazzy DEBUGINFOD_URLS=https://debuginfod.ubuntu.com /usr/bin/cmake --build /home/vincent-pc/ros2_jazzy/build/my_robot_bringup -- -j8 -l8
[2.385s] DEBUG:colcon.colcon_core.event_handler.log_command:Invoking command in '/home/vincent-pc/ros2_jazzy/build/my_robot_bringup': CMAKE_PREFIX_PATH=${CMAKE_PREFIX_PATH}:/home/vincent-pc/ros2_jazzy/install/robot_actions_py:/home/vincent-pc/ros2_jazzy/install/my_robot_python:/home/vincent-pc/ros2_jazzy/install/actions_py:/opt/ros/jazzy DEBUGINFOD_URLS=https://debuginfod.ubuntu.com /usr/bin/cmake --install /home/vincent-pc/ros2_jazzy/build/my_robot_bringup
[2.488s] Level 1:colcon.colcon_core.environment:create_environment_scripts_only(my_robot_description)
[2.493s] DEBUG:colcon.colcon_core.event_handler.log_command:Invoked command in '/home/vincent-pc/ros2_jazzy/build/my_robot_description' returned '0': CMAKE_PREFIX_PATH=${CMAKE_PREFIX_PATH}:/home/vincent-pc/ros2_jazzy/install/robot_actions_py:/home/vincent-pc/ros2_jazzy/install/my_robot_python:/home/vincent-pc/ros2_jazzy/install/actions_py:/opt/ros/jazzy DEBUGINFOD_URLS=https://debuginfod.ubuntu.com /usr/bin/cmake --install /home/vincent-pc/ros2_jazzy/build/my_robot_description
[2.516s] Level 1:colcon.colcon_core.environment:checking '/home/vincent-pc/ros2_jazzy/install/my_robot_description' for CMake module files
[2.521s] Level 1:colcon.colcon_core.environment:checking '/home/vincent-pc/ros2_jazzy/install/my_robot_description' for CMake config files
[2.522s] Level 1:colcon.colcon_core.shell:create_environment_hook('my_robot_description', 'cmake_prefix_path')
[2.523s] INFO:colcon.colcon_core.shell:Creating environment hook '/home/vincent-pc/ros2_jazzy/install/my_robot_description/share/my_robot_description/hook/cmake_prefix_path.ps1'
[2.526s] INFO:colcon.colcon_core.shell:Creating environment descriptor '/home/vincent-pc/ros2_jazzy/install/my_robot_description/share/my_robot_description/hook/cmake_prefix_path.dsv'
[2.528s] INFO:colcon.colcon_core.shell:Creating environment hook '/home/vincent-pc/ros2_jazzy/install/my_robot_description/share/my_robot_description/hook/cmake_prefix_path.sh'
[2.531s] Level 1:colcon.colcon_core.environment:checking '/home/vincent-pc/ros2_jazzy/install/my_robot_description/bin'
[2.531s] Level 1:colcon.colcon_core.environment:checking '/home/vincent-pc/ros2_jazzy/install/my_robot_description/lib/pkgconfig/my_robot_description.pc'
[2.534s] Level 1:colcon.colcon_core.environment:checking '/home/vincent-pc/ros2_jazzy/install/my_robot_description/lib/python3.12/site-packages'
[2.536s] Level 1:colcon.colcon_core.environment:checking '/home/vincent-pc/ros2_jazzy/install/my_robot_description/bin'
[2.537s] INFO:colcon.colcon_core.shell:Creating package script '/home/vincent-pc/ros2_jazzy/install/my_robot_description/share/my_robot_description/package.ps1'
[2.541s] INFO:colcon.colcon_core.shell:Creating package descriptor '/home/vincent-pc/ros2_jazzy/install/my_robot_description/share/my_robot_description/package.dsv'
[2.544s] INFO:colcon.colcon_core.shell:Creating package script '/home/vincent-pc/ros2_jazzy/install/my_robot_description/share/my_robot_description/package.sh'
[2.548s] INFO:colcon.colcon_core.shell:Creating package script '/home/vincent-pc/ros2_jazzy/install/my_robot_description/share/my_robot_description/package.bash'
[2.551s] INFO:colcon.colcon_core.shell:Creating package script '/home/vincent-pc/ros2_jazzy/install/my_robot_description/share/my_robot_description/package.zsh'
[2.553s] Level 1:colcon.colcon_core.environment:create_file_with_runtime_dependencies(/home/vincent-pc/ros2_jazzy/install/my_robot_description/share/colcon-core/packages/my_robot_description)
[2.555s] Level 1:colcon.colcon_core.environment:create_environment_scripts_only(my_robot_description)
[2.556s] Level 1:colcon.colcon_core.environment:checking '/home/vincent-pc/ros2_jazzy/install/my_robot_description' for CMake module files
[2.558s] Level 1:colcon.colcon_core.environment:checking '/home/vincent-pc/ros2_jazzy/install/my_robot_description' for CMake config files
[2.558s] Level 1:colcon.colcon_core.shell:create_environment_hook('my_robot_description', 'cmake_prefix_path')
[2.559s] INFO:colcon.colcon_core.shell:Creating environment hook '/home/vincent-pc/ros2_jazzy/install/my_robot_description/share/my_robot_description/hook/cmake_prefix_path.ps1'
[2.561s] INFO:colcon.colcon_core.shell:Creating environment descriptor '/home/vincent-pc/ros2_jazzy/install/my_robot_description/share/my_robot_description/hook/cmake_prefix_path.dsv'
[2.562s] INFO:colcon.colcon_core.shell:Creating environment hook '/home/vincent-pc/ros2_jazzy/install/my_robot_description/share/my_robot_description/hook/cmake_prefix_path.sh'
[2.563s] Level 1:colcon.colcon_core.environment:checking '/home/vincent-pc/ros2_jazzy/install/my_robot_description/bin'
[2.563s] Level 1:colcon.colcon_core.environment:checking '/home/vincent-pc/ros2_jazzy/install/my_robot_description/lib/pkgconfig/my_robot_description.pc'
[2.564s] Level 1:colcon.colcon_core.environment:checking '/home/vincent-pc/ros2_jazzy/install/my_robot_description/lib/python3.12/site-packages'
[2.565s] Level 1:colcon.colcon_core.environment:checking '/home/vincent-pc/ros2_jazzy/install/my_robot_description/bin'
[2.565s] INFO:colcon.colcon_core.shell:Creating package script '/home/vincent-pc/ros2_jazzy/install/my_robot_description/share/my_robot_description/package.ps1'
[2.567s] INFO:colcon.colcon_core.shell:Creating package descriptor '/home/vincent-pc/ros2_jazzy/install/my_robot_description/share/my_robot_description/package.dsv'
[2.568s] INFO:colcon.colcon_core.shell:Creating package script '/home/vincent-pc/ros2_jazzy/install/my_robot_description/share/my_robot_description/package.sh'
[2.569s] INFO:colcon.colcon_core.shell:Creating package script '/home/vincent-pc/ros2_jazzy/install/my_robot_description/share/my_robot_description/package.bash'
[2.571s] INFO:colcon.colcon_core.shell:Creating package script '/home/vincent-pc/ros2_jazzy/install/my_robot_description/share/my_robot_description/package.zsh'
[2.572s] Level 1:colcon.colcon_core.environment:create_file_with_runtime_dependencies(/home/vincent-pc/ros2_jazzy/install/my_robot_description/share/colcon-core/packages/my_robot_description)
[2.577s] Level 1:colcon.colcon_core.environment:create_environment_scripts_only(my_robot_bringup)
[2.578s] Level 1:colcon.colcon_core.environment:checking '/home/vincent-pc/ros2_jazzy/install/my_robot_bringup' for CMake module files
[2.579s] DEBUG:colcon.colcon_core.event_handler.log_command:Invoked command in '/home/vincent-pc/ros2_jazzy/build/my_robot_bringup' returned '0': CMAKE_PREFIX_PATH=${CMAKE_PREFIX_PATH}:/home/vincent-pc/ros2_jazzy/install/robot_actions_py:/home/vincent-pc/ros2_jazzy/install/my_robot_python:/home/vincent-pc/ros2_jazzy/install/actions_py:/opt/ros/jazzy DEBUGINFOD_URLS=https://debuginfod.ubuntu.com /usr/bin/cmake --install /home/vincent-pc/ros2_jazzy/build/my_robot_bringup
[2.580s] Level 1:colcon.colcon_core.environment:checking '/home/vincent-pc/ros2_jazzy/install/my_robot_bringup' for CMake config files
[2.583s] Level 1:colcon.colcon_core.shell:create_environment_hook('my_robot_bringup', 'cmake_prefix_path')
[2.584s] INFO:colcon.colcon_core.shell:Creating environment hook '/home/vincent-pc/ros2_jazzy/install/my_robot_bringup/share/my_robot_bringup/hook/cmake_prefix_path.ps1'
[2.587s] INFO:colcon.colcon_core.shell:Creating environment descriptor '/home/vincent-pc/ros2_jazzy/install/my_robot_bringup/share/my_robot_bringup/hook/cmake_prefix_path.dsv'
[2.588s] INFO:colcon.colcon_core.shell:Creating environment hook '/home/vincent-pc/ros2_jazzy/install/my_robot_bringup/share/my_robot_bringup/hook/cmake_prefix_path.sh'
[2.591s] Level 1:colcon.colcon_core.environment:checking '/home/vincent-pc/ros2_jazzy/install/my_robot_bringup/bin'
[2.591s] Level 1:colcon.colcon_core.environment:checking '/home/vincent-pc/ros2_jazzy/install/my_robot_bringup/lib/pkgconfig/my_robot_bringup.pc'
[2.592s] Level 1:colcon.colcon_core.environment:checking '/home/vincent-pc/ros2_jazzy/install/my_robot_bringup/lib/python3.12/site-packages'
[2.594s] Level 1:colcon.colcon_core.environment:checking '/home/vincent-pc/ros2_jazzy/install/my_robot_bringup/bin'
[2.595s] INFO:colcon.colcon_core.shell:Creating package script '/home/vincent-pc/ros2_jazzy/install/my_robot_bringup/share/my_robot_bringup/package.ps1'
[2.597s] INFO:colcon.colcon_core.shell:Creating package descriptor '/home/vincent-pc/ros2_jazzy/install/my_robot_bringup/share/my_robot_bringup/package.dsv'
[2.599s] INFO:colcon.colcon_core.shell:Creating package script '/home/vincent-pc/ros2_jazzy/install/my_robot_bringup/share/my_robot_bringup/package.sh'
[2.602s] INFO:colcon.colcon_core.shell:Creating package script '/home/vincent-pc/ros2_jazzy/install/my_robot_bringup/share/my_robot_bringup/package.bash'
[2.605s] INFO:colcon.colcon_core.shell:Creating package script '/home/vincent-pc/ros2_jazzy/install/my_robot_bringup/share/my_robot_bringup/package.zsh'
[2.606s] Level 1:colcon.colcon_core.environment:create_file_with_runtime_dependencies(/home/vincent-pc/ros2_jazzy/install/my_robot_bringup/share/colcon-core/packages/my_robot_bringup)
[2.608s] Level 1:colcon.colcon_core.environment:create_environment_scripts_only(my_robot_bringup)
[2.609s] Level 1:colcon.colcon_core.environment:checking '/home/vincent-pc/ros2_jazzy/install/my_robot_bringup' for CMake module files
[2.611s] Level 1:colcon.colcon_core.environment:checking '/home/vincent-pc/ros2_jazzy/install/my_robot_bringup' for CMake config files
[2.612s] Level 1:colcon.colcon_core.shell:create_environment_hook('my_robot_bringup', 'cmake_prefix_path')
[2.612s] INFO:colcon.colcon_core.shell:Creating environment hook '/home/vincent-pc/ros2_jazzy/install/my_robot_bringup/share/my_robot_bringup/hook/cmake_prefix_path.ps1'
[2.614s] INFO:colcon.colcon_core.shell:Creating environment descriptor '/home/vincent-pc/ros2_jazzy/install/my_robot_bringup/share/my_robot_bringup/hook/cmake_prefix_path.dsv'
[2.615s] INFO:colcon.colcon_core.shell:Creating environment hook '/home/vincent-pc/ros2_jazzy/install/my_robot_bringup/share/my_robot_bringup/hook/cmake_prefix_path.sh'
[2.617s] Level 1:colcon.colcon_core.environment:checking '/home/vincent-pc/ros2_jazzy/install/my_robot_bringup/bin'
[2.618s] Level 1:colcon.colcon_core.environment:checking '/home/vincent-pc/ros2_jazzy/install/my_robot_bringup/lib/pkgconfig/my_robot_bringup.pc'
[2.618s] Level 1:colcon.colcon_core.environment:checking '/home/vincent-pc/ros2_jazzy/install/my_robot_bringup/lib/python3.12/site-packages'
[2.619s] Level 1:colcon.colcon_core.environment:checking '/home/vincent-pc/ros2_jazzy/install/my_robot_bringup/bin'
[2.620s] INFO:colcon.colcon_core.shell:Creating package script '/home/vincent-pc/ros2_jazzy/install/my_robot_bringup/share/my_robot_bringup/package.ps1'
[2.622s] INFO:colcon.colcon_core.shell:Creating package descriptor '/home/vincent-pc/ros2_jazzy/install/my_robot_bringup/share/my_robot_bringup/package.dsv'
[2.624s] INFO:colcon.colcon_core.shell:Creating package script '/home/vincent-pc/ros2_jazzy/install/my_robot_bringup/share/my_robot_bringup/package.sh'
[2.626s] INFO:colcon.colcon_core.shell:Creating package script '/home/vincent-pc/ros2_jazzy/install/my_robot_bringup/share/my_robot_bringup/package.bash'
[2.628s] INFO:colcon.colcon_core.shell:Creating package script '/home/vincent-pc/ros2_jazzy/install/my_robot_bringup/share/my_robot_bringup/package.zsh'
[2.629s] Level 1:colcon.colcon_core.environment:create_file_with_runtime_dependencies(/home/vincent-pc/ros2_jazzy/install/my_robot_bringup/share/colcon-core/packages/my_robot_bringup)
[3.076s] DEBUG:colcon.colcon_core.event_handler.log_command:Invoked command in '/home/vincent-pc/ros2_jazzy/build/my_robot_interfaces' returned '0': CMAKE_PREFIX_PATH=${CMAKE_PREFIX_PATH}:/home/vincent-pc/ros2_jazzy/install/robot_actions_py:/home/vincent-pc/ros2_jazzy/install/my_robot_python:/home/vincent-pc/ros2_jazzy/install/actions_py:/opt/ros/jazzy DEBUGINFOD_URLS=https://debuginfod.ubuntu.com /usr/bin/cmake --build /home/vincent-pc/ros2_jazzy/build/my_robot_interfaces -- -j8 -l8
[3.080s] DEBUG:colcon.colcon_core.event_handler.log_command:Invoking command in '/home/vincent-pc/ros2_jazzy/build/my_robot_interfaces': CMAKE_PREFIX_PATH=${CMAKE_PREFIX_PATH}:/home/vincent-pc/ros2_jazzy/install/robot_actions_py:/home/vincent-pc/ros2_jazzy/install/my_robot_python:/home/vincent-pc/ros2_jazzy/install/actions_py:/opt/ros/jazzy DEBUGINFOD_URLS=https://debuginfod.ubuntu.com /usr/bin/cmake --install /home/vincent-pc/ros2_jazzy/build/my_robot_interfaces
[3.527s] Level 1:colcon.colcon_core.environment:create_environment_scripts_only(my_robot_interfaces)
[3.528s] Level 1:colcon.colcon_core.environment:checking '/home/vincent-pc/ros2_jazzy/install/my_robot_interfaces' for CMake module files
[3.530s] DEBUG:colcon.colcon_core.event_handler.log_command:Invoked command in '/home/vincent-pc/ros2_jazzy/build/my_robot_interfaces' returned '0': CMAKE_PREFIX_PATH=${CMAKE_PREFIX_PATH}:/home/vincent-pc/ros2_jazzy/install/robot_actions_py:/home/vincent-pc/ros2_jazzy/install/my_robot_python:/home/vincent-pc/ros2_jazzy/install/actions_py:/opt/ros/jazzy DEBUGINFOD_URLS=https://debuginfod.ubuntu.com /usr/bin/cmake --install /home/vincent-pc/ros2_jazzy/build/my_robot_interfaces
[3.532s] Level 1:colcon.colcon_core.environment:checking '/home/vincent-pc/ros2_jazzy/install/my_robot_interfaces' for CMake config files
[3.535s] Level 1:colcon.colcon_core.shell:create_environment_hook('my_robot_interfaces', 'cmake_prefix_path')
[3.536s] INFO:colcon.colcon_core.shell:Creating environment hook '/home/vincent-pc/ros2_jazzy/install/my_robot_interfaces/share/my_robot_interfaces/hook/cmake_prefix_path.ps1'
[3.537s] INFO:colcon.colcon_core.shell:Creating environment descriptor '/home/vincent-pc/ros2_jazzy/install/my_robot_interfaces/share/my_robot_interfaces/hook/cmake_prefix_path.dsv'
[3.539s] INFO:colcon.colcon_core.shell:Creating environment hook '/home/vincent-pc/ros2_jazzy/install/my_robot_interfaces/share/my_robot_interfaces/hook/cmake_prefix_path.sh'
[3.540s] Level 1:colcon.colcon_core.environment:checking '/home/vincent-pc/ros2_jazzy/install/my_robot_interfaces/lib'
[3.541s] Level 1:colcon.colcon_core.shell:create_environment_hook('my_robot_interfaces', 'ld_library_path_lib')
[3.541s] INFO:colcon.colcon_core.shell:Creating environment hook '/home/vincent-pc/ros2_jazzy/install/my_robot_interfaces/share/my_robot_interfaces/hook/ld_library_path_lib.ps1'
[3.543s] INFO:colcon.colcon_core.shell:Creating environment descriptor '/home/vincent-pc/ros2_jazzy/install/my_robot_interfaces/share/my_robot_interfaces/hook/ld_library_path_lib.dsv'
[3.544s] INFO:colcon.colcon_core.shell:Creating environment hook '/home/vincent-pc/ros2_jazzy/install/my_robot_interfaces/share/my_robot_interfaces/hook/ld_library_path_lib.sh'
[3.546s] Level 1:colcon.colcon_core.environment:checking '/home/vincent-pc/ros2_jazzy/install/my_robot_interfaces/bin'
[3.546s] Level 1:colcon.colcon_core.environment:checking '/home/vincent-pc/ros2_jazzy/install/my_robot_interfaces/lib/pkgconfig/my_robot_interfaces.pc'
[3.547s] Level 1:colcon.colcon_core.environment:checking '/home/vincent-pc/ros2_jazzy/install/my_robot_interfaces/lib/python3.12/site-packages'
[3.547s] Level 1:colcon.colcon_core.shell:create_environment_hook('my_robot_interfaces', 'pythonpath')
[3.547s] INFO:colcon.colcon_core.shell:Creating environment hook '/home/vincent-pc/ros2_jazzy/install/my_robot_interfaces/share/my_robot_interfaces/hook/pythonpath.ps1'
[3.549s] INFO:colcon.colcon_core.shell:Creating environment descriptor '/home/vincent-pc/ros2_jazzy/install/my_robot_interfaces/share/my_robot_interfaces/hook/pythonpath.dsv'
[3.550s] INFO:colcon.colcon_core.shell:Creating environment hook '/home/vincent-pc/ros2_jazzy/install/my_robot_interfaces/share/my_robot_interfaces/hook/pythonpath.sh'
[3.554s] Level 1:colcon.colcon_core.environment:checking '/home/vincent-pc/ros2_jazzy/install/my_robot_interfaces/bin'
[3.555s] INFO:colcon.colcon_core.shell:Creating package script '/home/vincent-pc/ros2_jazzy/install/my_robot_interfaces/share/my_robot_interfaces/package.ps1'
[3.557s] INFO:colcon.colcon_core.shell:Creating package descriptor '/home/vincent-pc/ros2_jazzy/install/my_robot_interfaces/share/my_robot_interfaces/package.dsv'
[3.559s] INFO:colcon.colcon_core.shell:Creating package script '/home/vincent-pc/ros2_jazzy/install/my_robot_interfaces/share/my_robot_interfaces/package.sh'
[3.562s] INFO:colcon.colcon_core.shell:Creating package script '/home/vincent-pc/ros2_jazzy/install/my_robot_interfaces/share/my_robot_interfaces/package.bash'
[3.565s] INFO:colcon.colcon_core.shell:Creating package script '/home/vincent-pc/ros2_jazzy/install/my_robot_interfaces/share/my_robot_interfaces/package.zsh'
[3.566s] Level 1:colcon.colcon_core.environment:create_file_with_runtime_dependencies(/home/vincent-pc/ros2_jazzy/install/my_robot_interfaces/share/colcon-core/packages/my_robot_interfaces)
[3.569s] Level 1:colcon.colcon_core.environment:create_environment_scripts_only(my_robot_interfaces)
[3.570s] Level 1:colcon.colcon_core.environment:checking '/home/vincent-pc/ros2_jazzy/install/my_robot_interfaces' for CMake module files
[3.572s] Level 1:colcon.colcon_core.environment:checking '/home/vincent-pc/ros2_jazzy/install/my_robot_interfaces' for CMake config files
[3.576s] Level 1:colcon.colcon_core.shell:create_environment_hook('my_robot_interfaces', 'cmake_prefix_path')
[3.577s] INFO:colcon.colcon_core.shell:Creating environment hook '/home/vincent-pc/ros2_jazzy/install/my_robot_interfaces/share/my_robot_interfaces/hook/cmake_prefix_path.ps1'
[3.579s] INFO:colcon.colcon_core.shell:Creating environment descriptor '/home/vincent-pc/ros2_jazzy/install/my_robot_interfaces/share/my_robot_interfaces/hook/cmake_prefix_path.dsv'
[3.581s] INFO:colcon.colcon_core.shell:Creating environment hook '/home/vincent-pc/ros2_jazzy/install/my_robot_interfaces/share/my_robot_interfaces/hook/cmake_prefix_path.sh'
[3.584s] Level 1:colcon.colcon_core.environment:checking '/home/vincent-pc/ros2_jazzy/install/my_robot_interfaces/lib'
[3.584s] Level 1:colcon.colcon_core.shell:create_environment_hook('my_robot_interfaces', 'ld_library_path_lib')
[3.585s] INFO:colcon.colcon_core.shell:Creating environment hook '/home/vincent-pc/ros2_jazzy/install/my_robot_interfaces/share/my_robot_interfaces/hook/ld_library_path_lib.ps1'
[3.586s] INFO:colcon.colcon_core.shell:Creating environment descriptor '/home/vincent-pc/ros2_jazzy/install/my_robot_interfaces/share/my_robot_interfaces/hook/ld_library_path_lib.dsv'
[3.587s] INFO:colcon.colcon_core.shell:Creating environment hook '/home/vincent-pc/ros2_jazzy/install/my_robot_interfaces/share/my_robot_interfaces/hook/ld_library_path_lib.sh'
[3.589s] Level 1:colcon.colcon_core.environment:checking '/home/vincent-pc/ros2_jazzy/install/my_robot_interfaces/bin'
[3.590s] Level 1:colcon.colcon_core.environment:checking '/home/vincent-pc/ros2_jazzy/install/my_robot_interfaces/lib/pkgconfig/my_robot_interfaces.pc'
[3.590s] Level 1:colcon.colcon_core.environment:checking '/home/vincent-pc/ros2_jazzy/install/my_robot_interfaces/lib/python3.12/site-packages'
[3.591s] Level 1:colcon.colcon_core.shell:create_environment_hook('my_robot_interfaces', 'pythonpath')
[3.592s] INFO:colcon.colcon_core.shell:Creating environment hook '/home/vincent-pc/ros2_jazzy/install/my_robot_interfaces/share/my_robot_interfaces/hook/pythonpath.ps1'
[3.593s] INFO:colcon.colcon_core.shell:Creating environment descriptor '/home/vincent-pc/ros2_jazzy/install/my_robot_interfaces/share/my_robot_interfaces/hook/pythonpath.dsv'
[3.594s] INFO:colcon.colcon_core.shell:Creating environment hook '/home/vincent-pc/ros2_jazzy/install/my_robot_interfaces/share/my_robot_interfaces/hook/pythonpath.sh'
[3.597s] Level 1:colcon.colcon_core.environment:checking '/home/vincent-pc/ros2_jazzy/install/my_robot_interfaces/bin'
[3.598s] INFO:colcon.colcon_core.shell:Creating package script '/home/vincent-pc/ros2_jazzy/install/my_robot_interfaces/share/my_robot_interfaces/package.ps1'
[3.600s] INFO:colcon.colcon_core.shell:Creating package descriptor '/home/vincent-pc/ros2_jazzy/install/my_robot_interfaces/share/my_robot_interfaces/package.dsv'
[3.603s] INFO:colcon.colcon_core.shell:Creating package script '/home/vincent-pc/ros2_jazzy/install/my_robot_interfaces/share/my_robot_interfaces/package.sh'
[3.605s] INFO:colcon.colcon_core.shell:Creating package script '/home/vincent-pc/ros2_jazzy/install/my_robot_interfaces/share/my_robot_interfaces/package.bash'
[3.607s] INFO:colcon.colcon_core.shell:Creating package script '/home/vincent-pc/ros2_jazzy/install/my_robot_interfaces/share/my_robot_interfaces/package.zsh'
[3.609s] Level 1:colcon.colcon_core.environment:create_file_with_runtime_dependencies(/home/vincent-pc/ros2_jazzy/install/my_robot_interfaces/share/colcon-core/packages/my_robot_interfaces)
[3.612s] INFO:colcon.colcon_ros.task.ament_cmake.build:Building ROS package in '/home/vincent-pc/ros2_jazzy/src/actions_cpp' with build type 'ament_cmake'
[3.613s] INFO:colcon.colcon_cmake.task.cmake.build:Building CMake package in '/home/vincent-pc/ros2_jazzy/src/actions_cpp'
[3.613s] INFO:colcon.colcon_core.shell:Skip shell extension 'powershell' for command environment: Not usable outside of PowerShell
[3.614s] DEBUG:colcon.colcon_core.shell:Skip shell extension 'dsv' for command environment
[3.631s] INFO:colcon.colcon_ros.task.ament_python.build:Building ROS package in '/home/vincent-pc/ros2_jazzy/src/actions_py' with build type 'ament_python'
[3.632s] Level 1:colcon.colcon_core.shell:create_environment_hook('actions_py', 'ament_prefix_path')
[3.633s] INFO:colcon.colcon_core.shell:Creating environment hook '/home/vincent-pc/ros2_jazzy/install/actions_py/share/actions_py/hook/ament_prefix_path.ps1'
[3.635s] INFO:colcon.colcon_core.shell:Creating environment descriptor '/home/vincent-pc/ros2_jazzy/install/actions_py/share/actions_py/hook/ament_prefix_path.dsv'
[3.637s] INFO:colcon.colcon_core.shell:Creating environment hook '/home/vincent-pc/ros2_jazzy/install/actions_py/share/actions_py/hook/ament_prefix_path.sh'
[3.640s] INFO:colcon.colcon_core.shell:Skip shell extension 'powershell' for command environment: Not usable outside of PowerShell
[3.641s] DEBUG:colcon.colcon_core.shell:Skip shell extension 'dsv' for command environment
[3.657s] INFO:colcon.colcon_ros.task.ament_cmake.build:Building ROS package in '/home/vincent-pc/ros2_jazzy/src/my_robot_cpp' with build type 'ament_cmake'
[3.657s] INFO:colcon.colcon_cmake.task.cmake.build:Building CMake package in '/home/vincent-pc/ros2_jazzy/src/my_robot_cpp'
[3.658s] INFO:colcon.colcon_core.shell:Skip shell extension 'powershell' for command environment: Not usable outside of PowerShell
[3.658s] DEBUG:colcon.colcon_core.shell:Skip shell extension 'dsv' for command environment
[3.677s] INFO:colcon.colcon_ros.task.ament_cmake.build:Building ROS package in '/home/vincent-pc/ros2_jazzy/src/robot_actions_cpp' with build type 'ament_cmake'
[3.678s] INFO:colcon.colcon_cmake.task.cmake.build:Building CMake package in '/home/vincent-pc/ros2_jazzy/src/robot_actions_cpp'
[3.679s] INFO:colcon.colcon_core.shell:Skip shell extension 'powershell' for command environment: Not usable outside of PowerShell
[3.680s] DEBUG:colcon.colcon_core.shell:Skip shell extension 'dsv' for command environment
[3.699s] INFO:colcon.colcon_ros.task.ament_python.build:Building ROS package in '/home/vincent-pc/ros2_jazzy/src/robot_actions_py' with build type 'ament_python'
[3.699s] Level 1:colcon.colcon_core.shell:create_environment_hook('robot_actions_py', 'ament_prefix_path')
[3.700s] INFO:colcon.colcon_core.shell:Creating environment hook '/home/vincent-pc/ros2_jazzy/install/robot_actions_py/share/robot_actions_py/hook/ament_prefix_path.ps1'
[3.703s] INFO:colcon.colcon_core.shell:Creating environment descriptor '/home/vincent-pc/ros2_jazzy/install/robot_actions_py/share/robot_actions_py/hook/ament_prefix_path.dsv'
[3.706s] INFO:colcon.colcon_core.shell:Creating environment hook '/home/vincent-pc/ros2_jazzy/install/robot_actions_py/share/robot_actions_py/hook/ament_prefix_path.sh'
[3.708s] INFO:colcon.colcon_core.shell:Skip shell extension 'powershell' for command environment: Not usable outside of PowerShell
[3.709s] DEBUG:colcon.colcon_core.shell:Skip shell extension 'dsv' for command environment
[3.738s] DEBUG:colcon.colcon_core.event_handler.log_command:Invoking command in '/home/vincent-pc/ros2_jazzy/build/actions_cpp': CMAKE_PREFIX_PATH=/home/vincent-pc/ros2_jazzy/install/my_robot_interfaces:/home/vincent-pc/ros2_jazzy/install/robot_actions_cpp:/home/vincent-pc/ros2_jazzy/install/my_robot_cpp:/home/vincent-pc/ros2_jazzy/install/actions_cpp:/home/vincent-pc/ros2_jazzy/install/my_robot_description:/home/vincent-pc/ros2_jazzy/install/my_robot_bringup:/opt/ros/jazzy/opt/gz_sim_vendor:/opt/ros/jazzy/opt/gz_sensors_vendor:/opt/ros/jazzy/opt/gz_physics_vendor:/opt/ros/jazzy/opt/sdformat_vendor:/opt/ros/jazzy/opt/gz_gui_vendor:/opt/ros/jazzy/opt/gz_transport_vendor:/opt/ros/jazzy/opt/gz_rendering_vendor:/opt/ros/jazzy/opt/gz_plugin_vendor:/opt/ros/jazzy/opt/gz_fuel_tools_vendor:/opt/ros/jazzy/opt/gz_msgs_vendor:/opt/ros/jazzy/opt/gz_common_vendor:/opt/ros/jazzy/opt/gz_math_vendor:/opt/ros/jazzy/opt/gz_utils_vendor:/opt/ros/jazzy/opt/gz_tools_vendor:/opt/ros/jazzy/opt/gz_ogre_next_vendor:/opt/ros/jazzy/opt/gz_dartsim_vendor:/opt/ros/jazzy/opt/gz_cmake_vendor:/home/vincent-pc/ros2_jazzy/install/robot_actions_py:/home/vincent-pc/ros2_jazzy/install/my_robot_python:/home/vincent-pc/ros2_jazzy/install/actions_py:/opt/ros/jazzy DEBUGINFOD_URLS=https://debuginfod.ubuntu.com PYTHONPATH=/home/vincent-pc/ros2_jazzy/install/my_robot_interfaces/lib/python3.12/site-packages:/home/vincent-pc/ros2_jazzy/build/robot_actions_py:/home/vincent-pc/ros2_jazzy/install/robot_actions_py/lib/python3.12/site-packages:/home/vincent-pc/ros2_jazzy/build/my_robot_python:/home/vincent-pc/ros2_jazzy/install/my_robot_python/lib/python3.12/site-packages:/home/vincent-pc/ros2_jazzy/build/actions_py:/home/vincent-pc/ros2_jazzy/install/actions_py/lib/python3.12/site-packages:/opt/ros/jazzy/lib/python3.12/site-packages /usr/bin/cmake --build /home/vincent-pc/ros2_jazzy/build/actions_cpp -- -j8 -l8
[4.713s] INFO:colcon.colcon_core.task.python.build:Building Python package in '/home/vincent-pc/ros2_jazzy/src/actions_py'
[4.714s] INFO:colcon.colcon_core.shell:Skip shell extension 'powershell' for command environment: Not usable outside of PowerShell
[4.714s] DEBUG:colcon.colcon_core.shell:Skip shell extension 'dsv' for command environment
[4.732s] DEBUG:colcon.colcon_core.event_handler.log_command:Invoking command in '/home/vincent-pc/ros2_jazzy/build/my_robot_cpp': CMAKE_PREFIX_PATH=/home/vincent-pc/ros2_jazzy/install/my_robot_interfaces:/home/vincent-pc/ros2_jazzy/install/robot_actions_cpp:/home/vincent-pc/ros2_jazzy/install/my_robot_cpp:/home/vincent-pc/ros2_jazzy/install/actions_cpp:/home/vincent-pc/ros2_jazzy/install/my_robot_description:/home/vincent-pc/ros2_jazzy/install/my_robot_bringup:/opt/ros/jazzy/opt/gz_sim_vendor:/opt/ros/jazzy/opt/gz_sensors_vendor:/opt/ros/jazzy/opt/gz_physics_vendor:/opt/ros/jazzy/opt/sdformat_vendor:/opt/ros/jazzy/opt/gz_gui_vendor:/opt/ros/jazzy/opt/gz_transport_vendor:/opt/ros/jazzy/opt/gz_rendering_vendor:/opt/ros/jazzy/opt/gz_plugin_vendor:/opt/ros/jazzy/opt/gz_fuel_tools_vendor:/opt/ros/jazzy/opt/gz_msgs_vendor:/opt/ros/jazzy/opt/gz_common_vendor:/opt/ros/jazzy/opt/gz_math_vendor:/opt/ros/jazzy/opt/gz_utils_vendor:/opt/ros/jazzy/opt/gz_tools_vendor:/opt/ros/jazzy/opt/gz_ogre_next_vendor:/opt/ros/jazzy/opt/gz_dartsim_vendor:/opt/ros/jazzy/opt/gz_cmake_vendor:/home/vincent-pc/ros2_jazzy/install/robot_actions_py:/home/vincent-pc/ros2_jazzy/install/my_robot_python:/home/vincent-pc/ros2_jazzy/install/actions_py:/opt/ros/jazzy DEBUGINFOD_URLS=https://debuginfod.ubuntu.com PYTHONPATH=/home/vincent-pc/ros2_jazzy/install/my_robot_interfaces/lib/python3.12/site-packages:/home/vincent-pc/ros2_jazzy/build/robot_actions_py:/home/vincent-pc/ros2_jazzy/install/robot_actions_py/lib/python3.12/site-packages:/home/vincent-pc/ros2_jazzy/build/my_robot_python:/home/vincent-pc/ros2_jazzy/install/my_robot_python/lib/python3.12/site-packages:/home/vincent-pc/ros2_jazzy/build/actions_py:/home/vincent-pc/ros2_jazzy/install/actions_py/lib/python3.12/site-packages:/opt/ros/jazzy/lib/python3.12/site-packages /usr/bin/cmake --build /home/vincent-pc/ros2_jazzy/build/my_robot_cpp -- -j8 -l8
[4.742s] DEBUG:colcon.colcon_core.event_handler.log_command:Invoking command in '/home/vincent-pc/ros2_jazzy/build/robot_actions_cpp': CMAKE_PREFIX_PATH=/home/vincent-pc/ros2_jazzy/install/my_robot_interfaces:/home/vincent-pc/ros2_jazzy/install/robot_actions_cpp:/home/vincent-pc/ros2_jazzy/install/my_robot_cpp:/home/vincent-pc/ros2_jazzy/install/actions_cpp:/home/vincent-pc/ros2_jazzy/install/my_robot_description:/home/vincent-pc/ros2_jazzy/install/my_robot_bringup:/opt/ros/jazzy/opt/gz_sim_vendor:/opt/ros/jazzy/opt/gz_sensors_vendor:/opt/ros/jazzy/opt/gz_physics_vendor:/opt/ros/jazzy/opt/sdformat_vendor:/opt/ros/jazzy/opt/gz_gui_vendor:/opt/ros/jazzy/opt/gz_transport_vendor:/opt/ros/jazzy/opt/gz_rendering_vendor:/opt/ros/jazzy/opt/gz_plugin_vendor:/opt/ros/jazzy/opt/gz_fuel_tools_vendor:/opt/ros/jazzy/opt/gz_msgs_vendor:/opt/ros/jazzy/opt/gz_common_vendor:/opt/ros/jazzy/opt/gz_math_vendor:/opt/ros/jazzy/opt/gz_utils_vendor:/opt/ros/jazzy/opt/gz_tools_vendor:/opt/ros/jazzy/opt/gz_ogre_next_vendor:/opt/ros/jazzy/opt/gz_dartsim_vendor:/opt/ros/jazzy/opt/gz_cmake_vendor:/home/vincent-pc/ros2_jazzy/install/robot_actions_py:/home/vincent-pc/ros2_jazzy/install/my_robot_python:/home/vincent-pc/ros2_jazzy/install/actions_py:/opt/ros/jazzy DEBUGINFOD_URLS=https://debuginfod.ubuntu.com PYTHONPATH=/home/vincent-pc/ros2_jazzy/install/my_robot_interfaces/lib/python3.12/site-packages:/home/vincent-pc/ros2_jazzy/build/robot_actions_py:/home/vincent-pc/ros2_jazzy/install/robot_actions_py/lib/python3.12/site-packages:/home/vincent-pc/ros2_jazzy/build/my_robot_python:/home/vincent-pc/ros2_jazzy/install/my_robot_python/lib/python3.12/site-packages:/home/vincent-pc/ros2_jazzy/build/actions_py:/home/vincent-pc/ros2_jazzy/install/actions_py/lib/python3.12/site-packages:/opt/ros/jazzy/lib/python3.12/site-packages /usr/bin/cmake --build /home/vincent-pc/ros2_jazzy/build/robot_actions_cpp -- -j8 -l8
[5.733s] INFO:colcon.colcon_core.task.python.build:Building Python package in '/home/vincent-pc/ros2_jazzy/src/robot_actions_py'
[5.734s] INFO:colcon.colcon_core.shell:Skip shell extension 'powershell' for command environment: Not usable outside of PowerShell
[5.734s] DEBUG:colcon.colcon_core.shell:Skip shell extension 'dsv' for command environment
[5.750s] DEBUG:colcon.colcon_core.event_handler.log_command:Invoked command in '/home/vincent-pc/ros2_jazzy/build/actions_cpp' returned '0': CMAKE_PREFIX_PATH=/home/vincent-pc/ros2_jazzy/install/my_robot_interfaces:/home/vincent-pc/ros2_jazzy/install/robot_actions_cpp:/home/vincent-pc/ros2_jazzy/install/my_robot_cpp:/home/vincent-pc/ros2_jazzy/install/actions_cpp:/home/vincent-pc/ros2_jazzy/install/my_robot_description:/home/vincent-pc/ros2_jazzy/install/my_robot_bringup:/opt/ros/jazzy/opt/gz_sim_vendor:/opt/ros/jazzy/opt/gz_sensors_vendor:/opt/ros/jazzy/opt/gz_physics_vendor:/opt/ros/jazzy/opt/sdformat_vendor:/opt/ros/jazzy/opt/gz_gui_vendor:/opt/ros/jazzy/opt/gz_transport_vendor:/opt/ros/jazzy/opt/gz_rendering_vendor:/opt/ros/jazzy/opt/gz_plugin_vendor:/opt/ros/jazzy/opt/gz_fuel_tools_vendor:/opt/ros/jazzy/opt/gz_msgs_vendor:/opt/ros/jazzy/opt/gz_common_vendor:/opt/ros/jazzy/opt/gz_math_vendor:/opt/ros/jazzy/opt/gz_utils_vendor:/opt/ros/jazzy/opt/gz_tools_vendor:/opt/ros/jazzy/opt/gz_ogre_next_vendor:/opt/ros/jazzy/opt/gz_dartsim_vendor:/opt/ros/jazzy/opt/gz_cmake_vendor:/home/vincent-pc/ros2_jazzy/install/robot_actions_py:/home/vincent-pc/ros2_jazzy/install/my_robot_python:/home/vincent-pc/ros2_jazzy/install/actions_py:/opt/ros/jazzy DEBUGINFOD_URLS=https://debuginfod.ubuntu.com PYTHONPATH=/home/vincent-pc/ros2_jazzy/install/my_robot_interfaces/lib/python3.12/site-packages:/home/vincent-pc/ros2_jazzy/build/robot_actions_py:/home/vincent-pc/ros2_jazzy/install/robot_actions_py/lib/python3.12/site-packages:/home/vincent-pc/ros2_jazzy/build/my_robot_python:/home/vincent-pc/ros2_jazzy/install/my_robot_python/lib/python3.12/site-packages:/home/vincent-pc/ros2_jazzy/build/actions_py:/home/vincent-pc/ros2_jazzy/install/actions_py/lib/python3.12/site-packages:/opt/ros/jazzy/lib/python3.12/site-packages /usr/bin/cmake --build /home/vincent-pc/ros2_jazzy/build/actions_cpp -- -j8 -l8
[5.758s] DEBUG:colcon.colcon_core.event_handler.log_command:Invoking command in '/home/vincent-pc/ros2_jazzy/build/actions_cpp': CMAKE_PREFIX_PATH=/home/vincent-pc/ros2_jazzy/install/my_robot_interfaces:/home/vincent-pc/ros2_jazzy/install/robot_actions_cpp:/home/vincent-pc/ros2_jazzy/install/my_robot_cpp:/home/vincent-pc/ros2_jazzy/install/actions_cpp:/home/vincent-pc/ros2_jazzy/install/my_robot_description:/home/vincent-pc/ros2_jazzy/install/my_robot_bringup:/opt/ros/jazzy/opt/gz_sim_vendor:/opt/ros/jazzy/opt/gz_sensors_vendor:/opt/ros/jazzy/opt/gz_physics_vendor:/opt/ros/jazzy/opt/sdformat_vendor:/opt/ros/jazzy/opt/gz_gui_vendor:/opt/ros/jazzy/opt/gz_transport_vendor:/opt/ros/jazzy/opt/gz_rendering_vendor:/opt/ros/jazzy/opt/gz_plugin_vendor:/opt/ros/jazzy/opt/gz_fuel_tools_vendor:/opt/ros/jazzy/opt/gz_msgs_vendor:/opt/ros/jazzy/opt/gz_common_vendor:/opt/ros/jazzy/opt/gz_math_vendor:/opt/ros/jazzy/opt/gz_utils_vendor:/opt/ros/jazzy/opt/gz_tools_vendor:/opt/ros/jazzy/opt/gz_ogre_next_vendor:/opt/ros/jazzy/opt/gz_dartsim_vendor:/opt/ros/jazzy/opt/gz_cmake_vendor:/home/vincent-pc/ros2_jazzy/install/robot_actions_py:/home/vincent-pc/ros2_jazzy/install/my_robot_python:/home/vincent-pc/ros2_jazzy/install/actions_py:/opt/ros/jazzy DEBUGINFOD_URLS=https://debuginfod.ubuntu.com PYTHONPATH=/home/vincent-pc/ros2_jazzy/install/my_robot_interfaces/lib/python3.12/site-packages:/home/vincent-pc/ros2_jazzy/build/robot_actions_py:/home/vincent-pc/ros2_jazzy/install/robot_actions_py/lib/python3.12/site-packages:/home/vincent-pc/ros2_jazzy/build/my_robot_python:/home/vincent-pc/ros2_jazzy/install/my_robot_python/lib/python3.12/site-packages:/home/vincent-pc/ros2_jazzy/build/actions_py:/home/vincent-pc/ros2_jazzy/install/actions_py/lib/python3.12/site-packages:/opt/ros/jazzy/lib/python3.12/site-packages /usr/bin/cmake --install /home/vincent-pc/ros2_jazzy/build/actions_cpp
[5.781s] DEBUG:colcon.colcon_core.event_handler.log_command:Invoked command in '/home/vincent-pc/ros2_jazzy/build/robot_actions_cpp' returned '0': CMAKE_PREFIX_PATH=/home/vincent-pc/ros2_jazzy/install/my_robot_interfaces:/home/vincent-pc/ros2_jazzy/install/robot_actions_cpp:/home/vincent-pc/ros2_jazzy/install/my_robot_cpp:/home/vincent-pc/ros2_jazzy/install/actions_cpp:/home/vincent-pc/ros2_jazzy/install/my_robot_description:/home/vincent-pc/ros2_jazzy/install/my_robot_bringup:/opt/ros/jazzy/opt/gz_sim_vendor:/opt/ros/jazzy/opt/gz_sensors_vendor:/opt/ros/jazzy/opt/gz_physics_vendor:/opt/ros/jazzy/opt/sdformat_vendor:/opt/ros/jazzy/opt/gz_gui_vendor:/opt/ros/jazzy/opt/gz_transport_vendor:/opt/ros/jazzy/opt/gz_rendering_vendor:/opt/ros/jazzy/opt/gz_plugin_vendor:/opt/ros/jazzy/opt/gz_fuel_tools_vendor:/opt/ros/jazzy/opt/gz_msgs_vendor:/opt/ros/jazzy/opt/gz_common_vendor:/opt/ros/jazzy/opt/gz_math_vendor:/opt/ros/jazzy/opt/gz_utils_vendor:/opt/ros/jazzy/opt/gz_tools_vendor:/opt/ros/jazzy/opt/gz_ogre_next_vendor:/opt/ros/jazzy/opt/gz_dartsim_vendor:/opt/ros/jazzy/opt/gz_cmake_vendor:/home/vincent-pc/ros2_jazzy/install/robot_actions_py:/home/vincent-pc/ros2_jazzy/install/my_robot_python:/home/vincent-pc/ros2_jazzy/install/actions_py:/opt/ros/jazzy DEBUGINFOD_URLS=https://debuginfod.ubuntu.com PYTHONPATH=/home/vincent-pc/ros2_jazzy/install/my_robot_interfaces/lib/python3.12/site-packages:/home/vincent-pc/ros2_jazzy/build/robot_actions_py:/home/vincent-pc/ros2_jazzy/install/robot_actions_py/lib/python3.12/site-packages:/home/vincent-pc/ros2_jazzy/build/my_robot_python:/home/vincent-pc/ros2_jazzy/install/my_robot_python/lib/python3.12/site-packages:/home/vincent-pc/ros2_jazzy/build/actions_py:/home/vincent-pc/ros2_jazzy/install/actions_py/lib/python3.12/site-packages:/opt/ros/jazzy/lib/python3.12/site-packages /usr/bin/cmake --build /home/vincent-pc/ros2_jazzy/build/robot_actions_cpp -- -j8 -l8
[5.799s] DEBUG:colcon.colcon_core.event_handler.log_command:Invoking command in '/home/vincent-pc/ros2_jazzy/build/robot_actions_cpp': CMAKE_PREFIX_PATH=/home/vincent-pc/ros2_jazzy/install/my_robot_interfaces:/home/vincent-pc/ros2_jazzy/install/robot_actions_cpp:/home/vincent-pc/ros2_jazzy/install/my_robot_cpp:/home/vincent-pc/ros2_jazzy/install/actions_cpp:/home/vincent-pc/ros2_jazzy/install/my_robot_description:/home/vincent-pc/ros2_jazzy/install/my_robot_bringup:/opt/ros/jazzy/opt/gz_sim_vendor:/opt/ros/jazzy/opt/gz_sensors_vendor:/opt/ros/jazzy/opt/gz_physics_vendor:/opt/ros/jazzy/opt/sdformat_vendor:/opt/ros/jazzy/opt/gz_gui_vendor:/opt/ros/jazzy/opt/gz_transport_vendor:/opt/ros/jazzy/opt/gz_rendering_vendor:/opt/ros/jazzy/opt/gz_plugin_vendor:/opt/ros/jazzy/opt/gz_fuel_tools_vendor:/opt/ros/jazzy/opt/gz_msgs_vendor:/opt/ros/jazzy/opt/gz_common_vendor:/opt/ros/jazzy/opt/gz_math_vendor:/opt/ros/jazzy/opt/gz_utils_vendor:/opt/ros/jazzy/opt/gz_tools_vendor:/opt/ros/jazzy/opt/gz_ogre_next_vendor:/opt/ros/jazzy/opt/gz_dartsim_vendor:/opt/ros/jazzy/opt/gz_cmake_vendor:/home/vincent-pc/ros2_jazzy/install/robot_actions_py:/home/vincent-pc/ros2_jazzy/install/my_robot_python:/home/vincent-pc/ros2_jazzy/install/actions_py:/opt/ros/jazzy DEBUGINFOD_URLS=https://debuginfod.ubuntu.com PYTHONPATH=/home/vincent-pc/ros2_jazzy/install/my_robot_interfaces/lib/python3.12/site-packages:/home/vincent-pc/ros2_jazzy/build/robot_actions_py:/home/vincent-pc/ros2_jazzy/install/robot_actions_py/lib/python3.12/site-packages:/home/vincent-pc/ros2_jazzy/build/my_robot_python:/home/vincent-pc/ros2_jazzy/install/my_robot_python/lib/python3.12/site-packages:/home/vincent-pc/ros2_jazzy/build/actions_py:/home/vincent-pc/ros2_jazzy/install/actions_py/lib/python3.12/site-packages:/opt/ros/jazzy/lib/python3.12/site-packages /usr/bin/cmake --install /home/vincent-pc/ros2_jazzy/build/robot_actions_cpp
[5.817s] DEBUG:colcon.colcon_core.event_handler.log_command:Invoking command in '/home/vincent-pc/ros2_jazzy/build/my_robot_python': DEBUGINFOD_URLS=https://debuginfod.ubuntu.com PYTHONPATH=/home/vincent-pc/ros2_jazzy/build/my_robot_python/prefix_override:/usr/lib/python3/dist-packages/colcon_core/task/python/colcon_distutils_commands:/home/vincent-pc/ros2_jazzy/install/my_robot_python/lib/python3.12/site-packages:${PYTHONPATH} /usr/bin/python3 -W ignore:setup.py install is deprecated -W ignore:easy_install command is deprecated setup.py develop --editable --build-directory /home/vincent-pc/ros2_jazzy/build/my_robot_python/build --no-deps symlink_data
[5.821s] DEBUG:colcon.colcon_core.event_handler.log_command:Invoked command in '/home/vincent-pc/ros2_jazzy/build/my_robot_cpp' returned '0': CMAKE_PREFIX_PATH=/home/vincent-pc/ros2_jazzy/install/my_robot_interfaces:/home/vincent-pc/ros2_jazzy/install/robot_actions_cpp:/home/vincent-pc/ros2_jazzy/install/my_robot_cpp:/home/vincent-pc/ros2_jazzy/install/actions_cpp:/home/vincent-pc/ros2_jazzy/install/my_robot_description:/home/vincent-pc/ros2_jazzy/install/my_robot_bringup:/opt/ros/jazzy/opt/gz_sim_vendor:/opt/ros/jazzy/opt/gz_sensors_vendor:/opt/ros/jazzy/opt/gz_physics_vendor:/opt/ros/jazzy/opt/sdformat_vendor:/opt/ros/jazzy/opt/gz_gui_vendor:/opt/ros/jazzy/opt/gz_transport_vendor:/opt/ros/jazzy/opt/gz_rendering_vendor:/opt/ros/jazzy/opt/gz_plugin_vendor:/opt/ros/jazzy/opt/gz_fuel_tools_vendor:/opt/ros/jazzy/opt/gz_msgs_vendor:/opt/ros/jazzy/opt/gz_common_vendor:/opt/ros/jazzy/opt/gz_math_vendor:/opt/ros/jazzy/opt/gz_utils_vendor:/opt/ros/jazzy/opt/gz_tools_vendor:/opt/ros/jazzy/opt/gz_ogre_next_vendor:/opt/ros/jazzy/opt/gz_dartsim_vendor:/opt/ros/jazzy/opt/gz_cmake_vendor:/home/vincent-pc/ros2_jazzy/install/robot_actions_py:/home/vincent-pc/ros2_jazzy/install/my_robot_python:/home/vincent-pc/ros2_jazzy/install/actions_py:/opt/ros/jazzy DEBUGINFOD_URLS=https://debuginfod.ubuntu.com PYTHONPATH=/home/vincent-pc/ros2_jazzy/install/my_robot_interfaces/lib/python3.12/site-packages:/home/vincent-pc/ros2_jazzy/build/robot_actions_py:/home/vincent-pc/ros2_jazzy/install/robot_actions_py/lib/python3.12/site-packages:/home/vincent-pc/ros2_jazzy/build/my_robot_python:/home/vincent-pc/ros2_jazzy/install/my_robot_python/lib/python3.12/site-packages:/home/vincent-pc/ros2_jazzy/build/actions_py:/home/vincent-pc/ros2_jazzy/install/actions_py/lib/python3.12/site-packages:/opt/ros/jazzy/lib/python3.12/site-packages /usr/bin/cmake --build /home/vincent-pc/ros2_jazzy/build/my_robot_cpp -- -j8 -l8
[5.826s] DEBUG:colcon.colcon_core.event_handler.log_command:Invoking command in '/home/vincent-pc/ros2_jazzy/build/my_robot_cpp': CMAKE_PREFIX_PATH=/home/vincent-pc/ros2_jazzy/install/my_robot_interfaces:/home/vincent-pc/ros2_jazzy/install/robot_actions_cpp:/home/vincent-pc/ros2_jazzy/install/my_robot_cpp:/home/vincent-pc/ros2_jazzy/install/actions_cpp:/home/vincent-pc/ros2_jazzy/install/my_robot_description:/home/vincent-pc/ros2_jazzy/install/my_robot_bringup:/opt/ros/jazzy/opt/gz_sim_vendor:/opt/ros/jazzy/opt/gz_sensors_vendor:/opt/ros/jazzy/opt/gz_physics_vendor:/opt/ros/jazzy/opt/sdformat_vendor:/opt/ros/jazzy/opt/gz_gui_vendor:/opt/ros/jazzy/opt/gz_transport_vendor:/opt/ros/jazzy/opt/gz_rendering_vendor:/opt/ros/jazzy/opt/gz_plugin_vendor:/opt/ros/jazzy/opt/gz_fuel_tools_vendor:/opt/ros/jazzy/opt/gz_msgs_vendor:/opt/ros/jazzy/opt/gz_common_vendor:/opt/ros/jazzy/opt/gz_math_vendor:/opt/ros/jazzy/opt/gz_utils_vendor:/opt/ros/jazzy/opt/gz_tools_vendor:/opt/ros/jazzy/opt/gz_ogre_next_vendor:/opt/ros/jazzy/opt/gz_dartsim_vendor:/opt/ros/jazzy/opt/gz_cmake_vendor:/home/vincent-pc/ros2_jazzy/install/robot_actions_py:/home/vincent-pc/ros2_jazzy/install/my_robot_python:/home/vincent-pc/ros2_jazzy/install/actions_py:/opt/ros/jazzy DEBUGINFOD_URLS=https://debuginfod.ubuntu.com PYTHONPATH=/home/vincent-pc/ros2_jazzy/install/my_robot_interfaces/lib/python3.12/site-packages:/home/vincent-pc/ros2_jazzy/build/robot_actions_py:/home/vincent-pc/ros2_jazzy/install/robot_actions_py/lib/python3.12/site-packages:/home/vincent-pc/ros2_jazzy/build/my_robot_python:/home/vincent-pc/ros2_jazzy/install/my_robot_python/lib/python3.12/site-packages:/home/vincent-pc/ros2_jazzy/build/actions_py:/home/vincent-pc/ros2_jazzy/install/actions_py/lib/python3.12/site-packages:/opt/ros/jazzy/lib/python3.12/site-packages /usr/bin/cmake --install /home/vincent-pc/ros2_jazzy/build/my_robot_cpp
[5.881s] Level 1:colcon.colcon_core.environment:create_environment_scripts_only(actions_cpp)
[5.884s] Level 1:colcon.colcon_core.environment:checking '/home/vincent-pc/ros2_jazzy/install/actions_cpp' for CMake module files
[5.898s] Level 1:colcon.colcon_core.environment:checking '/home/vincent-pc/ros2_jazzy/install/actions_cpp' for CMake config files
[5.906s] Level 1:colcon.colcon_core.shell:create_environment_hook('actions_cpp', 'cmake_prefix_path')
[5.911s] INFO:colcon.colcon_core.shell:Creating environment hook '/home/vincent-pc/ros2_jazzy/install/actions_cpp/share/actions_cpp/hook/cmake_prefix_path.ps1'
[5.914s] DEBUG:colcon.colcon_core.event_handler.log_command:Invoked command in '/home/vincent-pc/ros2_jazzy/build/actions_cpp' returned '0': CMAKE_PREFIX_PATH=/home/vincent-pc/ros2_jazzy/install/my_robot_interfaces:/home/vincent-pc/ros2_jazzy/install/robot_actions_cpp:/home/vincent-pc/ros2_jazzy/install/my_robot_cpp:/home/vincent-pc/ros2_jazzy/install/actions_cpp:/home/vincent-pc/ros2_jazzy/install/my_robot_description:/home/vincent-pc/ros2_jazzy/install/my_robot_bringup:/opt/ros/jazzy/opt/gz_sim_vendor:/opt/ros/jazzy/opt/gz_sensors_vendor:/opt/ros/jazzy/opt/gz_physics_vendor:/opt/ros/jazzy/opt/sdformat_vendor:/opt/ros/jazzy/opt/gz_gui_vendor:/opt/ros/jazzy/opt/gz_transport_vendor:/opt/ros/jazzy/opt/gz_rendering_vendor:/opt/ros/jazzy/opt/gz_plugin_vendor:/opt/ros/jazzy/opt/gz_fuel_tools_vendor:/opt/ros/jazzy/opt/gz_msgs_vendor:/opt/ros/jazzy/opt/gz_common_vendor:/opt/ros/jazzy/opt/gz_math_vendor:/opt/ros/jazzy/opt/gz_utils_vendor:/opt/ros/jazzy/opt/gz_tools_vendor:/opt/ros/jazzy/opt/gz_ogre_next_vendor:/opt/ros/jazzy/opt/gz_dartsim_vendor:/opt/ros/jazzy/opt/gz_cmake_vendor:/home/vincent-pc/ros2_jazzy/install/robot_actions_py:/home/vincent-pc/ros2_jazzy/install/my_robot_python:/home/vincent-pc/ros2_jazzy/install/actions_py:/opt/ros/jazzy DEBUGINFOD_URLS=https://debuginfod.ubuntu.com PYTHONPATH=/home/vincent-pc/ros2_jazzy/install/my_robot_interfaces/lib/python3.12/site-packages:/home/vincent-pc/ros2_jazzy/build/robot_actions_py:/home/vincent-pc/ros2_jazzy/install/robot_actions_py/lib/python3.12/site-packages:/home/vincent-pc/ros2_jazzy/build/my_robot_python:/home/vincent-pc/ros2_jazzy/install/my_robot_python/lib/python3.12/site-packages:/home/vincent-pc/ros2_jazzy/build/actions_py:/home/vincent-pc/ros2_jazzy/install/actions_py/lib/python3.12/site-packages:/opt/ros/jazzy/lib/python3.12/site-packages /usr/bin/cmake --install /home/vincent-pc/ros2_jazzy/build/actions_cpp
[5.922s] INFO:colcon.colcon_core.shell:Creating environment descriptor '/home/vincent-pc/ros2_jazzy/install/actions_cpp/share/actions_cpp/hook/cmake_prefix_path.dsv'
[5.935s] INFO:colcon.colcon_core.shell:Creating environment hook '/home/vincent-pc/ros2_jazzy/install/actions_cpp/share/actions_cpp/hook/cmake_prefix_path.sh'
[5.942s] Level 1:colcon.colcon_core.environment:checking '/home/vincent-pc/ros2_jazzy/install/actions_cpp/lib'
[5.943s] Level 1:colcon.colcon_core.environment:checking '/home/vincent-pc/ros2_jazzy/install/actions_cpp/bin'
[5.945s] Level 1:colcon.colcon_core.environment:checking '/home/vincent-pc/ros2_jazzy/install/actions_cpp/lib/pkgconfig/actions_cpp.pc'
[5.948s] Level 1:colcon.colcon_core.environment:checking '/home/vincent-pc/ros2_jazzy/install/actions_cpp/lib/python3.12/site-packages'
[5.956s] Level 1:colcon.colcon_core.environment:checking '/home/vincent-pc/ros2_jazzy/install/actions_cpp/bin'
[5.959s] INFO:colcon.colcon_core.shell:Creating package script '/home/vincent-pc/ros2_jazzy/install/actions_cpp/share/actions_cpp/package.ps1'
[5.964s] INFO:colcon.colcon_core.shell:Creating package descriptor '/home/vincent-pc/ros2_jazzy/install/actions_cpp/share/actions_cpp/package.dsv'
[5.968s] INFO:colcon.colcon_core.shell:Creating package script '/home/vincent-pc/ros2_jazzy/install/actions_cpp/share/actions_cpp/package.sh'
[5.972s] INFO:colcon.colcon_core.shell:Creating package script '/home/vincent-pc/ros2_jazzy/install/actions_cpp/share/actions_cpp/package.bash'
[5.976s] INFO:colcon.colcon_core.shell:Creating package script '/home/vincent-pc/ros2_jazzy/install/actions_cpp/share/actions_cpp/package.zsh'
[5.978s] Level 1:colcon.colcon_core.environment:create_file_with_runtime_dependencies(/home/vincent-pc/ros2_jazzy/install/actions_cpp/share/colcon-core/packages/actions_cpp)
[5.985s] Level 1:colcon.colcon_core.environment:create_environment_scripts_only(actions_cpp)
[5.986s] Level 1:colcon.colcon_core.environment:checking '/home/vincent-pc/ros2_jazzy/install/actions_cpp' for CMake module files
[5.989s] Level 1:colcon.colcon_core.environment:checking '/home/vincent-pc/ros2_jazzy/install/actions_cpp' for CMake config files
[5.991s] Level 1:colcon.colcon_core.shell:create_environment_hook('actions_cpp', 'cmake_prefix_path')
[5.992s] INFO:colcon.colcon_core.shell:Creating environment hook '/home/vincent-pc/ros2_jazzy/install/actions_cpp/share/actions_cpp/hook/cmake_prefix_path.ps1'
[5.994s] INFO:colcon.colcon_core.shell:Creating environment descriptor '/home/vincent-pc/ros2_jazzy/install/actions_cpp/share/actions_cpp/hook/cmake_prefix_path.dsv'
[5.996s] INFO:colcon.colcon_core.shell:Creating environment hook '/home/vincent-pc/ros2_jazzy/install/actions_cpp/share/actions_cpp/hook/cmake_prefix_path.sh'
[6.002s] Level 1:colcon.colcon_core.environment:checking '/home/vincent-pc/ros2_jazzy/install/actions_cpp/lib'
[6.003s] Level 1:colcon.colcon_core.environment:checking '/home/vincent-pc/ros2_jazzy/install/actions_cpp/bin'
[6.003s] Level 1:colcon.colcon_core.environment:checking '/home/vincent-pc/ros2_jazzy/install/actions_cpp/lib/pkgconfig/actions_cpp.pc'
[6.004s] Level 1:colcon.colcon_core.environment:checking '/home/vincent-pc/ros2_jazzy/install/actions_cpp/lib/python3.12/site-packages'
[6.006s] Level 1:colcon.colcon_core.environment:checking '/home/vincent-pc/ros2_jazzy/install/actions_cpp/bin'
[6.008s] INFO:colcon.colcon_core.shell:Creating package script '/home/vincent-pc/ros2_jazzy/install/actions_cpp/share/actions_cpp/package.ps1'
[6.012s] INFO:colcon.colcon_core.shell:Creating package descriptor '/home/vincent-pc/ros2_jazzy/install/actions_cpp/share/actions_cpp/package.dsv'
[6.021s] INFO:colcon.colcon_core.shell:Creating package script '/home/vincent-pc/ros2_jazzy/install/actions_cpp/share/actions_cpp/package.sh'
[6.024s] INFO:colcon.colcon_core.shell:Creating package script '/home/vincent-pc/ros2_jazzy/install/actions_cpp/share/actions_cpp/package.bash'
[6.026s] INFO:colcon.colcon_core.shell:Creating package script '/home/vincent-pc/ros2_jazzy/install/actions_cpp/share/actions_cpp/package.zsh'
[6.029s] Level 1:colcon.colcon_core.environment:create_file_with_runtime_dependencies(/home/vincent-pc/ros2_jazzy/install/actions_cpp/share/colcon-core/packages/actions_cpp)
[6.035s] Level 1:colcon.colcon_core.environment:create_environment_scripts_only(robot_actions_cpp)
[6.036s] Level 1:colcon.colcon_core.environment:checking '/home/vincent-pc/ros2_jazzy/install/robot_actions_cpp' for CMake module files
[6.044s] DEBUG:colcon.colcon_core.event_handler.log_command:Invoked command in '/home/vincent-pc/ros2_jazzy/build/robot_actions_cpp' returned '0': CMAKE_PREFIX_PATH=/home/vincent-pc/ros2_jazzy/install/my_robot_interfaces:/home/vincent-pc/ros2_jazzy/install/robot_actions_cpp:/home/vincent-pc/ros2_jazzy/install/my_robot_cpp:/home/vincent-pc/ros2_jazzy/install/actions_cpp:/home/vincent-pc/ros2_jazzy/install/my_robot_description:/home/vincent-pc/ros2_jazzy/install/my_robot_bringup:/opt/ros/jazzy/opt/gz_sim_vendor:/opt/ros/jazzy/opt/gz_sensors_vendor:/opt/ros/jazzy/opt/gz_physics_vendor:/opt/ros/jazzy/opt/sdformat_vendor:/opt/ros/jazzy/opt/gz_gui_vendor:/opt/ros/jazzy/opt/gz_transport_vendor:/opt/ros/jazzy/opt/gz_rendering_vendor:/opt/ros/jazzy/opt/gz_plugin_vendor:/opt/ros/jazzy/opt/gz_fuel_tools_vendor:/opt/ros/jazzy/opt/gz_msgs_vendor:/opt/ros/jazzy/opt/gz_common_vendor:/opt/ros/jazzy/opt/gz_math_vendor:/opt/ros/jazzy/opt/gz_utils_vendor:/opt/ros/jazzy/opt/gz_tools_vendor:/opt/ros/jazzy/opt/gz_ogre_next_vendor:/opt/ros/jazzy/opt/gz_dartsim_vendor:/opt/ros/jazzy/opt/gz_cmake_vendor:/home/vincent-pc/ros2_jazzy/install/robot_actions_py:/home/vincent-pc/ros2_jazzy/install/my_robot_python:/home/vincent-pc/ros2_jazzy/install/actions_py:/opt/ros/jazzy DEBUGINFOD_URLS=https://debuginfod.ubuntu.com PYTHONPATH=/home/vincent-pc/ros2_jazzy/install/my_robot_interfaces/lib/python3.12/site-packages:/home/vincent-pc/ros2_jazzy/build/robot_actions_py:/home/vincent-pc/ros2_jazzy/install/robot_actions_py/lib/python3.12/site-packages:/home/vincent-pc/ros2_jazzy/build/my_robot_python:/home/vincent-pc/ros2_jazzy/install/my_robot_python/lib/python3.12/site-packages:/home/vincent-pc/ros2_jazzy/build/actions_py:/home/vincent-pc/ros2_jazzy/install/actions_py/lib/python3.12/site-packages:/opt/ros/jazzy/lib/python3.12/site-packages /usr/bin/cmake --install /home/vincent-pc/ros2_jazzy/build/robot_actions_cpp
[6.048s] Level 1:colcon.colcon_core.environment:checking '/home/vincent-pc/ros2_jazzy/install/robot_actions_cpp' for CMake config files
[6.053s] Level 1:colcon.colcon_core.shell:create_environment_hook('robot_actions_cpp', 'cmake_prefix_path')
[6.053s] INFO:colcon.colcon_core.shell:Creating environment hook '/home/vincent-pc/ros2_jazzy/install/robot_actions_cpp/share/robot_actions_cpp/hook/cmake_prefix_path.ps1'
[6.057s] INFO:colcon.colcon_core.shell:Creating environment descriptor '/home/vincent-pc/ros2_jazzy/install/robot_actions_cpp/share/robot_actions_cpp/hook/cmake_prefix_path.dsv'
[6.059s] INFO:colcon.colcon_core.shell:Creating environment hook '/home/vincent-pc/ros2_jazzy/install/robot_actions_cpp/share/robot_actions_cpp/hook/cmake_prefix_path.sh'
[6.065s] Level 1:colcon.colcon_core.environment:checking '/home/vincent-pc/ros2_jazzy/install/robot_actions_cpp/bin'
[6.067s] Level 1:colcon.colcon_core.environment:checking '/home/vincent-pc/ros2_jazzy/install/robot_actions_cpp/lib/pkgconfig/robot_actions_cpp.pc'
[6.067s] Level 1:colcon.colcon_core.environment:checking '/home/vincent-pc/ros2_jazzy/install/robot_actions_cpp/lib/python3.12/site-packages'
[6.069s] Level 1:colcon.colcon_core.environment:checking '/home/vincent-pc/ros2_jazzy/install/robot_actions_cpp/bin'
[6.070s] INFO:colcon.colcon_core.shell:Creating package script '/home/vincent-pc/ros2_jazzy/install/robot_actions_cpp/share/robot_actions_cpp/package.ps1'
[6.073s] INFO:colcon.colcon_core.shell:Creating package descriptor '/home/vincent-pc/ros2_jazzy/install/robot_actions_cpp/share/robot_actions_cpp/package.dsv'
[6.078s] INFO:colcon.colcon_core.shell:Creating package script '/home/vincent-pc/ros2_jazzy/install/robot_actions_cpp/share/robot_actions_cpp/package.sh'
[6.080s] INFO:colcon.colcon_core.shell:Creating package script '/home/vincent-pc/ros2_jazzy/install/robot_actions_cpp/share/robot_actions_cpp/package.bash'
[6.088s] INFO:colcon.colcon_core.shell:Creating package script '/home/vincent-pc/ros2_jazzy/install/robot_actions_cpp/share/robot_actions_cpp/package.zsh'
[6.090s] Level 1:colcon.colcon_core.environment:create_file_with_runtime_dependencies(/home/vincent-pc/ros2_jazzy/install/robot_actions_cpp/share/colcon-core/packages/robot_actions_cpp)
[6.093s] Level 1:colcon.colcon_core.environment:create_environment_scripts_only(robot_actions_cpp)
[6.098s] Level 1:colcon.colcon_core.environment:checking '/home/vincent-pc/ros2_jazzy/install/robot_actions_cpp' for CMake module files
[6.100s] Level 1:colcon.colcon_core.environment:checking '/home/vincent-pc/ros2_jazzy/install/robot_actions_cpp' for CMake config files
[6.101s] Level 1:colcon.colcon_core.shell:create_environment_hook('robot_actions_cpp', 'cmake_prefix_path')
[6.102s] INFO:colcon.colcon_core.shell:Creating environment hook '/home/vincent-pc/ros2_jazzy/install/robot_actions_cpp/share/robot_actions_cpp/hook/cmake_prefix_path.ps1'
[6.104s] INFO:colcon.colcon_core.shell:Creating environment descriptor '/home/vincent-pc/ros2_jazzy/install/robot_actions_cpp/share/robot_actions_cpp/hook/cmake_prefix_path.dsv'
[6.105s] INFO:colcon.colcon_core.shell:Creating environment hook '/home/vincent-pc/ros2_jazzy/install/robot_actions_cpp/share/robot_actions_cpp/hook/cmake_prefix_path.sh'
[6.108s] Level 1:colcon.colcon_core.environment:checking '/home/vincent-pc/ros2_jazzy/install/robot_actions_cpp/bin'
[6.108s] Level 1:colcon.colcon_core.environment:checking '/home/vincent-pc/ros2_jazzy/install/robot_actions_cpp/lib/pkgconfig/robot_actions_cpp.pc'
[6.109s] Level 1:colcon.colcon_core.environment:checking '/home/vincent-pc/ros2_jazzy/install/robot_actions_cpp/lib/python3.12/site-packages'
[6.111s] Level 1:colcon.colcon_core.environment:checking '/home/vincent-pc/ros2_jazzy/install/robot_actions_cpp/bin'
[6.113s] INFO:colcon.colcon_core.shell:Creating package script '/home/vincent-pc/ros2_jazzy/install/robot_actions_cpp/share/robot_actions_cpp/package.ps1'
[6.115s] INFO:colcon.colcon_core.shell:Creating package descriptor '/home/vincent-pc/ros2_jazzy/install/robot_actions_cpp/share/robot_actions_cpp/package.dsv'
[6.118s] INFO:colcon.colcon_core.shell:Creating package script '/home/vincent-pc/ros2_jazzy/install/robot_actions_cpp/share/robot_actions_cpp/package.sh'
[6.120s] INFO:colcon.colcon_core.shell:Creating package script '/home/vincent-pc/ros2_jazzy/install/robot_actions_cpp/share/robot_actions_cpp/package.bash'
[6.122s] INFO:colcon.colcon_core.shell:Creating package script '/home/vincent-pc/ros2_jazzy/install/robot_actions_cpp/share/robot_actions_cpp/package.zsh'
[6.123s] Level 1:colcon.colcon_core.environment:create_file_with_runtime_dependencies(/home/vincent-pc/ros2_jazzy/install/robot_actions_cpp/share/colcon-core/packages/robot_actions_cpp)
[6.125s] Level 1:colcon.colcon_core.environment:create_environment_scripts_only(my_robot_cpp)
[6.128s] Level 1:colcon.colcon_core.environment:checking '/home/vincent-pc/ros2_jazzy/install/my_robot_cpp' for CMake module files
[6.127s] DEBUG:colcon.colcon_core.event_handler.log_command:Invoked command in '/home/vincent-pc/ros2_jazzy/build/my_robot_cpp' returned '0': CMAKE_PREFIX_PATH=/home/vincent-pc/ros2_jazzy/install/my_robot_interfaces:/home/vincent-pc/ros2_jazzy/install/robot_actions_cpp:/home/vincent-pc/ros2_jazzy/install/my_robot_cpp:/home/vincent-pc/ros2_jazzy/install/actions_cpp:/home/vincent-pc/ros2_jazzy/install/my_robot_description:/home/vincent-pc/ros2_jazzy/install/my_robot_bringup:/opt/ros/jazzy/opt/gz_sim_vendor:/opt/ros/jazzy/opt/gz_sensors_vendor:/opt/ros/jazzy/opt/gz_physics_vendor:/opt/ros/jazzy/opt/sdformat_vendor:/opt/ros/jazzy/opt/gz_gui_vendor:/opt/ros/jazzy/opt/gz_transport_vendor:/opt/ros/jazzy/opt/gz_rendering_vendor:/opt/ros/jazzy/opt/gz_plugin_vendor:/opt/ros/jazzy/opt/gz_fuel_tools_vendor:/opt/ros/jazzy/opt/gz_msgs_vendor:/opt/ros/jazzy/opt/gz_common_vendor:/opt/ros/jazzy/opt/gz_math_vendor:/opt/ros/jazzy/opt/gz_utils_vendor:/opt/ros/jazzy/opt/gz_tools_vendor:/opt/ros/jazzy/opt/gz_ogre_next_vendor:/opt/ros/jazzy/opt/gz_dartsim_vendor:/opt/ros/jazzy/opt/gz_cmake_vendor:/home/vincent-pc/ros2_jazzy/install/robot_actions_py:/home/vincent-pc/ros2_jazzy/install/my_robot_python:/home/vincent-pc/ros2_jazzy/install/actions_py:/opt/ros/jazzy DEBUGINFOD_URLS=https://debuginfod.ubuntu.com PYTHONPATH=/home/vincent-pc/ros2_jazzy/install/my_robot_interfaces/lib/python3.12/site-packages:/home/vincent-pc/ros2_jazzy/build/robot_actions_py:/home/vincent-pc/ros2_jazzy/install/robot_actions_py/lib/python3.12/site-packages:/home/vincent-pc/ros2_jazzy/build/my_robot_python:/home/vincent-pc/ros2_jazzy/install/my_robot_python/lib/python3.12/site-packages:/home/vincent-pc/ros2_jazzy/build/actions_py:/home/vincent-pc/ros2_jazzy/install/actions_py/lib/python3.12/site-packages:/opt/ros/jazzy/lib/python3.12/site-packages /usr/bin/cmake --install /home/vincent-pc/ros2_jazzy/build/my_robot_cpp
[6.134s] Level 1:colcon.colcon_core.environment:checking '/home/vincent-pc/ros2_jazzy/install/my_robot_cpp' for CMake config files
[6.135s] Level 1:colcon.colcon_core.shell:create_environment_hook('my_robot_cpp', 'cmake_prefix_path')
[6.136s] INFO:colcon.colcon_core.shell:Creating environment hook '/home/vincent-pc/ros2_jazzy/install/my_robot_cpp/share/my_robot_cpp/hook/cmake_prefix_path.ps1'
[6.138s] INFO:colcon.colcon_core.shell:Creating environment descriptor '/home/vincent-pc/ros2_jazzy/install/my_robot_cpp/share/my_robot_cpp/hook/cmake_prefix_path.dsv'
[6.140s] INFO:colcon.colcon_core.shell:Creating environment hook '/home/vincent-pc/ros2_jazzy/install/my_robot_cpp/share/my_robot_cpp/hook/cmake_prefix_path.sh'
[6.144s] Level 1:colcon.colcon_core.environment:checking '/home/vincent-pc/ros2_jazzy/install/my_robot_cpp/lib'
[6.144s] Level 1:colcon.colcon_core.environment:checking '/home/vincent-pc/ros2_jazzy/install/my_robot_cpp/bin'
[6.145s] Level 1:colcon.colcon_core.environment:checking '/home/vincent-pc/ros2_jazzy/install/my_robot_cpp/lib/pkgconfig/my_robot_cpp.pc'
[6.145s] Level 1:colcon.colcon_core.environment:checking '/home/vincent-pc/ros2_jazzy/install/my_robot_cpp/lib/python3.12/site-packages'
[6.147s] Level 1:colcon.colcon_core.environment:checking '/home/vincent-pc/ros2_jazzy/install/my_robot_cpp/bin'
[6.149s] INFO:colcon.colcon_core.shell:Creating package script '/home/vincent-pc/ros2_jazzy/install/my_robot_cpp/share/my_robot_cpp/package.ps1'
[6.151s] INFO:colcon.colcon_core.shell:Creating package descriptor '/home/vincent-pc/ros2_jazzy/install/my_robot_cpp/share/my_robot_cpp/package.dsv'
[6.154s] INFO:colcon.colcon_core.shell:Creating package script '/home/vincent-pc/ros2_jazzy/install/my_robot_cpp/share/my_robot_cpp/package.sh'
[6.157s] INFO:colcon.colcon_core.shell:Creating package script '/home/vincent-pc/ros2_jazzy/install/my_robot_cpp/share/my_robot_cpp/package.bash'
[6.162s] INFO:colcon.colcon_core.shell:Creating package script '/home/vincent-pc/ros2_jazzy/install/my_robot_cpp/share/my_robot_cpp/package.zsh'
[6.164s] Level 1:colcon.colcon_core.environment:create_file_with_runtime_dependencies(/home/vincent-pc/ros2_jazzy/install/my_robot_cpp/share/colcon-core/packages/my_robot_cpp)
[6.168s] Level 1:colcon.colcon_core.environment:create_environment_scripts_only(my_robot_cpp)
[6.169s] Level 1:colcon.colcon_core.environment:checking '/home/vincent-pc/ros2_jazzy/install/my_robot_cpp' for CMake module files
[6.171s] Level 1:colcon.colcon_core.environment:checking '/home/vincent-pc/ros2_jazzy/install/my_robot_cpp' for CMake config files
[6.173s] Level 1:colcon.colcon_core.shell:create_environment_hook('my_robot_cpp', 'cmake_prefix_path')
[6.174s] INFO:colcon.colcon_core.shell:Creating environment hook '/home/vincent-pc/ros2_jazzy/install/my_robot_cpp/share/my_robot_cpp/hook/cmake_prefix_path.ps1'
[6.176s] INFO:colcon.colcon_core.shell:Creating environment descriptor '/home/vincent-pc/ros2_jazzy/install/my_robot_cpp/share/my_robot_cpp/hook/cmake_prefix_path.dsv'
[6.178s] INFO:colcon.colcon_core.shell:Creating environment hook '/home/vincent-pc/ros2_jazzy/install/my_robot_cpp/share/my_robot_cpp/hook/cmake_prefix_path.sh'
[6.181s] Level 1:colcon.colcon_core.environment:checking '/home/vincent-pc/ros2_jazzy/install/my_robot_cpp/lib'
[6.181s] Level 1:colcon.colcon_core.environment:checking '/home/vincent-pc/ros2_jazzy/install/my_robot_cpp/bin'
[6.182s] Level 1:colcon.colcon_core.environment:checking '/home/vincent-pc/ros2_jazzy/install/my_robot_cpp/lib/pkgconfig/my_robot_cpp.pc'
[6.183s] Level 1:colcon.colcon_core.environment:checking '/home/vincent-pc/ros2_jazzy/install/my_robot_cpp/lib/python3.12/site-packages'
[6.184s] Level 1:colcon.colcon_core.environment:checking '/home/vincent-pc/ros2_jazzy/install/my_robot_cpp/bin'
[6.186s] INFO:colcon.colcon_core.shell:Creating package script '/home/vincent-pc/ros2_jazzy/install/my_robot_cpp/share/my_robot_cpp/package.ps1'
[6.189s] INFO:colcon.colcon_core.shell:Creating package descriptor '/home/vincent-pc/ros2_jazzy/install/my_robot_cpp/share/my_robot_cpp/package.dsv'
[6.191s] INFO:colcon.colcon_core.shell:Creating package script '/home/vincent-pc/ros2_jazzy/install/my_robot_cpp/share/my_robot_cpp/package.sh'
[6.194s] INFO:colcon.colcon_core.shell:Creating package script '/home/vincent-pc/ros2_jazzy/install/my_robot_cpp/share/my_robot_cpp/package.bash'
[6.198s] INFO:colcon.colcon_core.shell:Creating package script '/home/vincent-pc/ros2_jazzy/install/my_robot_cpp/share/my_robot_cpp/package.zsh'
[6.201s] Level 1:colcon.colcon_core.environment:create_file_with_runtime_dependencies(/home/vincent-pc/ros2_jazzy/install/my_robot_cpp/share/colcon-core/packages/my_robot_cpp)
[8.569s] DEBUG:colcon.colcon_core.event_handler.log_command:Invoking command in '/home/vincent-pc/ros2_jazzy/build/actions_py': CMAKE_PREFIX_PATH=/home/vincent-pc/ros2_jazzy/install/my_robot_interfaces:/home/vincent-pc/ros2_jazzy/install/robot_actions_cpp:/home/vincent-pc/ros2_jazzy/install/my_robot_cpp:/home/vincent-pc/ros2_jazzy/install/actions_cpp:/home/vincent-pc/ros2_jazzy/install/my_robot_description:/home/vincent-pc/ros2_jazzy/install/my_robot_bringup:/opt/ros/jazzy/opt/gz_sim_vendor:/opt/ros/jazzy/opt/gz_sensors_vendor:/opt/ros/jazzy/opt/gz_physics_vendor:/opt/ros/jazzy/opt/sdformat_vendor:/opt/ros/jazzy/opt/gz_gui_vendor:/opt/ros/jazzy/opt/gz_transport_vendor:/opt/ros/jazzy/opt/gz_rendering_vendor:/opt/ros/jazzy/opt/gz_plugin_vendor:/opt/ros/jazzy/opt/gz_fuel_tools_vendor:/opt/ros/jazzy/opt/gz_msgs_vendor:/opt/ros/jazzy/opt/gz_common_vendor:/opt/ros/jazzy/opt/gz_math_vendor:/opt/ros/jazzy/opt/gz_utils_vendor:/opt/ros/jazzy/opt/gz_tools_vendor:/opt/ros/jazzy/opt/gz_ogre_next_vendor:/opt/ros/jazzy/opt/gz_dartsim_vendor:/opt/ros/jazzy/opt/gz_cmake_vendor DEBUGINFOD_URLS=https://debuginfod.ubuntu.com PYTHONPATH=/home/vincent-pc/ros2_jazzy/build/actions_py/prefix_override:/usr/lib/python3/dist-packages/colcon_core/task/python/colcon_distutils_commands:/home/vincent-pc/ros2_jazzy/install/actions_py/lib/python3.12/site-packages:/home/vincent-pc/ros2_jazzy/install/my_robot_interfaces/lib/python3.12/site-packages:/home/vincent-pc/ros2_jazzy/build/robot_actions_py:/home/vincent-pc/ros2_jazzy/install/robot_actions_py/lib/python3.12/site-packages:/home/vincent-pc/ros2_jazzy/build/my_robot_python:/home/vincent-pc/ros2_jazzy/install/my_robot_python/lib/python3.12/site-packages:/home/vincent-pc/ros2_jazzy/build/actions_py:/home/vincent-pc/ros2_jazzy/install/actions_py/lib/python3.12/site-packages:/opt/ros/jazzy/lib/python3.12/site-packages /usr/bin/python3 -W ignore:setup.py install is deprecated -W ignore:easy_install command is deprecated setup.py develop --editable --build-directory /home/vincent-pc/ros2_jazzy/build/actions_py/build --no-deps symlink_data
[8.646s] DEBUG:colcon.colcon_core.event_handler.log_command:Invoking command in '/home/vincent-pc/ros2_jazzy/build/robot_actions_py': CMAKE_PREFIX_PATH=/home/vincent-pc/ros2_jazzy/install/my_robot_interfaces:/home/vincent-pc/ros2_jazzy/install/robot_actions_cpp:/home/vincent-pc/ros2_jazzy/install/my_robot_cpp:/home/vincent-pc/ros2_jazzy/install/actions_cpp:/home/vincent-pc/ros2_jazzy/install/my_robot_description:/home/vincent-pc/ros2_jazzy/install/my_robot_bringup:/opt/ros/jazzy/opt/gz_sim_vendor:/opt/ros/jazzy/opt/gz_sensors_vendor:/opt/ros/jazzy/opt/gz_physics_vendor:/opt/ros/jazzy/opt/sdformat_vendor:/opt/ros/jazzy/opt/gz_gui_vendor:/opt/ros/jazzy/opt/gz_transport_vendor:/opt/ros/jazzy/opt/gz_rendering_vendor:/opt/ros/jazzy/opt/gz_plugin_vendor:/opt/ros/jazzy/opt/gz_fuel_tools_vendor:/opt/ros/jazzy/opt/gz_msgs_vendor:/opt/ros/jazzy/opt/gz_common_vendor:/opt/ros/jazzy/opt/gz_math_vendor:/opt/ros/jazzy/opt/gz_utils_vendor:/opt/ros/jazzy/opt/gz_tools_vendor:/opt/ros/jazzy/opt/gz_ogre_next_vendor:/opt/ros/jazzy/opt/gz_dartsim_vendor:/opt/ros/jazzy/opt/gz_cmake_vendor DEBUGINFOD_URLS=https://debuginfod.ubuntu.com PYTHONPATH=/home/vincent-pc/ros2_jazzy/build/robot_actions_py/prefix_override:/usr/lib/python3/dist-packages/colcon_core/task/python/colcon_distutils_commands:/home/vincent-pc/ros2_jazzy/install/robot_actions_py/lib/python3.12/site-packages:/home/vincent-pc/ros2_jazzy/install/my_robot_interfaces/lib/python3.12/site-packages:/home/vincent-pc/ros2_jazzy/build/robot_actions_py:/home/vincent-pc/ros2_jazzy/install/robot_actions_py/lib/python3.12/site-packages:/home/vincent-pc/ros2_jazzy/build/my_robot_python:/home/vincent-pc/ros2_jazzy/install/my_robot_python/lib/python3.12/site-packages:/home/vincent-pc/ros2_jazzy/build/actions_py:/home/vincent-pc/ros2_jazzy/install/actions_py/lib/python3.12/site-packages:/opt/ros/jazzy/lib/python3.12/site-packages /usr/bin/python3 -W ignore:setup.py install is deprecated -W ignore:easy_install command is deprecated setup.py develop --editable --build-directory /home/vincent-pc/ros2_jazzy/build/robot_actions_py/build --no-deps symlink_data
[9.058s] Level 1:colcon.colcon_core.shell:create_environment_hook('my_robot_python', 'pythonpath_develop')
[9.059s] INFO:colcon.colcon_core.shell:Creating environment hook '/home/vincent-pc/ros2_jazzy/build/my_robot_python/share/my_robot_python/hook/pythonpath_develop.ps1'
[9.061s] DEBUG:colcon.colcon_core.event_handler.log_command:Invoked command in '/home/vincent-pc/ros2_jazzy/build/my_robot_python' returned '0': DEBUGINFOD_URLS=https://debuginfod.ubuntu.com PYTHONPATH=/home/vincent-pc/ros2_jazzy/build/my_robot_python/prefix_override:/usr/lib/python3/dist-packages/colcon_core/task/python/colcon_distutils_commands:/home/vincent-pc/ros2_jazzy/install/my_robot_python/lib/python3.12/site-packages:${PYTHONPATH} /usr/bin/python3 -W ignore:setup.py install is deprecated -W ignore:easy_install command is deprecated setup.py develop --editable --build-directory /home/vincent-pc/ros2_jazzy/build/my_robot_python/build --no-deps symlink_data
[9.063s] INFO:colcon.colcon_core.shell:Creating environment descriptor '/home/vincent-pc/ros2_jazzy/build/my_robot_python/share/my_robot_python/hook/pythonpath_develop.dsv'
[9.069s] INFO:colcon.colcon_core.shell:Creating environment hook '/home/vincent-pc/ros2_jazzy/build/my_robot_python/share/my_robot_python/hook/pythonpath_develop.sh'
[9.071s] Level 1:colcon.colcon_core.environment:checking '/home/vincent-pc/ros2_jazzy/install/my_robot_python' for CMake module files
[9.073s] Level 1:colcon.colcon_core.environment:checking '/home/vincent-pc/ros2_jazzy/install/my_robot_python' for CMake config files
[9.074s] Level 1:colcon.colcon_core.environment:checking '/home/vincent-pc/ros2_jazzy/install/my_robot_python/lib'
[9.074s] Level 1:colcon.colcon_core.environment:checking '/home/vincent-pc/ros2_jazzy/install/my_robot_python/bin'
[9.075s] Level 1:colcon.colcon_core.environment:checking '/home/vincent-pc/ros2_jazzy/install/my_robot_python/lib/pkgconfig/my_robot_python.pc'
[9.075s] Level 1:colcon.colcon_core.environment:checking '/home/vincent-pc/ros2_jazzy/install/my_robot_python/lib/python3.12/site-packages'
[9.076s] Level 1:colcon.colcon_core.shell:create_environment_hook('my_robot_python', 'pythonpath')
[9.077s] INFO:colcon.colcon_core.shell:Creating environment hook '/home/vincent-pc/ros2_jazzy/install/my_robot_python/share/my_robot_python/hook/pythonpath.ps1'
[9.078s] INFO:colcon.colcon_core.shell:Creating environment descriptor '/home/vincent-pc/ros2_jazzy/install/my_robot_python/share/my_robot_python/hook/pythonpath.dsv'
[9.080s] INFO:colcon.colcon_core.shell:Creating environment hook '/home/vincent-pc/ros2_jazzy/install/my_robot_python/share/my_robot_python/hook/pythonpath.sh'
[9.082s] Level 1:colcon.colcon_core.environment:checking '/home/vincent-pc/ros2_jazzy/install/my_robot_python/bin'
[9.083s] Level 1:colcon.colcon_core.environment:create_environment_scripts_only(my_robot_python)
[9.084s] INFO:colcon.colcon_core.shell:Creating package script '/home/vincent-pc/ros2_jazzy/install/my_robot_python/share/my_robot_python/package.ps1'
[9.086s] INFO:colcon.colcon_core.shell:Creating package descriptor '/home/vincent-pc/ros2_jazzy/install/my_robot_python/share/my_robot_python/package.dsv'
[9.088s] INFO:colcon.colcon_core.shell:Creating package script '/home/vincent-pc/ros2_jazzy/install/my_robot_python/share/my_robot_python/package.sh'
[9.090s] INFO:colcon.colcon_core.shell:Creating package script '/home/vincent-pc/ros2_jazzy/install/my_robot_python/share/my_robot_python/package.bash'
[9.091s] INFO:colcon.colcon_core.shell:Creating package script '/home/vincent-pc/ros2_jazzy/install/my_robot_python/share/my_robot_python/package.zsh'
[9.092s] Level 1:colcon.colcon_core.environment:create_file_with_runtime_dependencies(/home/vincent-pc/ros2_jazzy/install/my_robot_python/share/colcon-core/packages/my_robot_python)
[10.982s] Level 1:colcon.colcon_core.shell:create_environment_hook('actions_py', 'pythonpath_develop')
[10.983s] INFO:colcon.colcon_core.shell:Creating environment hook '/home/vincent-pc/ros2_jazzy/build/actions_py/share/actions_py/hook/pythonpath_develop.ps1'
[10.985s] DEBUG:colcon.colcon_core.event_handler.log_command:Invoked command in '/home/vincent-pc/ros2_jazzy/build/actions_py' returned '0': CMAKE_PREFIX_PATH=/home/vincent-pc/ros2_jazzy/install/my_robot_interfaces:/home/vincent-pc/ros2_jazzy/install/robot_actions_cpp:/home/vincent-pc/ros2_jazzy/install/my_robot_cpp:/home/vincent-pc/ros2_jazzy/install/actions_cpp:/home/vincent-pc/ros2_jazzy/install/my_robot_description:/home/vincent-pc/ros2_jazzy/install/my_robot_bringup:/opt/ros/jazzy/opt/gz_sim_vendor:/opt/ros/jazzy/opt/gz_sensors_vendor:/opt/ros/jazzy/opt/gz_physics_vendor:/opt/ros/jazzy/opt/sdformat_vendor:/opt/ros/jazzy/opt/gz_gui_vendor:/opt/ros/jazzy/opt/gz_transport_vendor:/opt/ros/jazzy/opt/gz_rendering_vendor:/opt/ros/jazzy/opt/gz_plugin_vendor:/opt/ros/jazzy/opt/gz_fuel_tools_vendor:/opt/ros/jazzy/opt/gz_msgs_vendor:/opt/ros/jazzy/opt/gz_common_vendor:/opt/ros/jazzy/opt/gz_math_vendor:/opt/ros/jazzy/opt/gz_utils_vendor:/opt/ros/jazzy/opt/gz_tools_vendor:/opt/ros/jazzy/opt/gz_ogre_next_vendor:/opt/ros/jazzy/opt/gz_dartsim_vendor:/opt/ros/jazzy/opt/gz_cmake_vendor DEBUGINFOD_URLS=https://debuginfod.ubuntu.com PYTHONPATH=/home/vincent-pc/ros2_jazzy/build/actions_py/prefix_override:/usr/lib/python3/dist-packages/colcon_core/task/python/colcon_distutils_commands:/home/vincent-pc/ros2_jazzy/install/actions_py/lib/python3.12/site-packages:/home/vincent-pc/ros2_jazzy/install/my_robot_interfaces/lib/python3.12/site-packages:/home/vincent-pc/ros2_jazzy/build/robot_actions_py:/home/vincent-pc/ros2_jazzy/install/robot_actions_py/lib/python3.12/site-packages:/home/vincent-pc/ros2_jazzy/build/my_robot_python:/home/vincent-pc/ros2_jazzy/install/my_robot_python/lib/python3.12/site-packages:/home/vincent-pc/ros2_jazzy/build/actions_py:/home/vincent-pc/ros2_jazzy/install/actions_py/lib/python3.12/site-packages:/opt/ros/jazzy/lib/python3.12/site-packages /usr/bin/python3 -W ignore:setup.py install is deprecated -W ignore:easy_install command is deprecated setup.py develop --editable --build-directory /home/vincent-pc/ros2_jazzy/build/actions_py/build --no-deps symlink_data
[10.986s] INFO:colcon.colcon_core.shell:Creating environment descriptor '/home/vincent-pc/ros2_jazzy/build/actions_py/share/actions_py/hook/pythonpath_develop.dsv'
[10.989s] INFO:colcon.colcon_core.shell:Creating environment hook '/home/vincent-pc/ros2_jazzy/build/actions_py/share/actions_py/hook/pythonpath_develop.sh'
[10.991s] Level 1:colcon.colcon_core.environment:checking '/home/vincent-pc/ros2_jazzy/install/actions_py' for CMake module files
[10.993s] Level 1:colcon.colcon_core.environment:checking '/home/vincent-pc/ros2_jazzy/install/actions_py' for CMake config files
[10.995s] Level 1:colcon.colcon_core.environment:checking '/home/vincent-pc/ros2_jazzy/install/actions_py/lib'
[10.995s] Level 1:colcon.colcon_core.environment:checking '/home/vincent-pc/ros2_jazzy/install/actions_py/bin'
[10.996s] Level 1:colcon.colcon_core.environment:checking '/home/vincent-pc/ros2_jazzy/install/actions_py/lib/pkgconfig/actions_py.pc'
[10.997s] Level 1:colcon.colcon_core.environment:checking '/home/vincent-pc/ros2_jazzy/install/actions_py/lib/python3.12/site-packages'
[10.998s] Level 1:colcon.colcon_core.shell:create_environment_hook('actions_py', 'pythonpath')
[10.998s] INFO:colcon.colcon_core.shell:Creating environment hook '/home/vincent-pc/ros2_jazzy/install/actions_py/share/actions_py/hook/pythonpath.ps1'
[11.000s] INFO:colcon.colcon_core.shell:Creating environment descriptor '/home/vincent-pc/ros2_jazzy/install/actions_py/share/actions_py/hook/pythonpath.dsv'
[11.002s] INFO:colcon.colcon_core.shell:Creating environment hook '/home/vincent-pc/ros2_jazzy/install/actions_py/share/actions_py/hook/pythonpath.sh'
[11.005s] Level 1:colcon.colcon_core.environment:checking '/home/vincent-pc/ros2_jazzy/install/actions_py/bin'
[11.006s] Level 1:colcon.colcon_core.environment:create_environment_scripts_only(actions_py)
[11.007s] INFO:colcon.colcon_core.shell:Creating package script '/home/vincent-pc/ros2_jazzy/install/actions_py/share/actions_py/package.ps1'
[11.009s] INFO:colcon.colcon_core.shell:Creating package descriptor '/home/vincent-pc/ros2_jazzy/install/actions_py/share/actions_py/package.dsv'
[11.012s] INFO:colcon.colcon_core.shell:Creating package script '/home/vincent-pc/ros2_jazzy/install/actions_py/share/actions_py/package.sh'
[11.014s] INFO:colcon.colcon_core.shell:Creating package script '/home/vincent-pc/ros2_jazzy/install/actions_py/share/actions_py/package.bash'
[11.016s] INFO:colcon.colcon_core.shell:Creating package script '/home/vincent-pc/ros2_jazzy/install/actions_py/share/actions_py/package.zsh'
[11.017s] Level 1:colcon.colcon_core.environment:create_file_with_runtime_dependencies(/home/vincent-pc/ros2_jazzy/install/actions_py/share/colcon-core/packages/actions_py)
[11.021s] Level 1:colcon.colcon_core.shell:create_environment_hook('robot_actions_py', 'pythonpath_develop')
[11.022s] INFO:colcon.colcon_core.shell:Creating environment hook '/home/vincent-pc/ros2_jazzy/build/robot_actions_py/share/robot_actions_py/hook/pythonpath_develop.ps1'
[11.023s] DEBUG:colcon.colcon_core.event_handler.log_command:Invoked command in '/home/vincent-pc/ros2_jazzy/build/robot_actions_py' returned '0': CMAKE_PREFIX_PATH=/home/vincent-pc/ros2_jazzy/install/my_robot_interfaces:/home/vincent-pc/ros2_jazzy/install/robot_actions_cpp:/home/vincent-pc/ros2_jazzy/install/my_robot_cpp:/home/vincent-pc/ros2_jazzy/install/actions_cpp:/home/vincent-pc/ros2_jazzy/install/my_robot_description:/home/vincent-pc/ros2_jazzy/install/my_robot_bringup:/opt/ros/jazzy/opt/gz_sim_vendor:/opt/ros/jazzy/opt/gz_sensors_vendor:/opt/ros/jazzy/opt/gz_physics_vendor:/opt/ros/jazzy/opt/sdformat_vendor:/opt/ros/jazzy/opt/gz_gui_vendor:/opt/ros/jazzy/opt/gz_transport_vendor:/opt/ros/jazzy/opt/gz_rendering_vendor:/opt/ros/jazzy/opt/gz_plugin_vendor:/opt/ros/jazzy/opt/gz_fuel_tools_vendor:/opt/ros/jazzy/opt/gz_msgs_vendor:/opt/ros/jazzy/opt/gz_common_vendor:/opt/ros/jazzy/opt/gz_math_vendor:/opt/ros/jazzy/opt/gz_utils_vendor:/opt/ros/jazzy/opt/gz_tools_vendor:/opt/ros/jazzy/opt/gz_ogre_next_vendor:/opt/ros/jazzy/opt/gz_dartsim_vendor:/opt/ros/jazzy/opt/gz_cmake_vendor DEBUGINFOD_URLS=https://debuginfod.ubuntu.com PYTHONPATH=/home/vincent-pc/ros2_jazzy/build/robot_actions_py/prefix_override:/usr/lib/python3/dist-packages/colcon_core/task/python/colcon_distutils_commands:/home/vincent-pc/ros2_jazzy/install/robot_actions_py/lib/python3.12/site-packages:/home/vincent-pc/ros2_jazzy/install/my_robot_interfaces/lib/python3.12/site-packages:/home/vincent-pc/ros2_jazzy/build/robot_actions_py:/home/vincent-pc/ros2_jazzy/install/robot_actions_py/lib/python3.12/site-packages:/home/vincent-pc/ros2_jazzy/build/my_robot_python:/home/vincent-pc/ros2_jazzy/install/my_robot_python/lib/python3.12/site-packages:/home/vincent-pc/ros2_jazzy/build/actions_py:/home/vincent-pc/ros2_jazzy/install/actions_py/lib/python3.12/site-packages:/opt/ros/jazzy/lib/python3.12/site-packages /usr/bin/python3 -W ignore:setup.py install is deprecated -W ignore:easy_install command is deprecated setup.py develop --editable --build-directory /home/vincent-pc/ros2_jazzy/build/robot_actions_py/build --no-deps symlink_data
[11.024s] INFO:colcon.colcon_core.shell:Creating environment descriptor '/home/vincent-pc/ros2_jazzy/build/robot_actions_py/share/robot_actions_py/hook/pythonpath_develop.dsv'
[11.025s] INFO:colcon.colcon_core.shell:Creating environment hook '/home/vincent-pc/ros2_jazzy/build/robot_actions_py/share/robot_actions_py/hook/pythonpath_develop.sh'
[11.027s] Level 1:colcon.colcon_core.environment:checking '/home/vincent-pc/ros2_jazzy/install/robot_actions_py' for CMake module files
[11.028s] Level 1:colcon.colcon_core.environment:checking '/home/vincent-pc/ros2_jazzy/install/robot_actions_py' for CMake config files
[11.030s] Level 1:colcon.colcon_core.environment:checking '/home/vincent-pc/ros2_jazzy/install/robot_actions_py/lib'
[11.031s] Level 1:colcon.colcon_core.environment:checking '/home/vincent-pc/ros2_jazzy/install/robot_actions_py/bin'
[11.031s] Level 1:colcon.colcon_core.environment:checking '/home/vincent-pc/ros2_jazzy/install/robot_actions_py/lib/pkgconfig/robot_actions_py.pc'
[11.033s] Level 1:colcon.colcon_core.environment:checking '/home/vincent-pc/ros2_jazzy/install/robot_actions_py/lib/python3.12/site-packages'
[11.033s] Level 1:colcon.colcon_core.shell:create_environment_hook('robot_actions_py', 'pythonpath')
[11.034s] INFO:colcon.colcon_core.shell:Creating environment hook '/home/vincent-pc/ros2_jazzy/install/robot_actions_py/share/robot_actions_py/hook/pythonpath.ps1'
[11.035s] INFO:colcon.colcon_core.shell:Creating environment descriptor '/home/vincent-pc/ros2_jazzy/install/robot_actions_py/share/robot_actions_py/hook/pythonpath.dsv'
[11.036s] INFO:colcon.colcon_core.shell:Creating environment hook '/home/vincent-pc/ros2_jazzy/install/robot_actions_py/share/robot_actions_py/hook/pythonpath.sh'
[11.039s] Level 1:colcon.colcon_core.environment:checking '/home/vincent-pc/ros2_jazzy/install/robot_actions_py/bin'
[11.039s] Level 1:colcon.colcon_core.environment:create_environment_scripts_only(robot_actions_py)
[11.040s] INFO:colcon.colcon_core.shell:Creating package script '/home/vincent-pc/ros2_jazzy/install/robot_actions_py/share/robot_actions_py/package.ps1'
[11.042s] INFO:colcon.colcon_core.shell:Creating package descriptor '/home/vincent-pc/ros2_jazzy/install/robot_actions_py/share/robot_actions_py/package.dsv'
[11.043s] INFO:colcon.colcon_core.shell:Creating package script '/home/vincent-pc/ros2_jazzy/install/robot_actions_py/share/robot_actions_py/package.sh'
[11.044s] INFO:colcon.colcon_core.shell:Creating package script '/home/vincent-pc/ros2_jazzy/install/robot_actions_py/share/robot_actions_py/package.bash'
[11.045s] INFO:colcon.colcon_core.shell:Creating package script '/home/vincent-pc/ros2_jazzy/install/robot_actions_py/share/robot_actions_py/package.zsh'
[11.048s] Level 1:colcon.colcon_core.environment:create_file_with_runtime_dependencies(/home/vincent-pc/ros2_jazzy/install/robot_actions_py/share/colcon-core/packages/robot_actions_py)
[11.049s] DEBUG:colcon.colcon_parallel_executor.executor.parallel:closing loop
[11.050s] DEBUG:colcon.colcon_parallel_executor.executor.parallel:loop closed
[11.050s] DEBUG:colcon.colcon_parallel_executor.executor.parallel:run_until_complete finished with '0'
[11.050s] DEBUG:colcon.colcon_core.event_reactor:joining thread
[11.081s] INFO:colcon.colcon_core.plugin_system:Skipping extension 'colcon_notification.desktop_notification.terminal_notifier': Not used on non-Darwin systems
[11.081s] INFO:colcon.colcon_core.plugin_system:Skipping extension 'colcon_notification.desktop_notification.win32': Not used on non-Windows systems
[11.082s] INFO:colcon.colcon_notification.desktop_notification:Sending desktop notification using 'notify2'
[11.202s] DEBUG:colcon.colcon_core.event_reactor:joined thread
[11.203s] INFO:colcon.colcon_core.shell:Creating prefix script '/home/vincent-pc/ros2_jazzy/install/local_setup.ps1'
[11.205s] INFO:colcon.colcon_core.shell:Creating prefix util module '/home/vincent-pc/ros2_jazzy/install/_local_setup_util_ps1.py'
[11.207s] INFO:colcon.colcon_core.shell:Creating prefix chain script '/home/vincent-pc/ros2_jazzy/install/setup.ps1'
[11.211s] INFO:colcon.colcon_core.shell:Creating prefix script '/home/vincent-pc/ros2_jazzy/install/local_setup.sh'
[11.213s] INFO:colcon.colcon_core.shell:Creating prefix util module '/home/vincent-pc/ros2_jazzy/install/_local_setup_util_sh.py'
[11.215s] INFO:colcon.colcon_core.shell:Creating prefix chain script '/home/vincent-pc/ros2_jazzy/install/setup.sh'
[11.219s] INFO:colcon.colcon_core.shell:Creating prefix script '/home/vincent-pc/ros2_jazzy/install/local_setup.bash'
[11.221s] INFO:colcon.colcon_core.shell:Creating prefix chain script '/home/vincent-pc/ros2_jazzy/install/setup.bash'
[11.226s] INFO:colcon.colcon_core.shell:Creating prefix script '/home/vincent-pc/ros2_jazzy/install/local_setup.zsh'
[11.230s] INFO:colcon.colcon_core.shell:Creating prefix chain script '/home/vincent-pc/ros2_jazzy/install/setup.zsh'
