[0.207s] DEBUG:colcon:Command line arguments: ['/usr/bin/colcon', 'build']
[0.207s] DEBUG:colcon:Parsed command line arguments: Namespace(log_base=None, log_level=None, verb_name='build', build_base='build', install_base='install', merge_install=False, symlink_install=False, test_result_base=None, continue_on_error=False, executor='parallel', parallel_workers=8, event_handlers=None, ignore_user_meta=False, metas=['./colcon.meta'], base_paths=['.'], packages_ignore=None, packages_ignore_regex=None, paths=None, packages_up_to=None, packages_up_to_regex=None, packages_above=None, packages_above_and_dependencies=None, packages_above_depth=None, packages_select_by_dep=None, packages_skip_by_dep=None, packages_skip_up_to=None, packages_select_build_failed=False, packages_skip_build_finished=False, packages_select_test_failures=False, packages_skip_test_passed=False, packages_select=None, packages_skip=None, packages_select_regex=None, packages_skip_regex=None, packages_start=None, packages_end=None, allow_overriding=[], cmake_args=None, cmake_target=None, cmake_target_skip_unavailable=False, cmake_clean_cache=False, cmake_clean_first=False, cmake_force_configure=False, ament_cmake_args=None, catkin_cmake_args=None, catkin_skip_building_tests=False, mixin_files=None, mixin=None, verb_parser=<colcon_mixin.mixin.mixin_argument.MixinArgumentDecorator object at 0x73401ca91b80>, verb_extension=<colcon_core.verb.build.BuildVerb object at 0x73401cbc97f0>, main=<bound method BuildVerb.main of <colcon_core.verb.build.BuildVerb object at 0x73401cbc97f0>>, mixin_verb=('build',))
[0.259s] Level 1:colcon.colcon_core.package_discovery:discover_packages(colcon_meta) check parameters
[0.259s] Level 1:colcon.colcon_core.package_discovery:discover_packages(recursive) check parameters
[0.259s] Level 1:colcon.colcon_core.package_discovery:discover_packages(ignore) check parameters
[0.259s] Level 1:colcon.colcon_core.package_discovery:discover_packages(path) check parameters
[0.259s] Level 1:colcon.colcon_core.package_discovery:discover_packages(colcon_meta) discover
[0.259s] Level 1:colcon.colcon_core.package_discovery:discover_packages(recursive) discover
[0.259s] INFO:colcon.colcon_core.package_discovery:Crawling recursively for packages in '/home/vincent-pc/ros2_jazzy'
[0.259s] Level 1:colcon.colcon_core.package_identification:_identify(.) by extensions ['ignore', 'ignore_ament_install']
[0.259s] Level 1:colcon.colcon_core.package_identification:_identify(.) by extension 'ignore'
[0.259s] Level 1:colcon.colcon_core.package_identification:_identify(.) by extension 'ignore_ament_install'
[0.259s] Level 1:colcon.colcon_core.package_identification:_identify(.) by extensions ['colcon_pkg']
[0.259s] Level 1:colcon.colcon_core.package_identification:_identify(.) by extension 'colcon_pkg'
[0.259s] Level 1:colcon.colcon_core.package_identification:_identify(.) by extensions ['colcon_meta']
[0.259s] Level 1:colcon.colcon_core.package_identification:_identify(.) by extension 'colcon_meta'
[0.259s] Level 1:colcon.colcon_core.package_identification:_identify(.) by extensions ['ros']
[0.259s] Level 1:colcon.colcon_core.package_identification:_identify(.) by extension 'ros'
[0.288s] Level 1:colcon.colcon_core.package_identification:_identify(.) by extensions ['cmake', 'python']
[0.288s] Level 1:colcon.colcon_core.package_identification:_identify(.) by extension 'cmake'
[0.288s] Level 1:colcon.colcon_core.package_identification:_identify(.) by extension 'python'
[0.288s] Level 1:colcon.colcon_core.package_identification:_identify(.) by extensions ['python_setup_py']
[0.288s] Level 1:colcon.colcon_core.package_identification:_identify(.) by extension 'python_setup_py'
[0.288s] Level 1:colcon.colcon_core.package_identification:_identify(build) by extensions ['ignore', 'ignore_ament_install']
[0.288s] Level 1:colcon.colcon_core.package_identification:_identify(build) by extension 'ignore'
[0.288s] Level 1:colcon.colcon_core.package_identification:_identify(build) ignored
[0.288s] Level 1:colcon.colcon_core.package_identification:_identify(install) by extensions ['ignore', 'ignore_ament_install']
[0.289s] Level 1:colcon.colcon_core.package_identification:_identify(install) by extension 'ignore'
[0.289s] Level 1:colcon.colcon_core.package_identification:_identify(install) ignored
[0.289s] Level 1:colcon.colcon_core.package_identification:_identify(log) by extensions ['ignore', 'ignore_ament_install']
[0.289s] Level 1:colcon.colcon_core.package_identification:_identify(log) by extension 'ignore'
[0.289s] Level 1:colcon.colcon_core.package_identification:_identify(log) ignored
[0.289s] Level 1:colcon.colcon_core.package_identification:_identify(py_controllers) by extensions ['ignore', 'ignore_ament_install']
[0.289s] Level 1:colcon.colcon_core.package_identification:_identify(py_controllers) by extension 'ignore'
[0.289s] Level 1:colcon.colcon_core.package_identification:_identify(py_controllers) by extension 'ignore_ament_install'
[0.289s] Level 1:colcon.colcon_core.package_identification:_identify(py_controllers) by extensions ['colcon_pkg']
[0.289s] Level 1:colcon.colcon_core.package_identification:_identify(py_controllers) by extension 'colcon_pkg'
[0.289s] Level 1:colcon.colcon_core.package_identification:_identify(py_controllers) by extensions ['colcon_meta']
[0.289s] Level 1:colcon.colcon_core.package_identification:_identify(py_controllers) by extension 'colcon_meta'
[0.289s] Level 1:colcon.colcon_core.package_identification:_identify(py_controllers) by extensions ['ros']
[0.289s] Level 1:colcon.colcon_core.package_identification:_identify(py_controllers) by extension 'ros'
[0.289s] Level 1:colcon.colcon_core.package_identification:_identify(py_controllers) by extensions ['cmake', 'python']
[0.290s] Level 1:colcon.colcon_core.package_identification:_identify(py_controllers) by extension 'cmake'
[0.290s] Level 1:colcon.colcon_core.package_identification:_identify(py_controllers) by extension 'python'
[0.290s] Level 1:colcon.colcon_core.package_identification:_identify(py_controllers) by extensions ['python_setup_py']
[0.290s] Level 1:colcon.colcon_core.package_identification:_identify(py_controllers) by extension 'python_setup_py'
[0.290s] Level 1:colcon.colcon_core.package_identification:_identify(shapes) by extensions ['ignore', 'ignore_ament_install']
[0.290s] Level 1:colcon.colcon_core.package_identification:_identify(shapes) by extension 'ignore'
[0.290s] Level 1:colcon.colcon_core.package_identification:_identify(shapes) by extension 'ignore_ament_install'
[0.290s] Level 1:colcon.colcon_core.package_identification:_identify(shapes) by extensions ['colcon_pkg']
[0.290s] Level 1:colcon.colcon_core.package_identification:_identify(shapes) by extension 'colcon_pkg'
[0.290s] Level 1:colcon.colcon_core.package_identification:_identify(shapes) by extensions ['colcon_meta']
[0.290s] Level 1:colcon.colcon_core.package_identification:_identify(shapes) by extension 'colcon_meta'
[0.290s] Level 1:colcon.colcon_core.package_identification:_identify(shapes) by extensions ['ros']
[0.290s] Level 1:colcon.colcon_core.package_identification:_identify(shapes) by extension 'ros'
[0.290s] Level 1:colcon.colcon_core.package_identification:_identify(shapes) by extensions ['cmake', 'python']
[0.290s] Level 1:colcon.colcon_core.package_identification:_identify(shapes) by extension 'cmake'
[0.290s] Level 1:colcon.colcon_core.package_identification:_identify(shapes) by extension 'python'
[0.290s] Level 1:colcon.colcon_core.package_identification:_identify(shapes) by extensions ['python_setup_py']
[0.290s] Level 1:colcon.colcon_core.package_identification:_identify(shapes) by extension 'python_setup_py'
[0.290s] Level 1:colcon.colcon_core.package_identification:_identify(shapes/meshes) by extensions ['ignore', 'ignore_ament_install']
[0.290s] Level 1:colcon.colcon_core.package_identification:_identify(shapes/meshes) by extension 'ignore'
[0.291s] Level 1:colcon.colcon_core.package_identification:_identify(shapes/meshes) by extension 'ignore_ament_install'
[0.291s] Level 1:colcon.colcon_core.package_identification:_identify(shapes/meshes) by extensions ['colcon_pkg']
[0.291s] Level 1:colcon.colcon_core.package_identification:_identify(shapes/meshes) by extension 'colcon_pkg'
[0.291s] Level 1:colcon.colcon_core.package_identification:_identify(shapes/meshes) by extensions ['colcon_meta']
[0.291s] Level 1:colcon.colcon_core.package_identification:_identify(shapes/meshes) by extension 'colcon_meta'
[0.291s] Level 1:colcon.colcon_core.package_identification:_identify(shapes/meshes) by extensions ['ros']
[0.291s] Level 1:colcon.colcon_core.package_identification:_identify(shapes/meshes) by extension 'ros'
[0.291s] Level 1:colcon.colcon_core.package_identification:_identify(shapes/meshes) by extensions ['cmake', 'python']
[0.291s] Level 1:colcon.colcon_core.package_identification:_identify(shapes/meshes) by extension 'cmake'
[0.291s] Level 1:colcon.colcon_core.package_identification:_identify(shapes/meshes) by extension 'python'
[0.291s] Level 1:colcon.colcon_core.package_identification:_identify(shapes/meshes) by extensions ['python_setup_py']
[0.291s] Level 1:colcon.colcon_core.package_identification:_identify(shapes/meshes) by extension 'python_setup_py'
[0.291s] Level 1:colcon.colcon_core.package_identification:_identify(src) by extensions ['ignore', 'ignore_ament_install']
[0.291s] Level 1:colcon.colcon_core.package_identification:_identify(src) by extension 'ignore'
[0.291s] Level 1:colcon.colcon_core.package_identification:_identify(src) by extension 'ignore_ament_install'
[0.291s] Level 1:colcon.colcon_core.package_identification:_identify(src) by extensions ['colcon_pkg']
[0.291s] Level 1:colcon.colcon_core.package_identification:_identify(src) by extension 'colcon_pkg'
[0.291s] Level 1:colcon.colcon_core.package_identification:_identify(src) by extensions ['colcon_meta']
[0.291s] Level 1:colcon.colcon_core.package_identification:_identify(src) by extension 'colcon_meta'
[0.291s] Level 1:colcon.colcon_core.package_identification:_identify(src) by extensions ['ros']
[0.291s] Level 1:colcon.colcon_core.package_identification:_identify(src) by extension 'ros'
[0.291s] Level 1:colcon.colcon_core.package_identification:_identify(src) by extensions ['cmake', 'python']
[0.292s] Level 1:colcon.colcon_core.package_identification:_identify(src) by extension 'cmake'
[0.292s] Level 1:colcon.colcon_core.package_identification:_identify(src) by extension 'python'
[0.292s] Level 1:colcon.colcon_core.package_identification:_identify(src) by extensions ['python_setup_py']
[0.292s] Level 1:colcon.colcon_core.package_identification:_identify(src) by extension 'python_setup_py'
[0.292s] Level 1:colcon.colcon_core.package_identification:_identify(src/actions_cpp) by extensions ['ignore', 'ignore_ament_install']
[0.292s] Level 1:colcon.colcon_core.package_identification:_identify(src/actions_cpp) by extension 'ignore'
[0.292s] Level 1:colcon.colcon_core.package_identification:_identify(src/actions_cpp) by extension 'ignore_ament_install'
[0.292s] Level 1:colcon.colcon_core.package_identification:_identify(src/actions_cpp) by extensions ['colcon_pkg']
[0.292s] Level 1:colcon.colcon_core.package_identification:_identify(src/actions_cpp) by extension 'colcon_pkg'
[0.292s] Level 1:colcon.colcon_core.package_identification:_identify(src/actions_cpp) by extensions ['colcon_meta']
[0.292s] Level 1:colcon.colcon_core.package_identification:_identify(src/actions_cpp) by extension 'colcon_meta'
[0.292s] Level 1:colcon.colcon_core.package_identification:_identify(src/actions_cpp) by extensions ['ros']
[0.292s] Level 1:colcon.colcon_core.package_identification:_identify(src/actions_cpp) by extension 'ros'
[0.297s] DEBUG:colcon.colcon_core.package_identification:Package 'src/actions_cpp' with type 'ros.ament_cmake' and name 'actions_cpp'
[0.297s] Level 1:colcon.colcon_core.package_identification:_identify(src/actions_py) by extensions ['ignore', 'ignore_ament_install']
[0.297s] Level 1:colcon.colcon_core.package_identification:_identify(src/actions_py) by extension 'ignore'
[0.297s] Level 1:colcon.colcon_core.package_identification:_identify(src/actions_py) by extension 'ignore_ament_install'
[0.297s] Level 1:colcon.colcon_core.package_identification:_identify(src/actions_py) by extensions ['colcon_pkg']
[0.297s] Level 1:colcon.colcon_core.package_identification:_identify(src/actions_py) by extension 'colcon_pkg'
[0.297s] Level 1:colcon.colcon_core.package_identification:_identify(src/actions_py) by extensions ['colcon_meta']
[0.297s] Level 1:colcon.colcon_core.package_identification:_identify(src/actions_py) by extension 'colcon_meta'
[0.297s] Level 1:colcon.colcon_core.package_identification:_identify(src/actions_py) by extensions ['ros']
[0.298s] Level 1:colcon.colcon_core.package_identification:_identify(src/actions_py) by extension 'ros'
[0.298s] DEBUG:colcon.colcon_core.package_identification:Package 'src/actions_py' with type 'ros.ament_python' and name 'actions_py'
[0.299s] Level 1:colcon.colcon_core.package_identification:_identify(src/build) by extensions ['ignore', 'ignore_ament_install']
[0.299s] Level 1:colcon.colcon_core.package_identification:_identify(src/build) by extension 'ignore'
[0.299s] Level 1:colcon.colcon_core.package_identification:_identify(src/build) ignored
[0.299s] Level 1:colcon.colcon_core.package_identification:_identify(src/components_cpp) by extensions ['ignore', 'ignore_ament_install']
[0.299s] Level 1:colcon.colcon_core.package_identification:_identify(src/components_cpp) by extension 'ignore'
[0.299s] Level 1:colcon.colcon_core.package_identification:_identify(src/components_cpp) by extension 'ignore_ament_install'
[0.299s] Level 1:colcon.colcon_core.package_identification:_identify(src/components_cpp) by extensions ['colcon_pkg']
[0.299s] Level 1:colcon.colcon_core.package_identification:_identify(src/components_cpp) by extension 'colcon_pkg'
[0.299s] Level 1:colcon.colcon_core.package_identification:_identify(src/components_cpp) by extensions ['colcon_meta']
[0.299s] Level 1:colcon.colcon_core.package_identification:_identify(src/components_cpp) by extension 'colcon_meta'
[0.299s] Level 1:colcon.colcon_core.package_identification:_identify(src/components_cpp) by extensions ['ros']
[0.299s] Level 1:colcon.colcon_core.package_identification:_identify(src/components_cpp) by extension 'ros'
[0.300s] DEBUG:colcon.colcon_core.package_identification:Package 'src/components_cpp' with type 'ros.ament_cmake' and name 'components_cpp'
[0.300s] Level 1:colcon.colcon_core.package_identification:_identify(src/components_py) by extensions ['ignore', 'ignore_ament_install']
[0.301s] Level 1:colcon.colcon_core.package_identification:_identify(src/components_py) by extension 'ignore'
[0.301s] Level 1:colcon.colcon_core.package_identification:_identify(src/components_py) by extension 'ignore_ament_install'
[0.301s] Level 1:colcon.colcon_core.package_identification:_identify(src/components_py) by extensions ['colcon_pkg']
[0.301s] Level 1:colcon.colcon_core.package_identification:_identify(src/components_py) by extension 'colcon_pkg'
[0.301s] Level 1:colcon.colcon_core.package_identification:_identify(src/components_py) by extensions ['colcon_meta']
[0.301s] Level 1:colcon.colcon_core.package_identification:_identify(src/components_py) by extension 'colcon_meta'
[0.301s] Level 1:colcon.colcon_core.package_identification:_identify(src/components_py) by extensions ['ros']
[0.301s] Level 1:colcon.colcon_core.package_identification:_identify(src/components_py) by extension 'ros'
[0.302s] DEBUG:colcon.colcon_core.package_identification:Package 'src/components_py' with type 'ros.ament_python' and name 'components_py'
[0.302s] Level 1:colcon.colcon_core.package_identification:_identify(src/executors_cpp) by extensions ['ignore', 'ignore_ament_install']
[0.303s] Level 1:colcon.colcon_core.package_identification:_identify(src/executors_cpp) by extension 'ignore'
[0.303s] Level 1:colcon.colcon_core.package_identification:_identify(src/executors_cpp) by extension 'ignore_ament_install'
[0.303s] Level 1:colcon.colcon_core.package_identification:_identify(src/executors_cpp) by extensions ['colcon_pkg']
[0.303s] Level 1:colcon.colcon_core.package_identification:_identify(src/executors_cpp) by extension 'colcon_pkg'
[0.303s] Level 1:colcon.colcon_core.package_identification:_identify(src/executors_cpp) by extensions ['colcon_meta']
[0.303s] Level 1:colcon.colcon_core.package_identification:_identify(src/executors_cpp) by extension 'colcon_meta'
[0.303s] Level 1:colcon.colcon_core.package_identification:_identify(src/executors_cpp) by extensions ['ros']
[0.303s] Level 1:colcon.colcon_core.package_identification:_identify(src/executors_cpp) by extension 'ros'
[0.304s] DEBUG:colcon.colcon_core.package_identification:Package 'src/executors_cpp' with type 'ros.ament_cmake' and name 'executors_cpp'
[0.304s] Level 1:colcon.colcon_core.package_identification:_identify(src/executors_py) by extensions ['ignore', 'ignore_ament_install']
[0.304s] Level 1:colcon.colcon_core.package_identification:_identify(src/executors_py) by extension 'ignore'
[0.304s] Level 1:colcon.colcon_core.package_identification:_identify(src/executors_py) by extension 'ignore_ament_install'
[0.304s] Level 1:colcon.colcon_core.package_identification:_identify(src/executors_py) by extensions ['colcon_pkg']
[0.304s] Level 1:colcon.colcon_core.package_identification:_identify(src/executors_py) by extension 'colcon_pkg'
[0.304s] Level 1:colcon.colcon_core.package_identification:_identify(src/executors_py) by extensions ['colcon_meta']
[0.304s] Level 1:colcon.colcon_core.package_identification:_identify(src/executors_py) by extension 'colcon_meta'
[0.304s] Level 1:colcon.colcon_core.package_identification:_identify(src/executors_py) by extensions ['ros']
[0.304s] Level 1:colcon.colcon_core.package_identification:_identify(src/executors_py) by extension 'ros'
[0.305s] DEBUG:colcon.colcon_core.package_identification:Package 'src/executors_py' with type 'ros.ament_python' and name 'executors_py'
[0.305s] Level 1:colcon.colcon_core.package_identification:_identify(src/install) by extensions ['ignore', 'ignore_ament_install']
[0.305s] Level 1:colcon.colcon_core.package_identification:_identify(src/install) by extension 'ignore'
[0.305s] Level 1:colcon.colcon_core.package_identification:_identify(src/install) ignored
[0.305s] Level 1:colcon.colcon_core.package_identification:_identify(src/lifecycle_cpp) by extensions ['ignore', 'ignore_ament_install']
[0.305s] Level 1:colcon.colcon_core.package_identification:_identify(src/lifecycle_cpp) by extension 'ignore'
[0.306s] Level 1:colcon.colcon_core.package_identification:_identify(src/lifecycle_cpp) by extension 'ignore_ament_install'
[0.306s] Level 1:colcon.colcon_core.package_identification:_identify(src/lifecycle_cpp) by extensions ['colcon_pkg']
[0.306s] Level 1:colcon.colcon_core.package_identification:_identify(src/lifecycle_cpp) by extension 'colcon_pkg'
[0.306s] Level 1:colcon.colcon_core.package_identification:_identify(src/lifecycle_cpp) by extensions ['colcon_meta']
[0.306s] Level 1:colcon.colcon_core.package_identification:_identify(src/lifecycle_cpp) by extension 'colcon_meta'
[0.306s] Level 1:colcon.colcon_core.package_identification:_identify(src/lifecycle_cpp) by extensions ['ros']
[0.306s] Level 1:colcon.colcon_core.package_identification:_identify(src/lifecycle_cpp) by extension 'ros'
[0.306s] DEBUG:colcon.colcon_core.package_identification:Package 'src/lifecycle_cpp' with type 'ros.ament_cmake' and name 'lifecycle_cpp'
[0.307s] Level 1:colcon.colcon_core.package_identification:_identify(src/lifecycle_py) by extensions ['ignore', 'ignore_ament_install']
[0.307s] Level 1:colcon.colcon_core.package_identification:_identify(src/lifecycle_py) by extension 'ignore'
[0.307s] Level 1:colcon.colcon_core.package_identification:_identify(src/lifecycle_py) by extension 'ignore_ament_install'
[0.307s] Level 1:colcon.colcon_core.package_identification:_identify(src/lifecycle_py) by extensions ['colcon_pkg']
[0.307s] Level 1:colcon.colcon_core.package_identification:_identify(src/lifecycle_py) by extension 'colcon_pkg'
[0.307s] Level 1:colcon.colcon_core.package_identification:_identify(src/lifecycle_py) by extensions ['colcon_meta']
[0.307s] Level 1:colcon.colcon_core.package_identification:_identify(src/lifecycle_py) by extension 'colcon_meta'
[0.307s] Level 1:colcon.colcon_core.package_identification:_identify(src/lifecycle_py) by extensions ['ros']
[0.307s] Level 1:colcon.colcon_core.package_identification:_identify(src/lifecycle_py) by extension 'ros'
[0.308s] DEBUG:colcon.colcon_core.package_identification:Package 'src/lifecycle_py' with type 'ros.ament_python' and name 'lifecycle_py'
[0.308s] Level 1:colcon.colcon_core.package_identification:_identify(src/log) by extensions ['ignore', 'ignore_ament_install']
[0.308s] Level 1:colcon.colcon_core.package_identification:_identify(src/log) by extension 'ignore'
[0.308s] Level 1:colcon.colcon_core.package_identification:_identify(src/log) ignored
[0.308s] Level 1:colcon.colcon_core.package_identification:_identify(src/my_robot_bringup) by extensions ['ignore', 'ignore_ament_install']
[0.308s] Level 1:colcon.colcon_core.package_identification:_identify(src/my_robot_bringup) by extension 'ignore'
[0.308s] Level 1:colcon.colcon_core.package_identification:_identify(src/my_robot_bringup) by extension 'ignore_ament_install'
[0.308s] Level 1:colcon.colcon_core.package_identification:_identify(src/my_robot_bringup) by extensions ['colcon_pkg']
[0.308s] Level 1:colcon.colcon_core.package_identification:_identify(src/my_robot_bringup) by extension 'colcon_pkg'
[0.308s] Level 1:colcon.colcon_core.package_identification:_identify(src/my_robot_bringup) by extensions ['colcon_meta']
[0.308s] Level 1:colcon.colcon_core.package_identification:_identify(src/my_robot_bringup) by extension 'colcon_meta'
[0.308s] Level 1:colcon.colcon_core.package_identification:_identify(src/my_robot_bringup) by extensions ['ros']
[0.308s] Level 1:colcon.colcon_core.package_identification:_identify(src/my_robot_bringup) by extension 'ros'
[0.309s] DEBUG:colcon.colcon_core.package_identification:Package 'src/my_robot_bringup' with type 'ros.ament_cmake' and name 'my_robot_bringup'
[0.309s] Level 1:colcon.colcon_core.package_identification:_identify(src/my_robot_cpp) by extensions ['ignore', 'ignore_ament_install']
[0.309s] Level 1:colcon.colcon_core.package_identification:_identify(src/my_robot_cpp) by extension 'ignore'
[0.309s] Level 1:colcon.colcon_core.package_identification:_identify(src/my_robot_cpp) by extension 'ignore_ament_install'
[0.309s] Level 1:colcon.colcon_core.package_identification:_identify(src/my_robot_cpp) by extensions ['colcon_pkg']
[0.309s] Level 1:colcon.colcon_core.package_identification:_identify(src/my_robot_cpp) by extension 'colcon_pkg'
[0.309s] Level 1:colcon.colcon_core.package_identification:_identify(src/my_robot_cpp) by extensions ['colcon_meta']
[0.309s] Level 1:colcon.colcon_core.package_identification:_identify(src/my_robot_cpp) by extension 'colcon_meta'
[0.309s] Level 1:colcon.colcon_core.package_identification:_identify(src/my_robot_cpp) by extensions ['ros']
[0.309s] Level 1:colcon.colcon_core.package_identification:_identify(src/my_robot_cpp) by extension 'ros'
[0.310s] DEBUG:colcon.colcon_core.package_identification:Package 'src/my_robot_cpp' with type 'ros.ament_cmake' and name 'my_robot_cpp'
[0.310s] Level 1:colcon.colcon_core.package_identification:_identify(src/my_robot_description) by extensions ['ignore', 'ignore_ament_install']
[0.310s] Level 1:colcon.colcon_core.package_identification:_identify(src/my_robot_description) by extension 'ignore'
[0.310s] Level 1:colcon.colcon_core.package_identification:_identify(src/my_robot_description) by extension 'ignore_ament_install'
[0.310s] Level 1:colcon.colcon_core.package_identification:_identify(src/my_robot_description) by extensions ['colcon_pkg']
[0.310s] Level 1:colcon.colcon_core.package_identification:_identify(src/my_robot_description) by extension 'colcon_pkg'
[0.310s] Level 1:colcon.colcon_core.package_identification:_identify(src/my_robot_description) by extensions ['colcon_meta']
[0.310s] Level 1:colcon.colcon_core.package_identification:_identify(src/my_robot_description) by extension 'colcon_meta'
[0.310s] Level 1:colcon.colcon_core.package_identification:_identify(src/my_robot_description) by extensions ['ros']
[0.310s] Level 1:colcon.colcon_core.package_identification:_identify(src/my_robot_description) by extension 'ros'
[0.311s] DEBUG:colcon.colcon_core.package_identification:Package 'src/my_robot_description' with type 'ros.ament_cmake' and name 'my_robot_description'
[0.311s] Level 1:colcon.colcon_core.package_identification:_identify(src/my_robot_interfaces) by extensions ['ignore', 'ignore_ament_install']
[0.311s] Level 1:colcon.colcon_core.package_identification:_identify(src/my_robot_interfaces) by extension 'ignore'
[0.311s] Level 1:colcon.colcon_core.package_identification:_identify(src/my_robot_interfaces) by extension 'ignore_ament_install'
[0.311s] Level 1:colcon.colcon_core.package_identification:_identify(src/my_robot_interfaces) by extensions ['colcon_pkg']
[0.311s] Level 1:colcon.colcon_core.package_identification:_identify(src/my_robot_interfaces) by extension 'colcon_pkg'
[0.311s] Level 1:colcon.colcon_core.package_identification:_identify(src/my_robot_interfaces) by extensions ['colcon_meta']
[0.312s] Level 1:colcon.colcon_core.package_identification:_identify(src/my_robot_interfaces) by extension 'colcon_meta'
[0.312s] Level 1:colcon.colcon_core.package_identification:_identify(src/my_robot_interfaces) by extensions ['ros']
[0.312s] Level 1:colcon.colcon_core.package_identification:_identify(src/my_robot_interfaces) by extension 'ros'
[0.312s] DEBUG:colcon.colcon_core.package_identification:Package 'src/my_robot_interfaces' with type 'ros.ament_cmake' and name 'my_robot_interfaces'
[0.312s] Level 1:colcon.colcon_core.package_identification:_identify(src/my_robot_python) by extensions ['ignore', 'ignore_ament_install']
[0.312s] Level 1:colcon.colcon_core.package_identification:_identify(src/my_robot_python) by extension 'ignore'
[0.312s] Level 1:colcon.colcon_core.package_identification:_identify(src/my_robot_python) by extension 'ignore_ament_install'
[0.312s] Level 1:colcon.colcon_core.package_identification:_identify(src/my_robot_python) by extensions ['colcon_pkg']
[0.312s] Level 1:colcon.colcon_core.package_identification:_identify(src/my_robot_python) by extension 'colcon_pkg'
[0.313s] Level 1:colcon.colcon_core.package_identification:_identify(src/my_robot_python) by extensions ['colcon_meta']
[0.313s] Level 1:colcon.colcon_core.package_identification:_identify(src/my_robot_python) by extension 'colcon_meta'
[0.313s] Level 1:colcon.colcon_core.package_identification:_identify(src/my_robot_python) by extensions ['ros']
[0.313s] Level 1:colcon.colcon_core.package_identification:_identify(src/my_robot_python) by extension 'ros'
[0.313s] DEBUG:colcon.colcon_core.package_identification:Package 'src/my_robot_python' with type 'ros.ament_python' and name 'my_robot_python'
[0.313s] Level 1:colcon.colcon_core.package_identification:_identify(src/robot_cpp) by extensions ['ignore', 'ignore_ament_install']
[0.313s] Level 1:colcon.colcon_core.package_identification:_identify(src/robot_cpp) by extension 'ignore'
[0.313s] Level 1:colcon.colcon_core.package_identification:_identify(src/robot_cpp) by extension 'ignore_ament_install'
[0.314s] Level 1:colcon.colcon_core.package_identification:_identify(src/robot_cpp) by extensions ['colcon_pkg']
[0.314s] Level 1:colcon.colcon_core.package_identification:_identify(src/robot_cpp) by extension 'colcon_pkg'
[0.314s] Level 1:colcon.colcon_core.package_identification:_identify(src/robot_cpp) by extensions ['colcon_meta']
[0.314s] Level 1:colcon.colcon_core.package_identification:_identify(src/robot_cpp) by extension 'colcon_meta'
[0.314s] Level 1:colcon.colcon_core.package_identification:_identify(src/robot_cpp) by extensions ['ros']
[0.314s] Level 1:colcon.colcon_core.package_identification:_identify(src/robot_cpp) by extension 'ros'
[0.314s] DEBUG:colcon.colcon_core.package_identification:Package 'src/robot_cpp' with type 'ros.ament_cmake' and name 'robot_cpp'
[0.315s] Level 1:colcon.colcon_core.package_identification:_identify(src/robot_py) by extensions ['ignore', 'ignore_ament_install']
[0.315s] Level 1:colcon.colcon_core.package_identification:_identify(src/robot_py) by extension 'ignore'
[0.315s] Level 1:colcon.colcon_core.package_identification:_identify(src/robot_py) by extension 'ignore_ament_install'
[0.315s] Level 1:colcon.colcon_core.package_identification:_identify(src/robot_py) by extensions ['colcon_pkg']
[0.315s] Level 1:colcon.colcon_core.package_identification:_identify(src/robot_py) by extension 'colcon_pkg'
[0.315s] Level 1:colcon.colcon_core.package_identification:_identify(src/robot_py) by extensions ['colcon_meta']
[0.315s] Level 1:colcon.colcon_core.package_identification:_identify(src/robot_py) by extension 'colcon_meta'
[0.315s] Level 1:colcon.colcon_core.package_identification:_identify(src/robot_py) by extensions ['ros']
[0.315s] Level 1:colcon.colcon_core.package_identification:_identify(src/robot_py) by extension 'ros'
[0.316s] DEBUG:colcon.colcon_core.package_identification:Package 'src/robot_py' with type 'ros.ament_python' and name 'robot_py'
[0.316s] Level 1:colcon.colcon_core.package_discovery:discover_packages(recursive) using defaults
[0.316s] Level 1:colcon.colcon_core.package_discovery:discover_packages(ignore) discover
[0.316s] Level 1:colcon.colcon_core.package_discovery:discover_packages(ignore) using defaults
[0.316s] Level 1:colcon.colcon_core.package_discovery:discover_packages(path) discover
[0.316s] Level 1:colcon.colcon_core.package_discovery:discover_packages(path) using defaults
[0.346s] Level 1:colcon.colcon_core.package_discovery:discover_packages(prefix_path) check parameters
[0.346s] Level 1:colcon.colcon_core.package_discovery:discover_packages(prefix_path) discover
[0.349s] DEBUG:colcon.colcon_installed_package_information.package_discovery:Found 15 installed packages in /home/vincent-pc/ros2_jazzy/install
[0.352s] DEBUG:colcon.colcon_installed_package_information.package_discovery:Found 317 installed packages in /opt/ros/jazzy
[0.353s] Level 1:colcon.colcon_core.package_discovery:discover_packages(prefix_path) using defaults
[0.426s] Level 5:colcon.colcon_core.verb:set package 'my_robot_description' build argument 'cmake_args' from command line to 'None'
[0.426s] Level 5:colcon.colcon_core.verb:set package 'my_robot_description' build argument 'cmake_target' from command line to 'None'
[0.426s] Level 5:colcon.colcon_core.verb:set package 'my_robot_description' build argument 'cmake_target_skip_unavailable' from command line to 'False'
[0.426s] Level 5:colcon.colcon_core.verb:set package 'my_robot_description' build argument 'cmake_clean_cache' from command line to 'False'
[0.426s] Level 5:colcon.colcon_core.verb:set package 'my_robot_description' build argument 'cmake_clean_first' from command line to 'False'
[0.426s] Level 5:colcon.colcon_core.verb:set package 'my_robot_description' build argument 'cmake_force_configure' from command line to 'False'
[0.426s] Level 5:colcon.colcon_core.verb:set package 'my_robot_description' build argument 'ament_cmake_args' from command line to 'None'
[0.426s] Level 5:colcon.colcon_core.verb:set package 'my_robot_description' build argument 'catkin_cmake_args' from command line to 'None'
[0.426s] Level 5:colcon.colcon_core.verb:set package 'my_robot_description' build argument 'catkin_skip_building_tests' from command line to 'False'
[0.426s] DEBUG:colcon.colcon_core.verb:Building package 'my_robot_description' with the following arguments: {'ament_cmake_args': None, 'build_base': '/home/vincent-pc/ros2_jazzy/build/my_robot_description', 'catkin_cmake_args': None, 'catkin_skip_building_tests': False, 'cmake_args': None, 'cmake_clean_cache': False, 'cmake_clean_first': False, 'cmake_force_configure': False, 'cmake_target': None, 'cmake_target_skip_unavailable': False, 'install_base': '/home/vincent-pc/ros2_jazzy/install/my_robot_description', 'merge_install': False, 'path': '/home/vincent-pc/ros2_jazzy/src/my_robot_description', 'symlink_install': False, 'test_result_base': None}
[0.426s] Level 5:colcon.colcon_core.verb:set package 'my_robot_interfaces' build argument 'cmake_args' from command line to 'None'
[0.426s] Level 5:colcon.colcon_core.verb:set package 'my_robot_interfaces' build argument 'cmake_target' from command line to 'None'
[0.426s] Level 5:colcon.colcon_core.verb:set package 'my_robot_interfaces' build argument 'cmake_target_skip_unavailable' from command line to 'False'
[0.426s] Level 5:colcon.colcon_core.verb:set package 'my_robot_interfaces' build argument 'cmake_clean_cache' from command line to 'False'
[0.426s] Level 5:colcon.colcon_core.verb:set package 'my_robot_interfaces' build argument 'cmake_clean_first' from command line to 'False'
[0.426s] Level 5:colcon.colcon_core.verb:set package 'my_robot_interfaces' build argument 'cmake_force_configure' from command line to 'False'
[0.426s] Level 5:colcon.colcon_core.verb:set package 'my_robot_interfaces' build argument 'ament_cmake_args' from command line to 'None'
[0.426s] Level 5:colcon.colcon_core.verb:set package 'my_robot_interfaces' build argument 'catkin_cmake_args' from command line to 'None'
[0.426s] Level 5:colcon.colcon_core.verb:set package 'my_robot_interfaces' build argument 'catkin_skip_building_tests' from command line to 'False'
[0.427s] DEBUG:colcon.colcon_core.verb:Building package 'my_robot_interfaces' with the following arguments: {'ament_cmake_args': None, 'build_base': '/home/vincent-pc/ros2_jazzy/build/my_robot_interfaces', 'catkin_cmake_args': None, 'catkin_skip_building_tests': False, 'cmake_args': None, 'cmake_clean_cache': False, 'cmake_clean_first': False, 'cmake_force_configure': False, 'cmake_target': None, 'cmake_target_skip_unavailable': False, 'install_base': '/home/vincent-pc/ros2_jazzy/install/my_robot_interfaces', 'merge_install': False, 'path': '/home/vincent-pc/ros2_jazzy/src/my_robot_interfaces', 'symlink_install': False, 'test_result_base': None}
[0.427s] Level 5:colcon.colcon_core.verb:set package 'my_robot_python' build argument 'cmake_args' from command line to 'None'
[0.427s] Level 5:colcon.colcon_core.verb:set package 'my_robot_python' build argument 'cmake_target' from command line to 'None'
[0.427s] Level 5:colcon.colcon_core.verb:set package 'my_robot_python' build argument 'cmake_target_skip_unavailable' from command line to 'False'
[0.427s] Level 5:colcon.colcon_core.verb:set package 'my_robot_python' build argument 'cmake_clean_cache' from command line to 'False'
[0.427s] Level 5:colcon.colcon_core.verb:set package 'my_robot_python' build argument 'cmake_clean_first' from command line to 'False'
[0.427s] Level 5:colcon.colcon_core.verb:set package 'my_robot_python' build argument 'cmake_force_configure' from command line to 'False'
[0.427s] Level 5:colcon.colcon_core.verb:set package 'my_robot_python' build argument 'ament_cmake_args' from command line to 'None'
[0.427s] Level 5:colcon.colcon_core.verb:set package 'my_robot_python' build argument 'catkin_cmake_args' from command line to 'None'
[0.427s] Level 5:colcon.colcon_core.verb:set package 'my_robot_python' build argument 'catkin_skip_building_tests' from command line to 'False'
[0.427s] DEBUG:colcon.colcon_core.verb:Building package 'my_robot_python' with the following arguments: {'ament_cmake_args': None, 'build_base': '/home/vincent-pc/ros2_jazzy/build/my_robot_python', 'catkin_cmake_args': None, 'catkin_skip_building_tests': False, 'cmake_args': None, 'cmake_clean_cache': False, 'cmake_clean_first': False, 'cmake_force_configure': False, 'cmake_target': None, 'cmake_target_skip_unavailable': False, 'install_base': '/home/vincent-pc/ros2_jazzy/install/my_robot_python', 'merge_install': False, 'path': '/home/vincent-pc/ros2_jazzy/src/my_robot_python', 'symlink_install': False, 'test_result_base': None}
[0.427s] Level 5:colcon.colcon_core.verb:set package 'robot_py' build argument 'cmake_args' from command line to 'None'
[0.427s] Level 5:colcon.colcon_core.verb:set package 'robot_py' build argument 'cmake_target' from command line to 'None'
[0.427s] Level 5:colcon.colcon_core.verb:set package 'robot_py' build argument 'cmake_target_skip_unavailable' from command line to 'False'
[0.427s] Level 5:colcon.colcon_core.verb:set package 'robot_py' build argument 'cmake_clean_cache' from command line to 'False'
[0.427s] Level 5:colcon.colcon_core.verb:set package 'robot_py' build argument 'cmake_clean_first' from command line to 'False'
[0.427s] Level 5:colcon.colcon_core.verb:set package 'robot_py' build argument 'cmake_force_configure' from command line to 'False'
[0.427s] Level 5:colcon.colcon_core.verb:set package 'robot_py' build argument 'ament_cmake_args' from command line to 'None'
[0.427s] Level 5:colcon.colcon_core.verb:set package 'robot_py' build argument 'catkin_cmake_args' from command line to 'None'
[0.427s] Level 5:colcon.colcon_core.verb:set package 'robot_py' build argument 'catkin_skip_building_tests' from command line to 'False'
[0.427s] DEBUG:colcon.colcon_core.verb:Building package 'robot_py' with the following arguments: {'ament_cmake_args': None, 'build_base': '/home/vincent-pc/ros2_jazzy/build/robot_py', 'catkin_cmake_args': None, 'catkin_skip_building_tests': False, 'cmake_args': None, 'cmake_clean_cache': False, 'cmake_clean_first': False, 'cmake_force_configure': False, 'cmake_target': None, 'cmake_target_skip_unavailable': False, 'install_base': '/home/vincent-pc/ros2_jazzy/install/robot_py', 'merge_install': False, 'path': '/home/vincent-pc/ros2_jazzy/src/robot_py', 'symlink_install': False, 'test_result_base': None}
[0.428s] Level 5:colcon.colcon_core.verb:set package 'actions_cpp' build argument 'cmake_args' from command line to 'None'
[0.428s] Level 5:colcon.colcon_core.verb:set package 'actions_cpp' build argument 'cmake_target' from command line to 'None'
[0.428s] Level 5:colcon.colcon_core.verb:set package 'actions_cpp' build argument 'cmake_target_skip_unavailable' from command line to 'False'
[0.428s] Level 5:colcon.colcon_core.verb:set package 'actions_cpp' build argument 'cmake_clean_cache' from command line to 'False'
[0.428s] Level 5:colcon.colcon_core.verb:set package 'actions_cpp' build argument 'cmake_clean_first' from command line to 'False'
[0.428s] Level 5:colcon.colcon_core.verb:set package 'actions_cpp' build argument 'cmake_force_configure' from command line to 'False'
[0.428s] Level 5:colcon.colcon_core.verb:set package 'actions_cpp' build argument 'ament_cmake_args' from command line to 'None'
[0.428s] Level 5:colcon.colcon_core.verb:set package 'actions_cpp' build argument 'catkin_cmake_args' from command line to 'None'
[0.428s] Level 5:colcon.colcon_core.verb:set package 'actions_cpp' build argument 'catkin_skip_building_tests' from command line to 'False'
[0.428s] DEBUG:colcon.colcon_core.verb:Building package 'actions_cpp' with the following arguments: {'ament_cmake_args': None, 'build_base': '/home/vincent-pc/ros2_jazzy/build/actions_cpp', 'catkin_cmake_args': None, 'catkin_skip_building_tests': False, 'cmake_args': None, 'cmake_clean_cache': False, 'cmake_clean_first': False, 'cmake_force_configure': False, 'cmake_target': None, 'cmake_target_skip_unavailable': False, 'install_base': '/home/vincent-pc/ros2_jazzy/install/actions_cpp', 'merge_install': False, 'path': '/home/vincent-pc/ros2_jazzy/src/actions_cpp', 'symlink_install': False, 'test_result_base': None}
[0.428s] Level 5:colcon.colcon_core.verb:set package 'actions_py' build argument 'cmake_args' from command line to 'None'
[0.428s] Level 5:colcon.colcon_core.verb:set package 'actions_py' build argument 'cmake_target' from command line to 'None'
[0.429s] Level 5:colcon.colcon_core.verb:set package 'actions_py' build argument 'cmake_target_skip_unavailable' from command line to 'False'
[0.429s] Level 5:colcon.colcon_core.verb:set package 'actions_py' build argument 'cmake_clean_cache' from command line to 'False'
[0.429s] Level 5:colcon.colcon_core.verb:set package 'actions_py' build argument 'cmake_clean_first' from command line to 'False'
[0.429s] Level 5:colcon.colcon_core.verb:set package 'actions_py' build argument 'cmake_force_configure' from command line to 'False'
[0.429s] Level 5:colcon.colcon_core.verb:set package 'actions_py' build argument 'ament_cmake_args' from command line to 'None'
[0.429s] Level 5:colcon.colcon_core.verb:set package 'actions_py' build argument 'catkin_cmake_args' from command line to 'None'
[0.429s] Level 5:colcon.colcon_core.verb:set package 'actions_py' build argument 'catkin_skip_building_tests' from command line to 'False'
[0.429s] DEBUG:colcon.colcon_core.verb:Building package 'actions_py' with the following arguments: {'ament_cmake_args': None, 'build_base': '/home/vincent-pc/ros2_jazzy/build/actions_py', 'catkin_cmake_args': None, 'catkin_skip_building_tests': False, 'cmake_args': None, 'cmake_clean_cache': False, 'cmake_clean_first': False, 'cmake_force_configure': False, 'cmake_target': None, 'cmake_target_skip_unavailable': False, 'install_base': '/home/vincent-pc/ros2_jazzy/install/actions_py', 'merge_install': False, 'path': '/home/vincent-pc/ros2_jazzy/src/actions_py', 'symlink_install': False, 'test_result_base': None}
[0.429s] Level 5:colcon.colcon_core.verb:set package 'components_cpp' build argument 'cmake_args' from command line to 'None'
[0.429s] Level 5:colcon.colcon_core.verb:set package 'components_cpp' build argument 'cmake_target' from command line to 'None'
[0.429s] Level 5:colcon.colcon_core.verb:set package 'components_cpp' build argument 'cmake_target_skip_unavailable' from command line to 'False'
[0.429s] Level 5:colcon.colcon_core.verb:set package 'components_cpp' build argument 'cmake_clean_cache' from command line to 'False'
[0.429s] Level 5:colcon.colcon_core.verb:set package 'components_cpp' build argument 'cmake_clean_first' from command line to 'False'
[0.429s] Level 5:colcon.colcon_core.verb:set package 'components_cpp' build argument 'cmake_force_configure' from command line to 'False'
[0.429s] Level 5:colcon.colcon_core.verb:set package 'components_cpp' build argument 'ament_cmake_args' from command line to 'None'
[0.429s] Level 5:colcon.colcon_core.verb:set package 'components_cpp' build argument 'catkin_cmake_args' from command line to 'None'
[0.429s] Level 5:colcon.colcon_core.verb:set package 'components_cpp' build argument 'catkin_skip_building_tests' from command line to 'False'
[0.429s] DEBUG:colcon.colcon_core.verb:Building package 'components_cpp' with the following arguments: {'ament_cmake_args': None, 'build_base': '/home/vincent-pc/ros2_jazzy/build/components_cpp', 'catkin_cmake_args': None, 'catkin_skip_building_tests': False, 'cmake_args': None, 'cmake_clean_cache': False, 'cmake_clean_first': False, 'cmake_force_configure': False, 'cmake_target': None, 'cmake_target_skip_unavailable': False, 'install_base': '/home/vincent-pc/ros2_jazzy/install/components_cpp', 'merge_install': False, 'path': '/home/vincent-pc/ros2_jazzy/src/components_cpp', 'symlink_install': False, 'test_result_base': None}
[0.429s] Level 5:colcon.colcon_core.verb:set package 'components_py' build argument 'cmake_args' from command line to 'None'
[0.429s] Level 5:colcon.colcon_core.verb:set package 'components_py' build argument 'cmake_target' from command line to 'None'
[0.429s] Level 5:colcon.colcon_core.verb:set package 'components_py' build argument 'cmake_target_skip_unavailable' from command line to 'False'
[0.429s] Level 5:colcon.colcon_core.verb:set package 'components_py' build argument 'cmake_clean_cache' from command line to 'False'
[0.429s] Level 5:colcon.colcon_core.verb:set package 'components_py' build argument 'cmake_clean_first' from command line to 'False'
[0.429s] Level 5:colcon.colcon_core.verb:set package 'components_py' build argument 'cmake_force_configure' from command line to 'False'
[0.429s] Level 5:colcon.colcon_core.verb:set package 'components_py' build argument 'ament_cmake_args' from command line to 'None'
[0.429s] Level 5:colcon.colcon_core.verb:set package 'components_py' build argument 'catkin_cmake_args' from command line to 'None'
[0.429s] Level 5:colcon.colcon_core.verb:set package 'components_py' build argument 'catkin_skip_building_tests' from command line to 'False'
[0.429s] DEBUG:colcon.colcon_core.verb:Building package 'components_py' with the following arguments: {'ament_cmake_args': None, 'build_base': '/home/vincent-pc/ros2_jazzy/build/components_py', 'catkin_cmake_args': None, 'catkin_skip_building_tests': False, 'cmake_args': None, 'cmake_clean_cache': False, 'cmake_clean_first': False, 'cmake_force_configure': False, 'cmake_target': None, 'cmake_target_skip_unavailable': False, 'install_base': '/home/vincent-pc/ros2_jazzy/install/components_py', 'merge_install': False, 'path': '/home/vincent-pc/ros2_jazzy/src/components_py', 'symlink_install': False, 'test_result_base': None}
[0.430s] Level 5:colcon.colcon_core.verb:set package 'executors_cpp' build argument 'cmake_args' from command line to 'None'
[0.430s] Level 5:colcon.colcon_core.verb:set package 'executors_cpp' build argument 'cmake_target' from command line to 'None'
[0.430s] Level 5:colcon.colcon_core.verb:set package 'executors_cpp' build argument 'cmake_target_skip_unavailable' from command line to 'False'
[0.430s] Level 5:colcon.colcon_core.verb:set package 'executors_cpp' build argument 'cmake_clean_cache' from command line to 'False'
[0.430s] Level 5:colcon.colcon_core.verb:set package 'executors_cpp' build argument 'cmake_clean_first' from command line to 'False'
[0.430s] Level 5:colcon.colcon_core.verb:set package 'executors_cpp' build argument 'cmake_force_configure' from command line to 'False'
[0.430s] Level 5:colcon.colcon_core.verb:set package 'executors_cpp' build argument 'ament_cmake_args' from command line to 'None'
[0.430s] Level 5:colcon.colcon_core.verb:set package 'executors_cpp' build argument 'catkin_cmake_args' from command line to 'None'
[0.430s] Level 5:colcon.colcon_core.verb:set package 'executors_cpp' build argument 'catkin_skip_building_tests' from command line to 'False'
[0.430s] DEBUG:colcon.colcon_core.verb:Building package 'executors_cpp' with the following arguments: {'ament_cmake_args': None, 'build_base': '/home/vincent-pc/ros2_jazzy/build/executors_cpp', 'catkin_cmake_args': None, 'catkin_skip_building_tests': False, 'cmake_args': None, 'cmake_clean_cache': False, 'cmake_clean_first': False, 'cmake_force_configure': False, 'cmake_target': None, 'cmake_target_skip_unavailable': False, 'install_base': '/home/vincent-pc/ros2_jazzy/install/executors_cpp', 'merge_install': False, 'path': '/home/vincent-pc/ros2_jazzy/src/executors_cpp', 'symlink_install': False, 'test_result_base': None}
[0.430s] Level 5:colcon.colcon_core.verb:set package 'executors_py' build argument 'cmake_args' from command line to 'None'
[0.430s] Level 5:colcon.colcon_core.verb:set package 'executors_py' build argument 'cmake_target' from command line to 'None'
[0.430s] Level 5:colcon.colcon_core.verb:set package 'executors_py' build argument 'cmake_target_skip_unavailable' from command line to 'False'
[0.430s] Level 5:colcon.colcon_core.verb:set package 'executors_py' build argument 'cmake_clean_cache' from command line to 'False'
[0.430s] Level 5:colcon.colcon_core.verb:set package 'executors_py' build argument 'cmake_clean_first' from command line to 'False'
[0.430s] Level 5:colcon.colcon_core.verb:set package 'executors_py' build argument 'cmake_force_configure' from command line to 'False'
[0.430s] Level 5:colcon.colcon_core.verb:set package 'executors_py' build argument 'ament_cmake_args' from command line to 'None'
[0.430s] Level 5:colcon.colcon_core.verb:set package 'executors_py' build argument 'catkin_cmake_args' from command line to 'None'
[0.430s] Level 5:colcon.colcon_core.verb:set package 'executors_py' build argument 'catkin_skip_building_tests' from command line to 'False'
[0.430s] DEBUG:colcon.colcon_core.verb:Building package 'executors_py' with the following arguments: {'ament_cmake_args': None, 'build_base': '/home/vincent-pc/ros2_jazzy/build/executors_py', 'catkin_cmake_args': None, 'catkin_skip_building_tests': False, 'cmake_args': None, 'cmake_clean_cache': False, 'cmake_clean_first': False, 'cmake_force_configure': False, 'cmake_target': None, 'cmake_target_skip_unavailable': False, 'install_base': '/home/vincent-pc/ros2_jazzy/install/executors_py', 'merge_install': False, 'path': '/home/vincent-pc/ros2_jazzy/src/executors_py', 'symlink_install': False, 'test_result_base': None}
[0.430s] Level 5:colcon.colcon_core.verb:set package 'lifecycle_cpp' build argument 'cmake_args' from command line to 'None'
[0.430s] Level 5:colcon.colcon_core.verb:set package 'lifecycle_cpp' build argument 'cmake_target' from command line to 'None'
[0.430s] Level 5:colcon.colcon_core.verb:set package 'lifecycle_cpp' build argument 'cmake_target_skip_unavailable' from command line to 'False'
[0.430s] Level 5:colcon.colcon_core.verb:set package 'lifecycle_cpp' build argument 'cmake_clean_cache' from command line to 'False'
[0.431s] Level 5:colcon.colcon_core.verb:set package 'lifecycle_cpp' build argument 'cmake_clean_first' from command line to 'False'
[0.431s] Level 5:colcon.colcon_core.verb:set package 'lifecycle_cpp' build argument 'cmake_force_configure' from command line to 'False'
[0.431s] Level 5:colcon.colcon_core.verb:set package 'lifecycle_cpp' build argument 'ament_cmake_args' from command line to 'None'
[0.431s] Level 5:colcon.colcon_core.verb:set package 'lifecycle_cpp' build argument 'catkin_cmake_args' from command line to 'None'
[0.431s] Level 5:colcon.colcon_core.verb:set package 'lifecycle_cpp' build argument 'catkin_skip_building_tests' from command line to 'False'
[0.431s] DEBUG:colcon.colcon_core.verb:Building package 'lifecycle_cpp' with the following arguments: {'ament_cmake_args': None, 'build_base': '/home/vincent-pc/ros2_jazzy/build/lifecycle_cpp', 'catkin_cmake_args': None, 'catkin_skip_building_tests': False, 'cmake_args': None, 'cmake_clean_cache': False, 'cmake_clean_first': False, 'cmake_force_configure': False, 'cmake_target': None, 'cmake_target_skip_unavailable': False, 'install_base': '/home/vincent-pc/ros2_jazzy/install/lifecycle_cpp', 'merge_install': False, 'path': '/home/vincent-pc/ros2_jazzy/src/lifecycle_cpp', 'symlink_install': False, 'test_result_base': None}
[0.431s] Level 5:colcon.colcon_core.verb:set package 'lifecycle_py' build argument 'cmake_args' from command line to 'None'
[0.431s] Level 5:colcon.colcon_core.verb:set package 'lifecycle_py' build argument 'cmake_target' from command line to 'None'
[0.431s] Level 5:colcon.colcon_core.verb:set package 'lifecycle_py' build argument 'cmake_target_skip_unavailable' from command line to 'False'
[0.431s] Level 5:colcon.colcon_core.verb:set package 'lifecycle_py' build argument 'cmake_clean_cache' from command line to 'False'
[0.431s] Level 5:colcon.colcon_core.verb:set package 'lifecycle_py' build argument 'cmake_clean_first' from command line to 'False'
[0.431s] Level 5:colcon.colcon_core.verb:set package 'lifecycle_py' build argument 'cmake_force_configure' from command line to 'False'
[0.431s] Level 5:colcon.colcon_core.verb:set package 'lifecycle_py' build argument 'ament_cmake_args' from command line to 'None'
[0.431s] Level 5:colcon.colcon_core.verb:set package 'lifecycle_py' build argument 'catkin_cmake_args' from command line to 'None'
[0.431s] Level 5:colcon.colcon_core.verb:set package 'lifecycle_py' build argument 'catkin_skip_building_tests' from command line to 'False'
[0.431s] DEBUG:colcon.colcon_core.verb:Building package 'lifecycle_py' with the following arguments: {'ament_cmake_args': None, 'build_base': '/home/vincent-pc/ros2_jazzy/build/lifecycle_py', 'catkin_cmake_args': None, 'catkin_skip_building_tests': False, 'cmake_args': None, 'cmake_clean_cache': False, 'cmake_clean_first': False, 'cmake_force_configure': False, 'cmake_target': None, 'cmake_target_skip_unavailable': False, 'install_base': '/home/vincent-pc/ros2_jazzy/install/lifecycle_py', 'merge_install': False, 'path': '/home/vincent-pc/ros2_jazzy/src/lifecycle_py', 'symlink_install': False, 'test_result_base': None}
[0.432s] Level 5:colcon.colcon_core.verb:set package 'my_robot_cpp' build argument 'cmake_args' from command line to 'None'
[0.432s] Level 5:colcon.colcon_core.verb:set package 'my_robot_cpp' build argument 'cmake_target' from command line to 'None'
[0.432s] Level 5:colcon.colcon_core.verb:set package 'my_robot_cpp' build argument 'cmake_target_skip_unavailable' from command line to 'False'
[0.432s] Level 5:colcon.colcon_core.verb:set package 'my_robot_cpp' build argument 'cmake_clean_cache' from command line to 'False'
[0.432s] Level 5:colcon.colcon_core.verb:set package 'my_robot_cpp' build argument 'cmake_clean_first' from command line to 'False'
[0.432s] Level 5:colcon.colcon_core.verb:set package 'my_robot_cpp' build argument 'cmake_force_configure' from command line to 'False'
[0.432s] Level 5:colcon.colcon_core.verb:set package 'my_robot_cpp' build argument 'ament_cmake_args' from command line to 'None'
[0.432s] Level 5:colcon.colcon_core.verb:set package 'my_robot_cpp' build argument 'catkin_cmake_args' from command line to 'None'
[0.432s] Level 5:colcon.colcon_core.verb:set package 'my_robot_cpp' build argument 'catkin_skip_building_tests' from command line to 'False'
[0.432s] DEBUG:colcon.colcon_core.verb:Building package 'my_robot_cpp' with the following arguments: {'ament_cmake_args': None, 'build_base': '/home/vincent-pc/ros2_jazzy/build/my_robot_cpp', 'catkin_cmake_args': None, 'catkin_skip_building_tests': False, 'cmake_args': None, 'cmake_clean_cache': False, 'cmake_clean_first': False, 'cmake_force_configure': False, 'cmake_target': None, 'cmake_target_skip_unavailable': False, 'install_base': '/home/vincent-pc/ros2_jazzy/install/my_robot_cpp', 'merge_install': False, 'path': '/home/vincent-pc/ros2_jazzy/src/my_robot_cpp', 'symlink_install': False, 'test_result_base': None}
[0.432s] Level 5:colcon.colcon_core.verb:set package 'robot_cpp' build argument 'cmake_args' from command line to 'None'
[0.432s] Level 5:colcon.colcon_core.verb:set package 'robot_cpp' build argument 'cmake_target' from command line to 'None'
[0.432s] Level 5:colcon.colcon_core.verb:set package 'robot_cpp' build argument 'cmake_target_skip_unavailable' from command line to 'False'
[0.432s] Level 5:colcon.colcon_core.verb:set package 'robot_cpp' build argument 'cmake_clean_cache' from command line to 'False'
[0.432s] Level 5:colcon.colcon_core.verb:set package 'robot_cpp' build argument 'cmake_clean_first' from command line to 'False'
[0.432s] Level 5:colcon.colcon_core.verb:set package 'robot_cpp' build argument 'cmake_force_configure' from command line to 'False'
[0.432s] Level 5:colcon.colcon_core.verb:set package 'robot_cpp' build argument 'ament_cmake_args' from command line to 'None'
[0.432s] Level 5:colcon.colcon_core.verb:set package 'robot_cpp' build argument 'catkin_cmake_args' from command line to 'None'
[0.432s] Level 5:colcon.colcon_core.verb:set package 'robot_cpp' build argument 'catkin_skip_building_tests' from command line to 'False'
[0.432s] DEBUG:colcon.colcon_core.verb:Building package 'robot_cpp' with the following arguments: {'ament_cmake_args': None, 'build_base': '/home/vincent-pc/ros2_jazzy/build/robot_cpp', 'catkin_cmake_args': None, 'catkin_skip_building_tests': False, 'cmake_args': None, 'cmake_clean_cache': False, 'cmake_clean_first': False, 'cmake_force_configure': False, 'cmake_target': None, 'cmake_target_skip_unavailable': False, 'install_base': '/home/vincent-pc/ros2_jazzy/install/robot_cpp', 'merge_install': False, 'path': '/home/vincent-pc/ros2_jazzy/src/robot_cpp', 'symlink_install': False, 'test_result_base': None}
[0.433s] Level 5:colcon.colcon_core.verb:set package 'my_robot_bringup' build argument 'cmake_args' from command line to 'None'
[0.433s] Level 5:colcon.colcon_core.verb:set package 'my_robot_bringup' build argument 'cmake_target' from command line to 'None'
[0.433s] Level 5:colcon.colcon_core.verb:set package 'my_robot_bringup' build argument 'cmake_target_skip_unavailable' from command line to 'False'
[0.433s] Level 5:colcon.colcon_core.verb:set package 'my_robot_bringup' build argument 'cmake_clean_cache' from command line to 'False'
[0.433s] Level 5:colcon.colcon_core.verb:set package 'my_robot_bringup' build argument 'cmake_clean_first' from command line to 'False'
[0.433s] Level 5:colcon.colcon_core.verb:set package 'my_robot_bringup' build argument 'cmake_force_configure' from command line to 'False'
[0.433s] Level 5:colcon.colcon_core.verb:set package 'my_robot_bringup' build argument 'ament_cmake_args' from command line to 'None'
[0.433s] Level 5:colcon.colcon_core.verb:set package 'my_robot_bringup' build argument 'catkin_cmake_args' from command line to 'None'
[0.433s] Level 5:colcon.colcon_core.verb:set package 'my_robot_bringup' build argument 'catkin_skip_building_tests' from command line to 'False'
[0.433s] DEBUG:colcon.colcon_core.verb:Building package 'my_robot_bringup' with the following arguments: {'ament_cmake_args': None, 'build_base': '/home/vincent-pc/ros2_jazzy/build/my_robot_bringup', 'catkin_cmake_args': None, 'catkin_skip_building_tests': False, 'cmake_args': None, 'cmake_clean_cache': False, 'cmake_clean_first': False, 'cmake_force_configure': False, 'cmake_target': None, 'cmake_target_skip_unavailable': False, 'install_base': '/home/vincent-pc/ros2_jazzy/install/my_robot_bringup', 'merge_install': False, 'path': '/home/vincent-pc/ros2_jazzy/src/my_robot_bringup', 'symlink_install': False, 'test_result_base': None}
[0.433s] INFO:colcon.colcon_core.executor:Executing jobs using 'parallel' executor
[0.434s] DEBUG:colcon.colcon_parallel_executor.executor.parallel:run_until_complete
[0.435s] INFO:colcon.colcon_ros.task.ament_cmake.build:Building ROS package in '/home/vincent-pc/ros2_jazzy/src/my_robot_interfaces' with build type 'ament_cmake'
[0.435s] INFO:colcon.colcon_cmake.task.cmake.build:Building CMake package in '/home/vincent-pc/ros2_jazzy/src/my_robot_interfaces'
[0.445s] INFO:colcon.colcon_core.plugin_system:Skipping extension 'colcon_core.shell.bat': Not used on non-Windows systems
[0.446s] INFO:colcon.colcon_core.shell:Skip shell extension 'powershell' for command environment: Not usable outside of PowerShell
[0.446s] DEBUG:colcon.colcon_core.shell:Skip shell extension 'dsv' for command environment
[0.451s] INFO:colcon.colcon_ros.task.ament_cmake.build:Building ROS package in '/home/vincent-pc/ros2_jazzy/src/my_robot_description' with build type 'ament_cmake'
[0.452s] INFO:colcon.colcon_cmake.task.cmake.build:Building CMake package in '/home/vincent-pc/ros2_jazzy/src/my_robot_description'
[0.452s] INFO:colcon.colcon_core.shell:Skip shell extension 'powershell' for command environment: Not usable outside of PowerShell
[0.453s] DEBUG:colcon.colcon_core.shell:Skip shell extension 'dsv' for command environment
[0.462s] INFO:colcon.colcon_ros.task.ament_python.build:Building ROS package in '/home/vincent-pc/ros2_jazzy/src/my_robot_python' with build type 'ament_python'
[0.463s] Level 1:colcon.colcon_core.shell:create_environment_hook('my_robot_python', 'ament_prefix_path')
[0.463s] INFO:colcon.colcon_core.shell:Creating environment hook '/home/vincent-pc/ros2_jazzy/install/my_robot_python/share/my_robot_python/hook/ament_prefix_path.ps1'
[0.465s] INFO:colcon.colcon_core.shell:Creating environment descriptor '/home/vincent-pc/ros2_jazzy/install/my_robot_python/share/my_robot_python/hook/ament_prefix_path.dsv'
[0.467s] INFO:colcon.colcon_core.shell:Creating environment hook '/home/vincent-pc/ros2_jazzy/install/my_robot_python/share/my_robot_python/hook/ament_prefix_path.sh'
[0.469s] INFO:colcon.colcon_core.shell:Skip shell extension 'powershell' for command environment: Not usable outside of PowerShell
[0.469s] DEBUG:colcon.colcon_core.shell:Skip shell extension 'dsv' for command environment
[0.473s] INFO:colcon.colcon_ros.task.ament_python.build:Building ROS package in '/home/vincent-pc/ros2_jazzy/src/robot_py' with build type 'ament_python'
[0.473s] Level 1:colcon.colcon_core.shell:create_environment_hook('robot_py', 'ament_prefix_path')
[0.474s] INFO:colcon.colcon_core.shell:Creating environment hook '/home/vincent-pc/ros2_jazzy/install/robot_py/share/robot_py/hook/ament_prefix_path.ps1'
[0.475s] INFO:colcon.colcon_core.shell:Creating environment descriptor '/home/vincent-pc/ros2_jazzy/install/robot_py/share/robot_py/hook/ament_prefix_path.dsv'
[0.476s] INFO:colcon.colcon_core.shell:Creating environment hook '/home/vincent-pc/ros2_jazzy/install/robot_py/share/robot_py/hook/ament_prefix_path.sh'
[0.477s] INFO:colcon.colcon_core.shell:Skip shell extension 'powershell' for command environment: Not usable outside of PowerShell
[0.477s] DEBUG:colcon.colcon_core.shell:Skip shell extension 'dsv' for command environment
[0.486s] DEBUG:colcon.colcon_core.event_handler.log_command:Invoking command in '/home/vincent-pc/ros2_jazzy/build/my_robot_interfaces': CMAKE_PREFIX_PATH=${CMAKE_PREFIX_PATH}:/home/vincent-pc/ros2_jazzy/install/robot_py:/home/vincent-pc/ros2_jazzy/install/my_robot_python:/home/vincent-pc/ros2_jazzy/install/lifecycle_py:/home/vincent-pc/ros2_jazzy/install/executors_py:/home/vincent-pc/ros2_jazzy/install/components_py:/home/vincent-pc/ros2_jazzy/install/actions_py:/opt/ros/jazzy DEBUGINFOD_URLS=https://debuginfod.ubuntu.com /usr/bin/cmake --build /home/vincent-pc/ros2_jazzy/build/my_robot_interfaces -- -j8 -l8
[0.493s] DEBUG:colcon.colcon_core.event_handler.log_command:Invoking command in '/home/vincent-pc/ros2_jazzy/build/my_robot_description': CMAKE_PREFIX_PATH=${CMAKE_PREFIX_PATH}:/home/vincent-pc/ros2_jazzy/install/robot_py:/home/vincent-pc/ros2_jazzy/install/my_robot_python:/home/vincent-pc/ros2_jazzy/install/lifecycle_py:/home/vincent-pc/ros2_jazzy/install/executors_py:/home/vincent-pc/ros2_jazzy/install/components_py:/home/vincent-pc/ros2_jazzy/install/actions_py:/opt/ros/jazzy DEBUGINFOD_URLS=https://debuginfod.ubuntu.com /usr/bin/cmake --build /home/vincent-pc/ros2_jazzy/build/my_robot_description -- -j8 -l8
[0.890s] INFO:colcon.colcon_core.task.python.build:Building Python package in '/home/vincent-pc/ros2_jazzy/src/my_robot_python'
[0.890s] INFO:colcon.colcon_core.shell:Skip shell extension 'powershell' for command environment: Not usable outside of PowerShell
[0.890s] DEBUG:colcon.colcon_core.shell:Skip shell extension 'dsv' for command environment
[0.903s] DEBUG:colcon.colcon_core.event_handler.log_command:Invoked command in '/home/vincent-pc/ros2_jazzy/build/my_robot_description' returned '0': CMAKE_PREFIX_PATH=${CMAKE_PREFIX_PATH}:/home/vincent-pc/ros2_jazzy/install/robot_py:/home/vincent-pc/ros2_jazzy/install/my_robot_python:/home/vincent-pc/ros2_jazzy/install/lifecycle_py:/home/vincent-pc/ros2_jazzy/install/executors_py:/home/vincent-pc/ros2_jazzy/install/components_py:/home/vincent-pc/ros2_jazzy/install/actions_py:/opt/ros/jazzy DEBUGINFOD_URLS=https://debuginfod.ubuntu.com /usr/bin/cmake --build /home/vincent-pc/ros2_jazzy/build/my_robot_description -- -j8 -l8
[0.919s] DEBUG:colcon.colcon_core.event_handler.log_command:Invoking command in '/home/vincent-pc/ros2_jazzy/build/my_robot_description': CMAKE_PREFIX_PATH=${CMAKE_PREFIX_PATH}:/home/vincent-pc/ros2_jazzy/install/robot_py:/home/vincent-pc/ros2_jazzy/install/my_robot_python:/home/vincent-pc/ros2_jazzy/install/lifecycle_py:/home/vincent-pc/ros2_jazzy/install/executors_py:/home/vincent-pc/ros2_jazzy/install/components_py:/home/vincent-pc/ros2_jazzy/install/actions_py:/opt/ros/jazzy DEBUGINFOD_URLS=https://debuginfod.ubuntu.com /usr/bin/cmake --install /home/vincent-pc/ros2_jazzy/build/my_robot_description
[1.446s] INFO:colcon.colcon_core.task.python.build:Building Python package in '/home/vincent-pc/ros2_jazzy/src/robot_py'
[1.447s] INFO:colcon.colcon_core.shell:Skip shell extension 'powershell' for command environment: Not usable outside of PowerShell
[1.447s] DEBUG:colcon.colcon_core.shell:Skip shell extension 'dsv' for command environment
[1.467s] Level 1:colcon.colcon_core.environment:create_environment_scripts_only(my_robot_description)
[1.468s] DEBUG:colcon.colcon_core.event_handler.log_command:Invoked command in '/home/vincent-pc/ros2_jazzy/build/my_robot_description' returned '0': CMAKE_PREFIX_PATH=${CMAKE_PREFIX_PATH}:/home/vincent-pc/ros2_jazzy/install/robot_py:/home/vincent-pc/ros2_jazzy/install/my_robot_python:/home/vincent-pc/ros2_jazzy/install/lifecycle_py:/home/vincent-pc/ros2_jazzy/install/executors_py:/home/vincent-pc/ros2_jazzy/install/components_py:/home/vincent-pc/ros2_jazzy/install/actions_py:/opt/ros/jazzy DEBUGINFOD_URLS=https://debuginfod.ubuntu.com /usr/bin/cmake --install /home/vincent-pc/ros2_jazzy/build/my_robot_description
[1.475s] Level 1:colcon.colcon_core.environment:checking '/home/vincent-pc/ros2_jazzy/install/my_robot_description' for CMake module files
[1.475s] Level 1:colcon.colcon_core.environment:checking '/home/vincent-pc/ros2_jazzy/install/my_robot_description' for CMake config files
[1.476s] Level 1:colcon.colcon_core.shell:create_environment_hook('my_robot_description', 'cmake_prefix_path')
[1.476s] INFO:colcon.colcon_core.shell:Creating environment hook '/home/vincent-pc/ros2_jazzy/install/my_robot_description/share/my_robot_description/hook/cmake_prefix_path.ps1'
[1.477s] INFO:colcon.colcon_core.shell:Creating environment descriptor '/home/vincent-pc/ros2_jazzy/install/my_robot_description/share/my_robot_description/hook/cmake_prefix_path.dsv'
[1.477s] INFO:colcon.colcon_core.shell:Creating environment hook '/home/vincent-pc/ros2_jazzy/install/my_robot_description/share/my_robot_description/hook/cmake_prefix_path.sh'
[1.478s] Level 1:colcon.colcon_core.environment:checking '/home/vincent-pc/ros2_jazzy/install/my_robot_description/bin'
[1.478s] Level 1:colcon.colcon_core.environment:checking '/home/vincent-pc/ros2_jazzy/install/my_robot_description/lib/pkgconfig/my_robot_description.pc'
[1.478s] Level 1:colcon.colcon_core.environment:checking '/home/vincent-pc/ros2_jazzy/install/my_robot_description/lib/python3.12/site-packages'
[1.479s] Level 1:colcon.colcon_core.environment:checking '/home/vincent-pc/ros2_jazzy/install/my_robot_description/bin'
[1.479s] INFO:colcon.colcon_core.shell:Creating package script '/home/vincent-pc/ros2_jazzy/install/my_robot_description/share/my_robot_description/package.ps1'
[1.480s] INFO:colcon.colcon_core.shell:Creating package descriptor '/home/vincent-pc/ros2_jazzy/install/my_robot_description/share/my_robot_description/package.dsv'
[1.481s] INFO:colcon.colcon_core.shell:Creating package script '/home/vincent-pc/ros2_jazzy/install/my_robot_description/share/my_robot_description/package.sh'
[1.483s] INFO:colcon.colcon_core.shell:Creating package script '/home/vincent-pc/ros2_jazzy/install/my_robot_description/share/my_robot_description/package.bash'
[1.484s] INFO:colcon.colcon_core.shell:Creating package script '/home/vincent-pc/ros2_jazzy/install/my_robot_description/share/my_robot_description/package.zsh'
[1.486s] Level 1:colcon.colcon_core.environment:create_file_with_runtime_dependencies(/home/vincent-pc/ros2_jazzy/install/my_robot_description/share/colcon-core/packages/my_robot_description)
[1.487s] Level 1:colcon.colcon_core.environment:create_environment_scripts_only(my_robot_description)
[1.488s] Level 1:colcon.colcon_core.environment:checking '/home/vincent-pc/ros2_jazzy/install/my_robot_description' for CMake module files
[1.489s] Level 1:colcon.colcon_core.environment:checking '/home/vincent-pc/ros2_jazzy/install/my_robot_description' for CMake config files
[1.490s] Level 1:colcon.colcon_core.shell:create_environment_hook('my_robot_description', 'cmake_prefix_path')
[1.490s] INFO:colcon.colcon_core.shell:Creating environment hook '/home/vincent-pc/ros2_jazzy/install/my_robot_description/share/my_robot_description/hook/cmake_prefix_path.ps1'
[1.491s] INFO:colcon.colcon_core.shell:Creating environment descriptor '/home/vincent-pc/ros2_jazzy/install/my_robot_description/share/my_robot_description/hook/cmake_prefix_path.dsv'
[1.491s] INFO:colcon.colcon_core.shell:Creating environment hook '/home/vincent-pc/ros2_jazzy/install/my_robot_description/share/my_robot_description/hook/cmake_prefix_path.sh'
[1.492s] Level 1:colcon.colcon_core.environment:checking '/home/vincent-pc/ros2_jazzy/install/my_robot_description/bin'
[1.492s] Level 1:colcon.colcon_core.environment:checking '/home/vincent-pc/ros2_jazzy/install/my_robot_description/lib/pkgconfig/my_robot_description.pc'
[1.492s] Level 1:colcon.colcon_core.environment:checking '/home/vincent-pc/ros2_jazzy/install/my_robot_description/lib/python3.12/site-packages'
[1.492s] Level 1:colcon.colcon_core.environment:checking '/home/vincent-pc/ros2_jazzy/install/my_robot_description/bin'
[1.493s] INFO:colcon.colcon_core.shell:Creating package script '/home/vincent-pc/ros2_jazzy/install/my_robot_description/share/my_robot_description/package.ps1'
[1.493s] INFO:colcon.colcon_core.shell:Creating package descriptor '/home/vincent-pc/ros2_jazzy/install/my_robot_description/share/my_robot_description/package.dsv'
[1.494s] INFO:colcon.colcon_core.shell:Creating package script '/home/vincent-pc/ros2_jazzy/install/my_robot_description/share/my_robot_description/package.sh'
[1.494s] INFO:colcon.colcon_core.shell:Creating package script '/home/vincent-pc/ros2_jazzy/install/my_robot_description/share/my_robot_description/package.bash'
[1.495s] INFO:colcon.colcon_core.shell:Creating package script '/home/vincent-pc/ros2_jazzy/install/my_robot_description/share/my_robot_description/package.zsh'
[1.495s] Level 1:colcon.colcon_core.environment:create_file_with_runtime_dependencies(/home/vincent-pc/ros2_jazzy/install/my_robot_description/share/colcon-core/packages/my_robot_description)
[1.497s] DEBUG:colcon.colcon_core.event_handler.log_command:Invoked command in '/home/vincent-pc/ros2_jazzy/build/my_robot_interfaces' returned '0': CMAKE_PREFIX_PATH=${CMAKE_PREFIX_PATH}:/home/vincent-pc/ros2_jazzy/install/robot_py:/home/vincent-pc/ros2_jazzy/install/my_robot_python:/home/vincent-pc/ros2_jazzy/install/lifecycle_py:/home/vincent-pc/ros2_jazzy/install/executors_py:/home/vincent-pc/ros2_jazzy/install/components_py:/home/vincent-pc/ros2_jazzy/install/actions_py:/opt/ros/jazzy DEBUGINFOD_URLS=https://debuginfod.ubuntu.com /usr/bin/cmake --build /home/vincent-pc/ros2_jazzy/build/my_robot_interfaces -- -j8 -l8
[1.500s] DEBUG:colcon.colcon_core.event_handler.log_command:Invoking command in '/home/vincent-pc/ros2_jazzy/build/my_robot_interfaces': CMAKE_PREFIX_PATH=${CMAKE_PREFIX_PATH}:/home/vincent-pc/ros2_jazzy/install/robot_py:/home/vincent-pc/ros2_jazzy/install/my_robot_python:/home/vincent-pc/ros2_jazzy/install/lifecycle_py:/home/vincent-pc/ros2_jazzy/install/executors_py:/home/vincent-pc/ros2_jazzy/install/components_py:/home/vincent-pc/ros2_jazzy/install/actions_py:/opt/ros/jazzy DEBUGINFOD_URLS=https://debuginfod.ubuntu.com /usr/bin/cmake --install /home/vincent-pc/ros2_jazzy/build/my_robot_interfaces
[1.744s] Level 1:colcon.colcon_core.environment:create_environment_scripts_only(my_robot_interfaces)
[1.744s] Level 1:colcon.colcon_core.environment:checking '/home/vincent-pc/ros2_jazzy/install/my_robot_interfaces' for CMake module files
[1.746s] Level 1:colcon.colcon_core.environment:checking '/home/vincent-pc/ros2_jazzy/install/my_robot_interfaces' for CMake config files
[1.751s] DEBUG:colcon.colcon_core.event_handler.log_command:Invoked command in '/home/vincent-pc/ros2_jazzy/build/my_robot_interfaces' returned '0': CMAKE_PREFIX_PATH=${CMAKE_PREFIX_PATH}:/home/vincent-pc/ros2_jazzy/install/robot_py:/home/vincent-pc/ros2_jazzy/install/my_robot_python:/home/vincent-pc/ros2_jazzy/install/lifecycle_py:/home/vincent-pc/ros2_jazzy/install/executors_py:/home/vincent-pc/ros2_jazzy/install/components_py:/home/vincent-pc/ros2_jazzy/install/actions_py:/opt/ros/jazzy DEBUGINFOD_URLS=https://debuginfod.ubuntu.com /usr/bin/cmake --install /home/vincent-pc/ros2_jazzy/build/my_robot_interfaces
[1.757s] Level 1:colcon.colcon_core.shell:create_environment_hook('my_robot_interfaces', 'cmake_prefix_path')
[1.757s] INFO:colcon.colcon_core.shell:Creating environment hook '/home/vincent-pc/ros2_jazzy/install/my_robot_interfaces/share/my_robot_interfaces/hook/cmake_prefix_path.ps1'
[1.763s] INFO:colcon.colcon_core.shell:Creating environment descriptor '/home/vincent-pc/ros2_jazzy/install/my_robot_interfaces/share/my_robot_interfaces/hook/cmake_prefix_path.dsv'
[1.764s] INFO:colcon.colcon_core.shell:Creating environment hook '/home/vincent-pc/ros2_jazzy/install/my_robot_interfaces/share/my_robot_interfaces/hook/cmake_prefix_path.sh'
[1.765s] Level 1:colcon.colcon_core.environment:checking '/home/vincent-pc/ros2_jazzy/install/my_robot_interfaces/lib'
[1.765s] Level 1:colcon.colcon_core.shell:create_environment_hook('my_robot_interfaces', 'ld_library_path_lib')
[1.766s] INFO:colcon.colcon_core.shell:Creating environment hook '/home/vincent-pc/ros2_jazzy/install/my_robot_interfaces/share/my_robot_interfaces/hook/ld_library_path_lib.ps1'
[1.767s] INFO:colcon.colcon_core.shell:Creating environment descriptor '/home/vincent-pc/ros2_jazzy/install/my_robot_interfaces/share/my_robot_interfaces/hook/ld_library_path_lib.dsv'
[1.768s] INFO:colcon.colcon_core.shell:Creating environment hook '/home/vincent-pc/ros2_jazzy/install/my_robot_interfaces/share/my_robot_interfaces/hook/ld_library_path_lib.sh'
[1.769s] Level 1:colcon.colcon_core.environment:checking '/home/vincent-pc/ros2_jazzy/install/my_robot_interfaces/bin'
[1.769s] Level 1:colcon.colcon_core.environment:checking '/home/vincent-pc/ros2_jazzy/install/my_robot_interfaces/lib/pkgconfig/my_robot_interfaces.pc'
[1.770s] Level 1:colcon.colcon_core.environment:checking '/home/vincent-pc/ros2_jazzy/install/my_robot_interfaces/lib/python3.12/site-packages'
[1.770s] Level 1:colcon.colcon_core.shell:create_environment_hook('my_robot_interfaces', 'pythonpath')
[1.771s] INFO:colcon.colcon_core.shell:Creating environment hook '/home/vincent-pc/ros2_jazzy/install/my_robot_interfaces/share/my_robot_interfaces/hook/pythonpath.ps1'
[1.772s] INFO:colcon.colcon_core.shell:Creating environment descriptor '/home/vincent-pc/ros2_jazzy/install/my_robot_interfaces/share/my_robot_interfaces/hook/pythonpath.dsv'
[1.773s] INFO:colcon.colcon_core.shell:Creating environment hook '/home/vincent-pc/ros2_jazzy/install/my_robot_interfaces/share/my_robot_interfaces/hook/pythonpath.sh'
[1.775s] Level 1:colcon.colcon_core.environment:checking '/home/vincent-pc/ros2_jazzy/install/my_robot_interfaces/bin'
[1.775s] INFO:colcon.colcon_core.shell:Creating package script '/home/vincent-pc/ros2_jazzy/install/my_robot_interfaces/share/my_robot_interfaces/package.ps1'
[1.777s] INFO:colcon.colcon_core.shell:Creating package descriptor '/home/vincent-pc/ros2_jazzy/install/my_robot_interfaces/share/my_robot_interfaces/package.dsv'
[1.779s] INFO:colcon.colcon_core.shell:Creating package script '/home/vincent-pc/ros2_jazzy/install/my_robot_interfaces/share/my_robot_interfaces/package.sh'
[1.781s] INFO:colcon.colcon_core.shell:Creating package script '/home/vincent-pc/ros2_jazzy/install/my_robot_interfaces/share/my_robot_interfaces/package.bash'
[1.783s] INFO:colcon.colcon_core.shell:Creating package script '/home/vincent-pc/ros2_jazzy/install/my_robot_interfaces/share/my_robot_interfaces/package.zsh'
[1.785s] Level 1:colcon.colcon_core.environment:create_file_with_runtime_dependencies(/home/vincent-pc/ros2_jazzy/install/my_robot_interfaces/share/colcon-core/packages/my_robot_interfaces)
[1.787s] Level 1:colcon.colcon_core.environment:create_environment_scripts_only(my_robot_interfaces)
[1.787s] Level 1:colcon.colcon_core.environment:checking '/home/vincent-pc/ros2_jazzy/install/my_robot_interfaces' for CMake module files
[1.789s] Level 1:colcon.colcon_core.environment:checking '/home/vincent-pc/ros2_jazzy/install/my_robot_interfaces' for CMake config files
[1.792s] Level 1:colcon.colcon_core.shell:create_environment_hook('my_robot_interfaces', 'cmake_prefix_path')
[1.793s] INFO:colcon.colcon_core.shell:Creating environment hook '/home/vincent-pc/ros2_jazzy/install/my_robot_interfaces/share/my_robot_interfaces/hook/cmake_prefix_path.ps1'
[1.794s] INFO:colcon.colcon_core.shell:Creating environment descriptor '/home/vincent-pc/ros2_jazzy/install/my_robot_interfaces/share/my_robot_interfaces/hook/cmake_prefix_path.dsv'
[1.796s] INFO:colcon.colcon_core.shell:Creating environment hook '/home/vincent-pc/ros2_jazzy/install/my_robot_interfaces/share/my_robot_interfaces/hook/cmake_prefix_path.sh'
[1.797s] Level 1:colcon.colcon_core.environment:checking '/home/vincent-pc/ros2_jazzy/install/my_robot_interfaces/lib'
[1.797s] Level 1:colcon.colcon_core.shell:create_environment_hook('my_robot_interfaces', 'ld_library_path_lib')
[1.798s] INFO:colcon.colcon_core.shell:Creating environment hook '/home/vincent-pc/ros2_jazzy/install/my_robot_interfaces/share/my_robot_interfaces/hook/ld_library_path_lib.ps1'
[1.799s] INFO:colcon.colcon_core.shell:Creating environment descriptor '/home/vincent-pc/ros2_jazzy/install/my_robot_interfaces/share/my_robot_interfaces/hook/ld_library_path_lib.dsv'
[1.801s] INFO:colcon.colcon_core.shell:Creating environment hook '/home/vincent-pc/ros2_jazzy/install/my_robot_interfaces/share/my_robot_interfaces/hook/ld_library_path_lib.sh'
[1.802s] Level 1:colcon.colcon_core.environment:checking '/home/vincent-pc/ros2_jazzy/install/my_robot_interfaces/bin'
[1.804s] Level 1:colcon.colcon_core.environment:checking '/home/vincent-pc/ros2_jazzy/install/my_robot_interfaces/lib/pkgconfig/my_robot_interfaces.pc'
[1.805s] Level 1:colcon.colcon_core.environment:checking '/home/vincent-pc/ros2_jazzy/install/my_robot_interfaces/lib/python3.12/site-packages'
[1.805s] Level 1:colcon.colcon_core.shell:create_environment_hook('my_robot_interfaces', 'pythonpath')
[1.805s] INFO:colcon.colcon_core.shell:Creating environment hook '/home/vincent-pc/ros2_jazzy/install/my_robot_interfaces/share/my_robot_interfaces/hook/pythonpath.ps1'
[1.809s] INFO:colcon.colcon_core.shell:Creating environment descriptor '/home/vincent-pc/ros2_jazzy/install/my_robot_interfaces/share/my_robot_interfaces/hook/pythonpath.dsv'
[1.810s] INFO:colcon.colcon_core.shell:Creating environment hook '/home/vincent-pc/ros2_jazzy/install/my_robot_interfaces/share/my_robot_interfaces/hook/pythonpath.sh'
[1.812s] Level 1:colcon.colcon_core.environment:checking '/home/vincent-pc/ros2_jazzy/install/my_robot_interfaces/bin'
[1.815s] INFO:colcon.colcon_core.shell:Creating package script '/home/vincent-pc/ros2_jazzy/install/my_robot_interfaces/share/my_robot_interfaces/package.ps1'
[1.820s] INFO:colcon.colcon_core.shell:Creating package descriptor '/home/vincent-pc/ros2_jazzy/install/my_robot_interfaces/share/my_robot_interfaces/package.dsv'
[1.824s] INFO:colcon.colcon_core.shell:Creating package script '/home/vincent-pc/ros2_jazzy/install/my_robot_interfaces/share/my_robot_interfaces/package.sh'
[1.825s] INFO:colcon.colcon_core.shell:Creating package script '/home/vincent-pc/ros2_jazzy/install/my_robot_interfaces/share/my_robot_interfaces/package.bash'
[1.832s] INFO:colcon.colcon_core.shell:Creating package script '/home/vincent-pc/ros2_jazzy/install/my_robot_interfaces/share/my_robot_interfaces/package.zsh'
[1.836s] Level 1:colcon.colcon_core.environment:create_file_with_runtime_dependencies(/home/vincent-pc/ros2_jazzy/install/my_robot_interfaces/share/colcon-core/packages/my_robot_interfaces)
[1.838s] INFO:colcon.colcon_ros.task.ament_cmake.build:Building ROS package in '/home/vincent-pc/ros2_jazzy/src/lifecycle_cpp' with build type 'ament_cmake'
[1.838s] INFO:colcon.colcon_cmake.task.cmake.build:Building CMake package in '/home/vincent-pc/ros2_jazzy/src/lifecycle_cpp'
[1.839s] INFO:colcon.colcon_core.shell:Skip shell extension 'powershell' for command environment: Not usable outside of PowerShell
[1.839s] DEBUG:colcon.colcon_core.shell:Skip shell extension 'dsv' for command environment
[1.850s] INFO:colcon.colcon_ros.task.ament_python.build:Building ROS package in '/home/vincent-pc/ros2_jazzy/src/lifecycle_py' with build type 'ament_python'
[1.851s] Level 1:colcon.colcon_core.shell:create_environment_hook('lifecycle_py', 'ament_prefix_path')
[1.853s] INFO:colcon.colcon_core.shell:Creating environment hook '/home/vincent-pc/ros2_jazzy/install/lifecycle_py/share/lifecycle_py/hook/ament_prefix_path.ps1'
[1.856s] INFO:colcon.colcon_core.shell:Creating environment descriptor '/home/vincent-pc/ros2_jazzy/install/lifecycle_py/share/lifecycle_py/hook/ament_prefix_path.dsv'
[1.858s] INFO:colcon.colcon_core.shell:Creating environment hook '/home/vincent-pc/ros2_jazzy/install/lifecycle_py/share/lifecycle_py/hook/ament_prefix_path.sh'
[1.859s] INFO:colcon.colcon_core.shell:Skip shell extension 'powershell' for command environment: Not usable outside of PowerShell
[1.860s] DEBUG:colcon.colcon_core.shell:Skip shell extension 'dsv' for command environment
[1.872s] INFO:colcon.colcon_ros.task.ament_cmake.build:Building ROS package in '/home/vincent-pc/ros2_jazzy/src/actions_cpp' with build type 'ament_cmake'
[1.873s] INFO:colcon.colcon_cmake.task.cmake.build:Building CMake package in '/home/vincent-pc/ros2_jazzy/src/actions_cpp'
[1.874s] INFO:colcon.colcon_core.shell:Skip shell extension 'powershell' for command environment: Not usable outside of PowerShell
[1.874s] DEBUG:colcon.colcon_core.shell:Skip shell extension 'dsv' for command environment
[1.887s] INFO:colcon.colcon_ros.task.ament_python.build:Building ROS package in '/home/vincent-pc/ros2_jazzy/src/actions_py' with build type 'ament_python'
[1.887s] Level 1:colcon.colcon_core.shell:create_environment_hook('actions_py', 'ament_prefix_path')
[1.887s] INFO:colcon.colcon_core.shell:Creating environment hook '/home/vincent-pc/ros2_jazzy/install/actions_py/share/actions_py/hook/ament_prefix_path.ps1'
[1.890s] INFO:colcon.colcon_core.shell:Creating environment descriptor '/home/vincent-pc/ros2_jazzy/install/actions_py/share/actions_py/hook/ament_prefix_path.dsv'
[1.893s] INFO:colcon.colcon_core.shell:Creating environment hook '/home/vincent-pc/ros2_jazzy/install/actions_py/share/actions_py/hook/ament_prefix_path.sh'
[1.897s] INFO:colcon.colcon_core.shell:Skip shell extension 'powershell' for command environment: Not usable outside of PowerShell
[1.897s] DEBUG:colcon.colcon_core.shell:Skip shell extension 'dsv' for command environment
[1.914s] INFO:colcon.colcon_ros.task.ament_cmake.build:Building ROS package in '/home/vincent-pc/ros2_jazzy/src/components_cpp' with build type 'ament_cmake'
[1.916s] INFO:colcon.colcon_cmake.task.cmake.build:Building CMake package in '/home/vincent-pc/ros2_jazzy/src/components_cpp'
[1.916s] INFO:colcon.colcon_core.shell:Skip shell extension 'powershell' for command environment: Not usable outside of PowerShell
[1.917s] DEBUG:colcon.colcon_core.shell:Skip shell extension 'dsv' for command environment
[1.933s] INFO:colcon.colcon_ros.task.ament_python.build:Building ROS package in '/home/vincent-pc/ros2_jazzy/src/components_py' with build type 'ament_python'
[1.934s] Level 1:colcon.colcon_core.shell:create_environment_hook('components_py', 'ament_prefix_path')
[1.935s] INFO:colcon.colcon_core.shell:Creating environment hook '/home/vincent-pc/ros2_jazzy/install/components_py/share/components_py/hook/ament_prefix_path.ps1'
[1.938s] INFO:colcon.colcon_core.shell:Creating environment descriptor '/home/vincent-pc/ros2_jazzy/install/components_py/share/components_py/hook/ament_prefix_path.dsv'
[1.940s] INFO:colcon.colcon_core.shell:Creating environment hook '/home/vincent-pc/ros2_jazzy/install/components_py/share/components_py/hook/ament_prefix_path.sh'
[1.942s] INFO:colcon.colcon_core.shell:Skip shell extension 'powershell' for command environment: Not usable outside of PowerShell
[1.943s] DEBUG:colcon.colcon_core.shell:Skip shell extension 'dsv' for command environment
[1.977s] DEBUG:colcon.colcon_core.event_handler.log_command:Invoking command in '/home/vincent-pc/ros2_jazzy/build/lifecycle_cpp': CMAKE_PREFIX_PATH=/home/vincent-pc/ros2_jazzy/install/my_robot_interfaces:/home/vincent-pc/ros2_jazzy/install/robot_cpp:/home/vincent-pc/ros2_jazzy/install/my_robot_cpp:/home/vincent-pc/ros2_jazzy/install/my_robot_bringup:/home/vincent-pc/ros2_jazzy/install/lifecycle_cpp:/home/vincent-pc/ros2_jazzy/install/executors_cpp:/home/vincent-pc/ros2_jazzy/install/components_cpp:/home/vincent-pc/ros2_jazzy/install/actions_cpp:/home/vincent-pc/ros2_jazzy/install/my_robot_description:/opt/ros/jazzy/opt/gz_sim_vendor:/opt/ros/jazzy/opt/gz_sensors_vendor:/opt/ros/jazzy/opt/gz_physics_vendor:/opt/ros/jazzy/opt/sdformat_vendor:/opt/ros/jazzy/opt/gz_gui_vendor:/opt/ros/jazzy/opt/gz_transport_vendor:/opt/ros/jazzy/opt/gz_rendering_vendor:/opt/ros/jazzy/opt/gz_plugin_vendor:/opt/ros/jazzy/opt/gz_fuel_tools_vendor:/opt/ros/jazzy/opt/gz_msgs_vendor:/opt/ros/jazzy/opt/gz_common_vendor:/opt/ros/jazzy/opt/gz_math_vendor:/opt/ros/jazzy/opt/gz_utils_vendor:/opt/ros/jazzy/opt/gz_tools_vendor:/opt/ros/jazzy/opt/gz_ogre_next_vendor:/opt/ros/jazzy/opt/gz_dartsim_vendor:/opt/ros/jazzy/opt/gz_cmake_vendor:/home/vincent-pc/ros2_jazzy/install/robot_py:/home/vincent-pc/ros2_jazzy/install/my_robot_python:/home/vincent-pc/ros2_jazzy/install/lifecycle_py:/home/vincent-pc/ros2_jazzy/install/executors_py:/home/vincent-pc/ros2_jazzy/install/components_py:/home/vincent-pc/ros2_jazzy/install/actions_py:/opt/ros/jazzy DEBUGINFOD_URLS=https://debuginfod.ubuntu.com PYTHONPATH=/home/vincent-pc/ros2_jazzy/install/my_robot_interfaces/lib/python3.12/site-packages:/home/vincent-pc/ros2_jazzy/install/robot_py/lib/python3.12/site-packages:/home/vincent-pc/ros2_jazzy/install/my_robot_python/lib/python3.12/site-packages:/home/vincent-pc/ros2_jazzy/install/lifecycle_py/lib/python3.12/site-packages:/home/vincent-pc/ros2_jazzy/install/executors_py/lib/python3.12/site-packages:/home/vincent-pc/ros2_jazzy/install/components_py/lib/python3.12/site-packages:/home/vincent-pc/ros2_jazzy/install/actions_py/lib/python3.12/site-packages:/opt/ros/jazzy/lib/python3.12/site-packages /usr/bin/cmake --build /home/vincent-pc/ros2_jazzy/build/lifecycle_cpp -- -j8 -l8
[2.563s] INFO:colcon.colcon_core.task.python.build:Building Python package in '/home/vincent-pc/ros2_jazzy/src/lifecycle_py'
[2.563s] INFO:colcon.colcon_core.shell:Skip shell extension 'powershell' for command environment: Not usable outside of PowerShell
[2.563s] DEBUG:colcon.colcon_core.shell:Skip shell extension 'dsv' for command environment
[2.595s] DEBUG:colcon.colcon_core.event_handler.log_command:Invoking command in '/home/vincent-pc/ros2_jazzy/build/actions_cpp': CMAKE_PREFIX_PATH=/home/vincent-pc/ros2_jazzy/install/my_robot_interfaces:/home/vincent-pc/ros2_jazzy/install/robot_cpp:/home/vincent-pc/ros2_jazzy/install/my_robot_cpp:/home/vincent-pc/ros2_jazzy/install/my_robot_bringup:/home/vincent-pc/ros2_jazzy/install/lifecycle_cpp:/home/vincent-pc/ros2_jazzy/install/executors_cpp:/home/vincent-pc/ros2_jazzy/install/components_cpp:/home/vincent-pc/ros2_jazzy/install/actions_cpp:/home/vincent-pc/ros2_jazzy/install/my_robot_description:/opt/ros/jazzy/opt/gz_sim_vendor:/opt/ros/jazzy/opt/gz_sensors_vendor:/opt/ros/jazzy/opt/gz_physics_vendor:/opt/ros/jazzy/opt/sdformat_vendor:/opt/ros/jazzy/opt/gz_gui_vendor:/opt/ros/jazzy/opt/gz_transport_vendor:/opt/ros/jazzy/opt/gz_rendering_vendor:/opt/ros/jazzy/opt/gz_plugin_vendor:/opt/ros/jazzy/opt/gz_fuel_tools_vendor:/opt/ros/jazzy/opt/gz_msgs_vendor:/opt/ros/jazzy/opt/gz_common_vendor:/opt/ros/jazzy/opt/gz_math_vendor:/opt/ros/jazzy/opt/gz_utils_vendor:/opt/ros/jazzy/opt/gz_tools_vendor:/opt/ros/jazzy/opt/gz_ogre_next_vendor:/opt/ros/jazzy/opt/gz_dartsim_vendor:/opt/ros/jazzy/opt/gz_cmake_vendor:/home/vincent-pc/ros2_jazzy/install/robot_py:/home/vincent-pc/ros2_jazzy/install/my_robot_python:/home/vincent-pc/ros2_jazzy/install/lifecycle_py:/home/vincent-pc/ros2_jazzy/install/executors_py:/home/vincent-pc/ros2_jazzy/install/components_py:/home/vincent-pc/ros2_jazzy/install/actions_py:/opt/ros/jazzy DEBUGINFOD_URLS=https://debuginfod.ubuntu.com PYTHONPATH=/home/vincent-pc/ros2_jazzy/install/my_robot_interfaces/lib/python3.12/site-packages:/home/vincent-pc/ros2_jazzy/install/robot_py/lib/python3.12/site-packages:/home/vincent-pc/ros2_jazzy/install/my_robot_python/lib/python3.12/site-packages:/home/vincent-pc/ros2_jazzy/install/lifecycle_py/lib/python3.12/site-packages:/home/vincent-pc/ros2_jazzy/install/executors_py/lib/python3.12/site-packages:/home/vincent-pc/ros2_jazzy/install/components_py/lib/python3.12/site-packages:/home/vincent-pc/ros2_jazzy/install/actions_py/lib/python3.12/site-packages:/opt/ros/jazzy/lib/python3.12/site-packages /usr/bin/cmake --build /home/vincent-pc/ros2_jazzy/build/actions_cpp -- -j8 -l8
[3.512s] INFO:colcon.colcon_core.task.python.build:Building Python package in '/home/vincent-pc/ros2_jazzy/src/actions_py'
[3.512s] INFO:colcon.colcon_core.shell:Skip shell extension 'powershell' for command environment: Not usable outside of PowerShell
[3.513s] DEBUG:colcon.colcon_core.shell:Skip shell extension 'dsv' for command environment
[3.536s] DEBUG:colcon.colcon_core.event_handler.log_command:Invoking command in '/home/vincent-pc/ros2_jazzy/build/components_cpp': CMAKE_PREFIX_PATH=/home/vincent-pc/ros2_jazzy/install/my_robot_interfaces:/home/vincent-pc/ros2_jazzy/install/robot_cpp:/home/vincent-pc/ros2_jazzy/install/my_robot_cpp:/home/vincent-pc/ros2_jazzy/install/my_robot_bringup:/home/vincent-pc/ros2_jazzy/install/lifecycle_cpp:/home/vincent-pc/ros2_jazzy/install/executors_cpp:/home/vincent-pc/ros2_jazzy/install/components_cpp:/home/vincent-pc/ros2_jazzy/install/actions_cpp:/home/vincent-pc/ros2_jazzy/install/my_robot_description:/opt/ros/jazzy/opt/gz_sim_vendor:/opt/ros/jazzy/opt/gz_sensors_vendor:/opt/ros/jazzy/opt/gz_physics_vendor:/opt/ros/jazzy/opt/sdformat_vendor:/opt/ros/jazzy/opt/gz_gui_vendor:/opt/ros/jazzy/opt/gz_transport_vendor:/opt/ros/jazzy/opt/gz_rendering_vendor:/opt/ros/jazzy/opt/gz_plugin_vendor:/opt/ros/jazzy/opt/gz_fuel_tools_vendor:/opt/ros/jazzy/opt/gz_msgs_vendor:/opt/ros/jazzy/opt/gz_common_vendor:/opt/ros/jazzy/opt/gz_math_vendor:/opt/ros/jazzy/opt/gz_utils_vendor:/opt/ros/jazzy/opt/gz_tools_vendor:/opt/ros/jazzy/opt/gz_ogre_next_vendor:/opt/ros/jazzy/opt/gz_dartsim_vendor:/opt/ros/jazzy/opt/gz_cmake_vendor:/home/vincent-pc/ros2_jazzy/install/robot_py:/home/vincent-pc/ros2_jazzy/install/my_robot_python:/home/vincent-pc/ros2_jazzy/install/lifecycle_py:/home/vincent-pc/ros2_jazzy/install/executors_py:/home/vincent-pc/ros2_jazzy/install/components_py:/home/vincent-pc/ros2_jazzy/install/actions_py:/opt/ros/jazzy DEBUGINFOD_URLS=https://debuginfod.ubuntu.com PYTHONPATH=/home/vincent-pc/ros2_jazzy/install/my_robot_interfaces/lib/python3.12/site-packages:/home/vincent-pc/ros2_jazzy/install/robot_py/lib/python3.12/site-packages:/home/vincent-pc/ros2_jazzy/install/my_robot_python/lib/python3.12/site-packages:/home/vincent-pc/ros2_jazzy/install/lifecycle_py/lib/python3.12/site-packages:/home/vincent-pc/ros2_jazzy/install/executors_py/lib/python3.12/site-packages:/home/vincent-pc/ros2_jazzy/install/components_py/lib/python3.12/site-packages:/home/vincent-pc/ros2_jazzy/install/actions_py/lib/python3.12/site-packages:/opt/ros/jazzy/lib/python3.12/site-packages /usr/bin/cmake --build /home/vincent-pc/ros2_jazzy/build/components_cpp -- -j8 -l8
[3.548s] DEBUG:colcon.colcon_core.event_handler.log_command:Invoked command in '/home/vincent-pc/ros2_jazzy/build/lifecycle_cpp' returned '0': CMAKE_PREFIX_PATH=/home/vincent-pc/ros2_jazzy/install/my_robot_interfaces:/home/vincent-pc/ros2_jazzy/install/robot_cpp:/home/vincent-pc/ros2_jazzy/install/my_robot_cpp:/home/vincent-pc/ros2_jazzy/install/my_robot_bringup:/home/vincent-pc/ros2_jazzy/install/lifecycle_cpp:/home/vincent-pc/ros2_jazzy/install/executors_cpp:/home/vincent-pc/ros2_jazzy/install/components_cpp:/home/vincent-pc/ros2_jazzy/install/actions_cpp:/home/vincent-pc/ros2_jazzy/install/my_robot_description:/opt/ros/jazzy/opt/gz_sim_vendor:/opt/ros/jazzy/opt/gz_sensors_vendor:/opt/ros/jazzy/opt/gz_physics_vendor:/opt/ros/jazzy/opt/sdformat_vendor:/opt/ros/jazzy/opt/gz_gui_vendor:/opt/ros/jazzy/opt/gz_transport_vendor:/opt/ros/jazzy/opt/gz_rendering_vendor:/opt/ros/jazzy/opt/gz_plugin_vendor:/opt/ros/jazzy/opt/gz_fuel_tools_vendor:/opt/ros/jazzy/opt/gz_msgs_vendor:/opt/ros/jazzy/opt/gz_common_vendor:/opt/ros/jazzy/opt/gz_math_vendor:/opt/ros/jazzy/opt/gz_utils_vendor:/opt/ros/jazzy/opt/gz_tools_vendor:/opt/ros/jazzy/opt/gz_ogre_next_vendor:/opt/ros/jazzy/opt/gz_dartsim_vendor:/opt/ros/jazzy/opt/gz_cmake_vendor:/home/vincent-pc/ros2_jazzy/install/robot_py:/home/vincent-pc/ros2_jazzy/install/my_robot_python:/home/vincent-pc/ros2_jazzy/install/lifecycle_py:/home/vincent-pc/ros2_jazzy/install/executors_py:/home/vincent-pc/ros2_jazzy/install/components_py:/home/vincent-pc/ros2_jazzy/install/actions_py:/opt/ros/jazzy DEBUGINFOD_URLS=https://debuginfod.ubuntu.com PYTHONPATH=/home/vincent-pc/ros2_jazzy/install/my_robot_interfaces/lib/python3.12/site-packages:/home/vincent-pc/ros2_jazzy/install/robot_py/lib/python3.12/site-packages:/home/vincent-pc/ros2_jazzy/install/my_robot_python/lib/python3.12/site-packages:/home/vincent-pc/ros2_jazzy/install/lifecycle_py/lib/python3.12/site-packages:/home/vincent-pc/ros2_jazzy/install/executors_py/lib/python3.12/site-packages:/home/vincent-pc/ros2_jazzy/install/components_py/lib/python3.12/site-packages:/home/vincent-pc/ros2_jazzy/install/actions_py/lib/python3.12/site-packages:/opt/ros/jazzy/lib/python3.12/site-packages /usr/bin/cmake --build /home/vincent-pc/ros2_jazzy/build/lifecycle_cpp -- -j8 -l8
[3.554s] DEBUG:colcon.colcon_core.event_handler.log_command:Invoking command in '/home/vincent-pc/ros2_jazzy/build/lifecycle_cpp': CMAKE_PREFIX_PATH=/home/vincent-pc/ros2_jazzy/install/my_robot_interfaces:/home/vincent-pc/ros2_jazzy/install/robot_cpp:/home/vincent-pc/ros2_jazzy/install/my_robot_cpp:/home/vincent-pc/ros2_jazzy/install/my_robot_bringup:/home/vincent-pc/ros2_jazzy/install/lifecycle_cpp:/home/vincent-pc/ros2_jazzy/install/executors_cpp:/home/vincent-pc/ros2_jazzy/install/components_cpp:/home/vincent-pc/ros2_jazzy/install/actions_cpp:/home/vincent-pc/ros2_jazzy/install/my_robot_description:/opt/ros/jazzy/opt/gz_sim_vendor:/opt/ros/jazzy/opt/gz_sensors_vendor:/opt/ros/jazzy/opt/gz_physics_vendor:/opt/ros/jazzy/opt/sdformat_vendor:/opt/ros/jazzy/opt/gz_gui_vendor:/opt/ros/jazzy/opt/gz_transport_vendor:/opt/ros/jazzy/opt/gz_rendering_vendor:/opt/ros/jazzy/opt/gz_plugin_vendor:/opt/ros/jazzy/opt/gz_fuel_tools_vendor:/opt/ros/jazzy/opt/gz_msgs_vendor:/opt/ros/jazzy/opt/gz_common_vendor:/opt/ros/jazzy/opt/gz_math_vendor:/opt/ros/jazzy/opt/gz_utils_vendor:/opt/ros/jazzy/opt/gz_tools_vendor:/opt/ros/jazzy/opt/gz_ogre_next_vendor:/opt/ros/jazzy/opt/gz_dartsim_vendor:/opt/ros/jazzy/opt/gz_cmake_vendor:/home/vincent-pc/ros2_jazzy/install/robot_py:/home/vincent-pc/ros2_jazzy/install/my_robot_python:/home/vincent-pc/ros2_jazzy/install/lifecycle_py:/home/vincent-pc/ros2_jazzy/install/executors_py:/home/vincent-pc/ros2_jazzy/install/components_py:/home/vincent-pc/ros2_jazzy/install/actions_py:/opt/ros/jazzy DEBUGINFOD_URLS=https://debuginfod.ubuntu.com PYTHONPATH=/home/vincent-pc/ros2_jazzy/install/my_robot_interfaces/lib/python3.12/site-packages:/home/vincent-pc/ros2_jazzy/install/robot_py/lib/python3.12/site-packages:/home/vincent-pc/ros2_jazzy/install/my_robot_python/lib/python3.12/site-packages:/home/vincent-pc/ros2_jazzy/install/lifecycle_py/lib/python3.12/site-packages:/home/vincent-pc/ros2_jazzy/install/executors_py/lib/python3.12/site-packages:/home/vincent-pc/ros2_jazzy/install/components_py/lib/python3.12/site-packages:/home/vincent-pc/ros2_jazzy/install/actions_py/lib/python3.12/site-packages:/opt/ros/jazzy/lib/python3.12/site-packages /usr/bin/cmake --install /home/vincent-pc/ros2_jazzy/build/lifecycle_cpp
[3.557s] DEBUG:colcon.colcon_core.event_handler.log_command:Invoked command in '/home/vincent-pc/ros2_jazzy/build/actions_cpp' returned '0': CMAKE_PREFIX_PATH=/home/vincent-pc/ros2_jazzy/install/my_robot_interfaces:/home/vincent-pc/ros2_jazzy/install/robot_cpp:/home/vincent-pc/ros2_jazzy/install/my_robot_cpp:/home/vincent-pc/ros2_jazzy/install/my_robot_bringup:/home/vincent-pc/ros2_jazzy/install/lifecycle_cpp:/home/vincent-pc/ros2_jazzy/install/executors_cpp:/home/vincent-pc/ros2_jazzy/install/components_cpp:/home/vincent-pc/ros2_jazzy/install/actions_cpp:/home/vincent-pc/ros2_jazzy/install/my_robot_description:/opt/ros/jazzy/opt/gz_sim_vendor:/opt/ros/jazzy/opt/gz_sensors_vendor:/opt/ros/jazzy/opt/gz_physics_vendor:/opt/ros/jazzy/opt/sdformat_vendor:/opt/ros/jazzy/opt/gz_gui_vendor:/opt/ros/jazzy/opt/gz_transport_vendor:/opt/ros/jazzy/opt/gz_rendering_vendor:/opt/ros/jazzy/opt/gz_plugin_vendor:/opt/ros/jazzy/opt/gz_fuel_tools_vendor:/opt/ros/jazzy/opt/gz_msgs_vendor:/opt/ros/jazzy/opt/gz_common_vendor:/opt/ros/jazzy/opt/gz_math_vendor:/opt/ros/jazzy/opt/gz_utils_vendor:/opt/ros/jazzy/opt/gz_tools_vendor:/opt/ros/jazzy/opt/gz_ogre_next_vendor:/opt/ros/jazzy/opt/gz_dartsim_vendor:/opt/ros/jazzy/opt/gz_cmake_vendor:/home/vincent-pc/ros2_jazzy/install/robot_py:/home/vincent-pc/ros2_jazzy/install/my_robot_python:/home/vincent-pc/ros2_jazzy/install/lifecycle_py:/home/vincent-pc/ros2_jazzy/install/executors_py:/home/vincent-pc/ros2_jazzy/install/components_py:/home/vincent-pc/ros2_jazzy/install/actions_py:/opt/ros/jazzy DEBUGINFOD_URLS=https://debuginfod.ubuntu.com PYTHONPATH=/home/vincent-pc/ros2_jazzy/install/my_robot_interfaces/lib/python3.12/site-packages:/home/vincent-pc/ros2_jazzy/install/robot_py/lib/python3.12/site-packages:/home/vincent-pc/ros2_jazzy/install/my_robot_python/lib/python3.12/site-packages:/home/vincent-pc/ros2_jazzy/install/lifecycle_py/lib/python3.12/site-packages:/home/vincent-pc/ros2_jazzy/install/executors_py/lib/python3.12/site-packages:/home/vincent-pc/ros2_jazzy/install/components_py/lib/python3.12/site-packages:/home/vincent-pc/ros2_jazzy/install/actions_py/lib/python3.12/site-packages:/opt/ros/jazzy/lib/python3.12/site-packages /usr/bin/cmake --build /home/vincent-pc/ros2_jazzy/build/actions_cpp -- -j8 -l8
[3.563s] DEBUG:colcon.colcon_core.event_handler.log_command:Invoking command in '/home/vincent-pc/ros2_jazzy/build/actions_cpp': CMAKE_PREFIX_PATH=/home/vincent-pc/ros2_jazzy/install/my_robot_interfaces:/home/vincent-pc/ros2_jazzy/install/robot_cpp:/home/vincent-pc/ros2_jazzy/install/my_robot_cpp:/home/vincent-pc/ros2_jazzy/install/my_robot_bringup:/home/vincent-pc/ros2_jazzy/install/lifecycle_cpp:/home/vincent-pc/ros2_jazzy/install/executors_cpp:/home/vincent-pc/ros2_jazzy/install/components_cpp:/home/vincent-pc/ros2_jazzy/install/actions_cpp:/home/vincent-pc/ros2_jazzy/install/my_robot_description:/opt/ros/jazzy/opt/gz_sim_vendor:/opt/ros/jazzy/opt/gz_sensors_vendor:/opt/ros/jazzy/opt/gz_physics_vendor:/opt/ros/jazzy/opt/sdformat_vendor:/opt/ros/jazzy/opt/gz_gui_vendor:/opt/ros/jazzy/opt/gz_transport_vendor:/opt/ros/jazzy/opt/gz_rendering_vendor:/opt/ros/jazzy/opt/gz_plugin_vendor:/opt/ros/jazzy/opt/gz_fuel_tools_vendor:/opt/ros/jazzy/opt/gz_msgs_vendor:/opt/ros/jazzy/opt/gz_common_vendor:/opt/ros/jazzy/opt/gz_math_vendor:/opt/ros/jazzy/opt/gz_utils_vendor:/opt/ros/jazzy/opt/gz_tools_vendor:/opt/ros/jazzy/opt/gz_ogre_next_vendor:/opt/ros/jazzy/opt/gz_dartsim_vendor:/opt/ros/jazzy/opt/gz_cmake_vendor:/home/vincent-pc/ros2_jazzy/install/robot_py:/home/vincent-pc/ros2_jazzy/install/my_robot_python:/home/vincent-pc/ros2_jazzy/install/lifecycle_py:/home/vincent-pc/ros2_jazzy/install/executors_py:/home/vincent-pc/ros2_jazzy/install/components_py:/home/vincent-pc/ros2_jazzy/install/actions_py:/opt/ros/jazzy DEBUGINFOD_URLS=https://debuginfod.ubuntu.com PYTHONPATH=/home/vincent-pc/ros2_jazzy/install/my_robot_interfaces/lib/python3.12/site-packages:/home/vincent-pc/ros2_jazzy/install/robot_py/lib/python3.12/site-packages:/home/vincent-pc/ros2_jazzy/install/my_robot_python/lib/python3.12/site-packages:/home/vincent-pc/ros2_jazzy/install/lifecycle_py/lib/python3.12/site-packages:/home/vincent-pc/ros2_jazzy/install/executors_py/lib/python3.12/site-packages:/home/vincent-pc/ros2_jazzy/install/components_py/lib/python3.12/site-packages:/home/vincent-pc/ros2_jazzy/install/actions_py/lib/python3.12/site-packages:/opt/ros/jazzy/lib/python3.12/site-packages /usr/bin/cmake --install /home/vincent-pc/ros2_jazzy/build/actions_cpp
[4.266s] INFO:colcon.colcon_core.task.python.build:Building Python package in '/home/vincent-pc/ros2_jazzy/src/components_py'
[4.266s] INFO:colcon.colcon_core.shell:Skip shell extension 'powershell' for command environment: Not usable outside of PowerShell
[4.267s] DEBUG:colcon.colcon_core.shell:Skip shell extension 'dsv' for command environment
[4.290s] Level 1:colcon.colcon_core.environment:create_environment_scripts_only(lifecycle_cpp)
[4.290s] Level 1:colcon.colcon_core.environment:checking '/home/vincent-pc/ros2_jazzy/install/lifecycle_cpp' for CMake module files
[4.294s] DEBUG:colcon.colcon_core.event_handler.log_command:Invoked command in '/home/vincent-pc/ros2_jazzy/build/lifecycle_cpp' returned '0': CMAKE_PREFIX_PATH=/home/vincent-pc/ros2_jazzy/install/my_robot_interfaces:/home/vincent-pc/ros2_jazzy/install/robot_cpp:/home/vincent-pc/ros2_jazzy/install/my_robot_cpp:/home/vincent-pc/ros2_jazzy/install/my_robot_bringup:/home/vincent-pc/ros2_jazzy/install/lifecycle_cpp:/home/vincent-pc/ros2_jazzy/install/executors_cpp:/home/vincent-pc/ros2_jazzy/install/components_cpp:/home/vincent-pc/ros2_jazzy/install/actions_cpp:/home/vincent-pc/ros2_jazzy/install/my_robot_description:/opt/ros/jazzy/opt/gz_sim_vendor:/opt/ros/jazzy/opt/gz_sensors_vendor:/opt/ros/jazzy/opt/gz_physics_vendor:/opt/ros/jazzy/opt/sdformat_vendor:/opt/ros/jazzy/opt/gz_gui_vendor:/opt/ros/jazzy/opt/gz_transport_vendor:/opt/ros/jazzy/opt/gz_rendering_vendor:/opt/ros/jazzy/opt/gz_plugin_vendor:/opt/ros/jazzy/opt/gz_fuel_tools_vendor:/opt/ros/jazzy/opt/gz_msgs_vendor:/opt/ros/jazzy/opt/gz_common_vendor:/opt/ros/jazzy/opt/gz_math_vendor:/opt/ros/jazzy/opt/gz_utils_vendor:/opt/ros/jazzy/opt/gz_tools_vendor:/opt/ros/jazzy/opt/gz_ogre_next_vendor:/opt/ros/jazzy/opt/gz_dartsim_vendor:/opt/ros/jazzy/opt/gz_cmake_vendor:/home/vincent-pc/ros2_jazzy/install/robot_py:/home/vincent-pc/ros2_jazzy/install/my_robot_python:/home/vincent-pc/ros2_jazzy/install/lifecycle_py:/home/vincent-pc/ros2_jazzy/install/executors_py:/home/vincent-pc/ros2_jazzy/install/components_py:/home/vincent-pc/ros2_jazzy/install/actions_py:/opt/ros/jazzy DEBUGINFOD_URLS=https://debuginfod.ubuntu.com PYTHONPATH=/home/vincent-pc/ros2_jazzy/install/my_robot_interfaces/lib/python3.12/site-packages:/home/vincent-pc/ros2_jazzy/install/robot_py/lib/python3.12/site-packages:/home/vincent-pc/ros2_jazzy/install/my_robot_python/lib/python3.12/site-packages:/home/vincent-pc/ros2_jazzy/install/lifecycle_py/lib/python3.12/site-packages:/home/vincent-pc/ros2_jazzy/install/executors_py/lib/python3.12/site-packages:/home/vincent-pc/ros2_jazzy/install/components_py/lib/python3.12/site-packages:/home/vincent-pc/ros2_jazzy/install/actions_py/lib/python3.12/site-packages:/opt/ros/jazzy/lib/python3.12/site-packages /usr/bin/cmake --install /home/vincent-pc/ros2_jazzy/build/lifecycle_cpp
[4.295s] Level 1:colcon.colcon_core.environment:checking '/home/vincent-pc/ros2_jazzy/install/lifecycle_cpp' for CMake config files
[4.295s] Level 1:colcon.colcon_core.shell:create_environment_hook('lifecycle_cpp', 'cmake_prefix_path')
[4.296s] INFO:colcon.colcon_core.shell:Creating environment hook '/home/vincent-pc/ros2_jazzy/install/lifecycle_cpp/share/lifecycle_cpp/hook/cmake_prefix_path.ps1'
[4.297s] INFO:colcon.colcon_core.shell:Creating environment descriptor '/home/vincent-pc/ros2_jazzy/install/lifecycle_cpp/share/lifecycle_cpp/hook/cmake_prefix_path.dsv'
[4.297s] INFO:colcon.colcon_core.shell:Creating environment hook '/home/vincent-pc/ros2_jazzy/install/lifecycle_cpp/share/lifecycle_cpp/hook/cmake_prefix_path.sh'
[4.299s] Level 1:colcon.colcon_core.environment:checking '/home/vincent-pc/ros2_jazzy/install/lifecycle_cpp/lib'
[4.299s] Level 1:colcon.colcon_core.environment:checking '/home/vincent-pc/ros2_jazzy/install/lifecycle_cpp/bin'
[4.299s] Level 1:colcon.colcon_core.environment:checking '/home/vincent-pc/ros2_jazzy/install/lifecycle_cpp/lib/pkgconfig/lifecycle_cpp.pc'
[4.299s] Level 1:colcon.colcon_core.environment:checking '/home/vincent-pc/ros2_jazzy/install/lifecycle_cpp/lib/python3.12/site-packages'
[4.300s] Level 1:colcon.colcon_core.environment:checking '/home/vincent-pc/ros2_jazzy/install/lifecycle_cpp/bin'
[4.301s] INFO:colcon.colcon_core.shell:Creating package script '/home/vincent-pc/ros2_jazzy/install/lifecycle_cpp/share/lifecycle_cpp/package.ps1'
[4.302s] INFO:colcon.colcon_core.shell:Creating package descriptor '/home/vincent-pc/ros2_jazzy/install/lifecycle_cpp/share/lifecycle_cpp/package.dsv'
[4.303s] INFO:colcon.colcon_core.shell:Creating package script '/home/vincent-pc/ros2_jazzy/install/lifecycle_cpp/share/lifecycle_cpp/package.sh'
[4.304s] INFO:colcon.colcon_core.shell:Creating package script '/home/vincent-pc/ros2_jazzy/install/lifecycle_cpp/share/lifecycle_cpp/package.bash'
[4.305s] INFO:colcon.colcon_core.shell:Creating package script '/home/vincent-pc/ros2_jazzy/install/lifecycle_cpp/share/lifecycle_cpp/package.zsh'
[4.306s] Level 1:colcon.colcon_core.environment:create_file_with_runtime_dependencies(/home/vincent-pc/ros2_jazzy/install/lifecycle_cpp/share/colcon-core/packages/lifecycle_cpp)
[4.307s] Level 1:colcon.colcon_core.environment:create_environment_scripts_only(lifecycle_cpp)
[4.308s] Level 1:colcon.colcon_core.environment:checking '/home/vincent-pc/ros2_jazzy/install/lifecycle_cpp' for CMake module files
[4.309s] Level 1:colcon.colcon_core.environment:checking '/home/vincent-pc/ros2_jazzy/install/lifecycle_cpp' for CMake config files
[4.310s] Level 1:colcon.colcon_core.shell:create_environment_hook('lifecycle_cpp', 'cmake_prefix_path')
[4.310s] INFO:colcon.colcon_core.shell:Creating environment hook '/home/vincent-pc/ros2_jazzy/install/lifecycle_cpp/share/lifecycle_cpp/hook/cmake_prefix_path.ps1'
[4.311s] INFO:colcon.colcon_core.shell:Creating environment descriptor '/home/vincent-pc/ros2_jazzy/install/lifecycle_cpp/share/lifecycle_cpp/hook/cmake_prefix_path.dsv'
[4.312s] INFO:colcon.colcon_core.shell:Creating environment hook '/home/vincent-pc/ros2_jazzy/install/lifecycle_cpp/share/lifecycle_cpp/hook/cmake_prefix_path.sh'
[4.314s] Level 1:colcon.colcon_core.environment:checking '/home/vincent-pc/ros2_jazzy/install/lifecycle_cpp/lib'
[4.314s] Level 1:colcon.colcon_core.environment:checking '/home/vincent-pc/ros2_jazzy/install/lifecycle_cpp/bin'
[4.314s] Level 1:colcon.colcon_core.environment:checking '/home/vincent-pc/ros2_jazzy/install/lifecycle_cpp/lib/pkgconfig/lifecycle_cpp.pc'
[4.314s] Level 1:colcon.colcon_core.environment:checking '/home/vincent-pc/ros2_jazzy/install/lifecycle_cpp/lib/python3.12/site-packages'
[4.316s] Level 1:colcon.colcon_core.environment:checking '/home/vincent-pc/ros2_jazzy/install/lifecycle_cpp/bin'
[4.316s] INFO:colcon.colcon_core.shell:Creating package script '/home/vincent-pc/ros2_jazzy/install/lifecycle_cpp/share/lifecycle_cpp/package.ps1'
[4.318s] INFO:colcon.colcon_core.shell:Creating package descriptor '/home/vincent-pc/ros2_jazzy/install/lifecycle_cpp/share/lifecycle_cpp/package.dsv'
[4.319s] INFO:colcon.colcon_core.shell:Creating package script '/home/vincent-pc/ros2_jazzy/install/lifecycle_cpp/share/lifecycle_cpp/package.sh'
[4.320s] INFO:colcon.colcon_core.shell:Creating package script '/home/vincent-pc/ros2_jazzy/install/lifecycle_cpp/share/lifecycle_cpp/package.bash'
[4.321s] INFO:colcon.colcon_core.shell:Creating package script '/home/vincent-pc/ros2_jazzy/install/lifecycle_cpp/share/lifecycle_cpp/package.zsh'
[4.322s] Level 1:colcon.colcon_core.environment:create_file_with_runtime_dependencies(/home/vincent-pc/ros2_jazzy/install/lifecycle_cpp/share/colcon-core/packages/lifecycle_cpp)
[4.323s] Level 1:colcon.colcon_core.environment:create_environment_scripts_only(actions_cpp)
[4.325s] DEBUG:colcon.colcon_core.event_handler.log_command:Invoked command in '/home/vincent-pc/ros2_jazzy/build/actions_cpp' returned '0': CMAKE_PREFIX_PATH=/home/vincent-pc/ros2_jazzy/install/my_robot_interfaces:/home/vincent-pc/ros2_jazzy/install/robot_cpp:/home/vincent-pc/ros2_jazzy/install/my_robot_cpp:/home/vincent-pc/ros2_jazzy/install/my_robot_bringup:/home/vincent-pc/ros2_jazzy/install/lifecycle_cpp:/home/vincent-pc/ros2_jazzy/install/executors_cpp:/home/vincent-pc/ros2_jazzy/install/components_cpp:/home/vincent-pc/ros2_jazzy/install/actions_cpp:/home/vincent-pc/ros2_jazzy/install/my_robot_description:/opt/ros/jazzy/opt/gz_sim_vendor:/opt/ros/jazzy/opt/gz_sensors_vendor:/opt/ros/jazzy/opt/gz_physics_vendor:/opt/ros/jazzy/opt/sdformat_vendor:/opt/ros/jazzy/opt/gz_gui_vendor:/opt/ros/jazzy/opt/gz_transport_vendor:/opt/ros/jazzy/opt/gz_rendering_vendor:/opt/ros/jazzy/opt/gz_plugin_vendor:/opt/ros/jazzy/opt/gz_fuel_tools_vendor:/opt/ros/jazzy/opt/gz_msgs_vendor:/opt/ros/jazzy/opt/gz_common_vendor:/opt/ros/jazzy/opt/gz_math_vendor:/opt/ros/jazzy/opt/gz_utils_vendor:/opt/ros/jazzy/opt/gz_tools_vendor:/opt/ros/jazzy/opt/gz_ogre_next_vendor:/opt/ros/jazzy/opt/gz_dartsim_vendor:/opt/ros/jazzy/opt/gz_cmake_vendor:/home/vincent-pc/ros2_jazzy/install/robot_py:/home/vincent-pc/ros2_jazzy/install/my_robot_python:/home/vincent-pc/ros2_jazzy/install/lifecycle_py:/home/vincent-pc/ros2_jazzy/install/executors_py:/home/vincent-pc/ros2_jazzy/install/components_py:/home/vincent-pc/ros2_jazzy/install/actions_py:/opt/ros/jazzy DEBUGINFOD_URLS=https://debuginfod.ubuntu.com PYTHONPATH=/home/vincent-pc/ros2_jazzy/install/my_robot_interfaces/lib/python3.12/site-packages:/home/vincent-pc/ros2_jazzy/install/robot_py/lib/python3.12/site-packages:/home/vincent-pc/ros2_jazzy/install/my_robot_python/lib/python3.12/site-packages:/home/vincent-pc/ros2_jazzy/install/lifecycle_py/lib/python3.12/site-packages:/home/vincent-pc/ros2_jazzy/install/executors_py/lib/python3.12/site-packages:/home/vincent-pc/ros2_jazzy/install/components_py/lib/python3.12/site-packages:/home/vincent-pc/ros2_jazzy/install/actions_py/lib/python3.12/site-packages:/opt/ros/jazzy/lib/python3.12/site-packages /usr/bin/cmake --install /home/vincent-pc/ros2_jazzy/build/actions_cpp
[4.325s] Level 1:colcon.colcon_core.environment:checking '/home/vincent-pc/ros2_jazzy/install/actions_cpp' for CMake module files
[4.327s] Level 1:colcon.colcon_core.environment:checking '/home/vincent-pc/ros2_jazzy/install/actions_cpp' for CMake config files
[4.328s] Level 1:colcon.colcon_core.shell:create_environment_hook('actions_cpp', 'cmake_prefix_path')
[4.329s] INFO:colcon.colcon_core.shell:Creating environment hook '/home/vincent-pc/ros2_jazzy/install/actions_cpp/share/actions_cpp/hook/cmake_prefix_path.ps1'
[4.331s] INFO:colcon.colcon_core.shell:Creating environment descriptor '/home/vincent-pc/ros2_jazzy/install/actions_cpp/share/actions_cpp/hook/cmake_prefix_path.dsv'
[4.333s] INFO:colcon.colcon_core.shell:Creating environment hook '/home/vincent-pc/ros2_jazzy/install/actions_cpp/share/actions_cpp/hook/cmake_prefix_path.sh'
[4.336s] Level 1:colcon.colcon_core.environment:checking '/home/vincent-pc/ros2_jazzy/install/actions_cpp/lib'
[4.336s] Level 1:colcon.colcon_core.environment:checking '/home/vincent-pc/ros2_jazzy/install/actions_cpp/bin'
[4.336s] Level 1:colcon.colcon_core.environment:checking '/home/vincent-pc/ros2_jazzy/install/actions_cpp/lib/pkgconfig/actions_cpp.pc'
[4.337s] Level 1:colcon.colcon_core.environment:checking '/home/vincent-pc/ros2_jazzy/install/actions_cpp/lib/python3.12/site-packages'
[4.338s] Level 1:colcon.colcon_core.environment:checking '/home/vincent-pc/ros2_jazzy/install/actions_cpp/bin'
[4.338s] INFO:colcon.colcon_core.shell:Creating package script '/home/vincent-pc/ros2_jazzy/install/actions_cpp/share/actions_cpp/package.ps1'
[4.342s] INFO:colcon.colcon_core.shell:Creating package descriptor '/home/vincent-pc/ros2_jazzy/install/actions_cpp/share/actions_cpp/package.dsv'
[4.344s] INFO:colcon.colcon_core.shell:Creating package script '/home/vincent-pc/ros2_jazzy/install/actions_cpp/share/actions_cpp/package.sh'
[4.347s] INFO:colcon.colcon_core.shell:Creating package script '/home/vincent-pc/ros2_jazzy/install/actions_cpp/share/actions_cpp/package.bash'
[4.348s] INFO:colcon.colcon_core.shell:Creating package script '/home/vincent-pc/ros2_jazzy/install/actions_cpp/share/actions_cpp/package.zsh'
[4.349s] Level 1:colcon.colcon_core.environment:create_file_with_runtime_dependencies(/home/vincent-pc/ros2_jazzy/install/actions_cpp/share/colcon-core/packages/actions_cpp)
[4.351s] Level 1:colcon.colcon_core.environment:create_environment_scripts_only(actions_cpp)
[4.351s] Level 1:colcon.colcon_core.environment:checking '/home/vincent-pc/ros2_jazzy/install/actions_cpp' for CMake module files
[4.354s] Level 1:colcon.colcon_core.environment:checking '/home/vincent-pc/ros2_jazzy/install/actions_cpp' for CMake config files
[4.354s] Level 1:colcon.colcon_core.shell:create_environment_hook('actions_cpp', 'cmake_prefix_path')
[4.355s] INFO:colcon.colcon_core.shell:Creating environment hook '/home/vincent-pc/ros2_jazzy/install/actions_cpp/share/actions_cpp/hook/cmake_prefix_path.ps1'
[4.356s] INFO:colcon.colcon_core.shell:Creating environment descriptor '/home/vincent-pc/ros2_jazzy/install/actions_cpp/share/actions_cpp/hook/cmake_prefix_path.dsv'
[4.357s] INFO:colcon.colcon_core.shell:Creating environment hook '/home/vincent-pc/ros2_jazzy/install/actions_cpp/share/actions_cpp/hook/cmake_prefix_path.sh'
[4.360s] Level 1:colcon.colcon_core.environment:checking '/home/vincent-pc/ros2_jazzy/install/actions_cpp/lib'
[4.360s] Level 1:colcon.colcon_core.environment:checking '/home/vincent-pc/ros2_jazzy/install/actions_cpp/bin'
[4.360s] Level 1:colcon.colcon_core.environment:checking '/home/vincent-pc/ros2_jazzy/install/actions_cpp/lib/pkgconfig/actions_cpp.pc'
[4.361s] Level 1:colcon.colcon_core.environment:checking '/home/vincent-pc/ros2_jazzy/install/actions_cpp/lib/python3.12/site-packages'
[4.363s] Level 1:colcon.colcon_core.environment:checking '/home/vincent-pc/ros2_jazzy/install/actions_cpp/bin'
[4.364s] INFO:colcon.colcon_core.shell:Creating package script '/home/vincent-pc/ros2_jazzy/install/actions_cpp/share/actions_cpp/package.ps1'
[4.365s] INFO:colcon.colcon_core.shell:Creating package descriptor '/home/vincent-pc/ros2_jazzy/install/actions_cpp/share/actions_cpp/package.dsv'
[4.367s] INFO:colcon.colcon_core.shell:Creating package script '/home/vincent-pc/ros2_jazzy/install/actions_cpp/share/actions_cpp/package.sh'
[4.368s] INFO:colcon.colcon_core.shell:Creating package script '/home/vincent-pc/ros2_jazzy/install/actions_cpp/share/actions_cpp/package.bash'
[4.370s] INFO:colcon.colcon_core.shell:Creating package script '/home/vincent-pc/ros2_jazzy/install/actions_cpp/share/actions_cpp/package.zsh'
[4.371s] Level 1:colcon.colcon_core.environment:create_file_with_runtime_dependencies(/home/vincent-pc/ros2_jazzy/install/actions_cpp/share/colcon-core/packages/actions_cpp)
[4.374s] DEBUG:colcon.colcon_core.event_handler.log_command:Invoked command in '/home/vincent-pc/ros2_jazzy/build/components_cpp' returned '0': CMAKE_PREFIX_PATH=/home/vincent-pc/ros2_jazzy/install/my_robot_interfaces:/home/vincent-pc/ros2_jazzy/install/robot_cpp:/home/vincent-pc/ros2_jazzy/install/my_robot_cpp:/home/vincent-pc/ros2_jazzy/install/my_robot_bringup:/home/vincent-pc/ros2_jazzy/install/lifecycle_cpp:/home/vincent-pc/ros2_jazzy/install/executors_cpp:/home/vincent-pc/ros2_jazzy/install/components_cpp:/home/vincent-pc/ros2_jazzy/install/actions_cpp:/home/vincent-pc/ros2_jazzy/install/my_robot_description:/opt/ros/jazzy/opt/gz_sim_vendor:/opt/ros/jazzy/opt/gz_sensors_vendor:/opt/ros/jazzy/opt/gz_physics_vendor:/opt/ros/jazzy/opt/sdformat_vendor:/opt/ros/jazzy/opt/gz_gui_vendor:/opt/ros/jazzy/opt/gz_transport_vendor:/opt/ros/jazzy/opt/gz_rendering_vendor:/opt/ros/jazzy/opt/gz_plugin_vendor:/opt/ros/jazzy/opt/gz_fuel_tools_vendor:/opt/ros/jazzy/opt/gz_msgs_vendor:/opt/ros/jazzy/opt/gz_common_vendor:/opt/ros/jazzy/opt/gz_math_vendor:/opt/ros/jazzy/opt/gz_utils_vendor:/opt/ros/jazzy/opt/gz_tools_vendor:/opt/ros/jazzy/opt/gz_ogre_next_vendor:/opt/ros/jazzy/opt/gz_dartsim_vendor:/opt/ros/jazzy/opt/gz_cmake_vendor:/home/vincent-pc/ros2_jazzy/install/robot_py:/home/vincent-pc/ros2_jazzy/install/my_robot_python:/home/vincent-pc/ros2_jazzy/install/lifecycle_py:/home/vincent-pc/ros2_jazzy/install/executors_py:/home/vincent-pc/ros2_jazzy/install/components_py:/home/vincent-pc/ros2_jazzy/install/actions_py:/opt/ros/jazzy DEBUGINFOD_URLS=https://debuginfod.ubuntu.com PYTHONPATH=/home/vincent-pc/ros2_jazzy/install/my_robot_interfaces/lib/python3.12/site-packages:/home/vincent-pc/ros2_jazzy/install/robot_py/lib/python3.12/site-packages:/home/vincent-pc/ros2_jazzy/install/my_robot_python/lib/python3.12/site-packages:/home/vincent-pc/ros2_jazzy/install/lifecycle_py/lib/python3.12/site-packages:/home/vincent-pc/ros2_jazzy/install/executors_py/lib/python3.12/site-packages:/home/vincent-pc/ros2_jazzy/install/components_py/lib/python3.12/site-packages:/home/vincent-pc/ros2_jazzy/install/actions_py/lib/python3.12/site-packages:/opt/ros/jazzy/lib/python3.12/site-packages /usr/bin/cmake --build /home/vincent-pc/ros2_jazzy/build/components_cpp -- -j8 -l8
[4.378s] DEBUG:colcon.colcon_core.event_handler.log_command:Invoking command in '/home/vincent-pc/ros2_jazzy/build/components_cpp': CMAKE_PREFIX_PATH=/home/vincent-pc/ros2_jazzy/install/my_robot_interfaces:/home/vincent-pc/ros2_jazzy/install/robot_cpp:/home/vincent-pc/ros2_jazzy/install/my_robot_cpp:/home/vincent-pc/ros2_jazzy/install/my_robot_bringup:/home/vincent-pc/ros2_jazzy/install/lifecycle_cpp:/home/vincent-pc/ros2_jazzy/install/executors_cpp:/home/vincent-pc/ros2_jazzy/install/components_cpp:/home/vincent-pc/ros2_jazzy/install/actions_cpp:/home/vincent-pc/ros2_jazzy/install/my_robot_description:/opt/ros/jazzy/opt/gz_sim_vendor:/opt/ros/jazzy/opt/gz_sensors_vendor:/opt/ros/jazzy/opt/gz_physics_vendor:/opt/ros/jazzy/opt/sdformat_vendor:/opt/ros/jazzy/opt/gz_gui_vendor:/opt/ros/jazzy/opt/gz_transport_vendor:/opt/ros/jazzy/opt/gz_rendering_vendor:/opt/ros/jazzy/opt/gz_plugin_vendor:/opt/ros/jazzy/opt/gz_fuel_tools_vendor:/opt/ros/jazzy/opt/gz_msgs_vendor:/opt/ros/jazzy/opt/gz_common_vendor:/opt/ros/jazzy/opt/gz_math_vendor:/opt/ros/jazzy/opt/gz_utils_vendor:/opt/ros/jazzy/opt/gz_tools_vendor:/opt/ros/jazzy/opt/gz_ogre_next_vendor:/opt/ros/jazzy/opt/gz_dartsim_vendor:/opt/ros/jazzy/opt/gz_cmake_vendor:/home/vincent-pc/ros2_jazzy/install/robot_py:/home/vincent-pc/ros2_jazzy/install/my_robot_python:/home/vincent-pc/ros2_jazzy/install/lifecycle_py:/home/vincent-pc/ros2_jazzy/install/executors_py:/home/vincent-pc/ros2_jazzy/install/components_py:/home/vincent-pc/ros2_jazzy/install/actions_py:/opt/ros/jazzy DEBUGINFOD_URLS=https://debuginfod.ubuntu.com PYTHONPATH=/home/vincent-pc/ros2_jazzy/install/my_robot_interfaces/lib/python3.12/site-packages:/home/vincent-pc/ros2_jazzy/install/robot_py/lib/python3.12/site-packages:/home/vincent-pc/ros2_jazzy/install/my_robot_python/lib/python3.12/site-packages:/home/vincent-pc/ros2_jazzy/install/lifecycle_py/lib/python3.12/site-packages:/home/vincent-pc/ros2_jazzy/install/executors_py/lib/python3.12/site-packages:/home/vincent-pc/ros2_jazzy/install/components_py/lib/python3.12/site-packages:/home/vincent-pc/ros2_jazzy/install/actions_py/lib/python3.12/site-packages:/opt/ros/jazzy/lib/python3.12/site-packages /usr/bin/cmake --install /home/vincent-pc/ros2_jazzy/build/components_cpp
[4.381s] DEBUG:colcon.colcon_core.event_handler.log_command:Invoking command in '/home/vincent-pc/ros2_jazzy/src/my_robot_python': DEBUGINFOD_URLS=https://debuginfod.ubuntu.com PYTHONPATH=/home/vincent-pc/ros2_jazzy/build/my_robot_python/prefix_override:/usr/lib/python3/dist-packages/colcon_core/task/python/colcon_distutils_commands:/home/vincent-pc/ros2_jazzy/install/my_robot_python/lib/python3.12/site-packages:${PYTHONPATH} /usr/bin/python3 -W ignore:setup.py install is deprecated -W ignore:easy_install command is deprecated setup.py egg_info --egg-base ../../build/my_robot_python build --build-base /home/vincent-pc/ros2_jazzy/build/my_robot_python/build install --record /home/vincent-pc/ros2_jazzy/build/my_robot_python/install.log --single-version-externally-managed install_data
[4.388s] DEBUG:colcon.colcon_core.event_handler.log_command:Invoking command in '/home/vincent-pc/ros2_jazzy/src/robot_py': DEBUGINFOD_URLS=https://debuginfod.ubuntu.com PYTHONPATH=/home/vincent-pc/ros2_jazzy/build/robot_py/prefix_override:/usr/lib/python3/dist-packages/colcon_core/task/python/colcon_distutils_commands:/home/vincent-pc/ros2_jazzy/install/robot_py/lib/python3.12/site-packages:${PYTHONPATH} /usr/bin/python3 -W ignore:setup.py install is deprecated -W ignore:easy_install command is deprecated setup.py egg_info --egg-base ../../build/robot_py build --build-base /home/vincent-pc/ros2_jazzy/build/robot_py/build install --record /home/vincent-pc/ros2_jazzy/build/robot_py/install.log --single-version-externally-managed install_data
[4.393s] INFO:colcon.colcon_ros.task.ament_cmake.build:Building ROS package in '/home/vincent-pc/ros2_jazzy/src/executors_cpp' with build type 'ament_cmake'
[4.393s] INFO:colcon.colcon_cmake.task.cmake.build:Building CMake package in '/home/vincent-pc/ros2_jazzy/src/executors_cpp'
[4.393s] INFO:colcon.colcon_core.shell:Skip shell extension 'powershell' for command environment: Not usable outside of PowerShell
[4.393s] DEBUG:colcon.colcon_core.shell:Skip shell extension 'dsv' for command environment
[4.428s] INFO:colcon.colcon_ros.task.ament_python.build:Building ROS package in '/home/vincent-pc/ros2_jazzy/src/executors_py' with build type 'ament_python'
[4.428s] Level 1:colcon.colcon_core.shell:create_environment_hook('executors_py', 'ament_prefix_path')
[4.428s] INFO:colcon.colcon_core.shell:Creating environment hook '/home/vincent-pc/ros2_jazzy/install/executors_py/share/executors_py/hook/ament_prefix_path.ps1'
[4.430s] INFO:colcon.colcon_core.shell:Creating environment descriptor '/home/vincent-pc/ros2_jazzy/install/executors_py/share/executors_py/hook/ament_prefix_path.dsv'
[4.438s] INFO:colcon.colcon_core.shell:Creating environment hook '/home/vincent-pc/ros2_jazzy/install/executors_py/share/executors_py/hook/ament_prefix_path.sh'
[4.444s] INFO:colcon.colcon_core.shell:Skip shell extension 'powershell' for command environment: Not usable outside of PowerShell
[4.444s] DEBUG:colcon.colcon_core.shell:Skip shell extension 'dsv' for command environment
[4.548s] DEBUG:colcon.colcon_core.event_handler.log_command:Invoking command in '/home/vincent-pc/ros2_jazzy/build/executors_cpp': CMAKE_PREFIX_PATH=/home/vincent-pc/ros2_jazzy/install/my_robot_interfaces:/home/vincent-pc/ros2_jazzy/install/robot_cpp:/home/vincent-pc/ros2_jazzy/install/my_robot_cpp:/home/vincent-pc/ros2_jazzy/install/my_robot_bringup:/home/vincent-pc/ros2_jazzy/install/lifecycle_cpp:/home/vincent-pc/ros2_jazzy/install/executors_cpp:/home/vincent-pc/ros2_jazzy/install/components_cpp:/home/vincent-pc/ros2_jazzy/install/actions_cpp:/home/vincent-pc/ros2_jazzy/install/my_robot_description:/opt/ros/jazzy/opt/gz_sim_vendor:/opt/ros/jazzy/opt/gz_sensors_vendor:/opt/ros/jazzy/opt/gz_physics_vendor:/opt/ros/jazzy/opt/sdformat_vendor:/opt/ros/jazzy/opt/gz_gui_vendor:/opt/ros/jazzy/opt/gz_transport_vendor:/opt/ros/jazzy/opt/gz_rendering_vendor:/opt/ros/jazzy/opt/gz_plugin_vendor:/opt/ros/jazzy/opt/gz_fuel_tools_vendor:/opt/ros/jazzy/opt/gz_msgs_vendor:/opt/ros/jazzy/opt/gz_common_vendor:/opt/ros/jazzy/opt/gz_math_vendor:/opt/ros/jazzy/opt/gz_utils_vendor:/opt/ros/jazzy/opt/gz_tools_vendor:/opt/ros/jazzy/opt/gz_ogre_next_vendor:/opt/ros/jazzy/opt/gz_dartsim_vendor:/opt/ros/jazzy/opt/gz_cmake_vendor:/home/vincent-pc/ros2_jazzy/install/robot_py:/home/vincent-pc/ros2_jazzy/install/my_robot_python:/home/vincent-pc/ros2_jazzy/install/lifecycle_py:/home/vincent-pc/ros2_jazzy/install/executors_py:/home/vincent-pc/ros2_jazzy/install/components_py:/home/vincent-pc/ros2_jazzy/install/actions_py:/opt/ros/jazzy DEBUGINFOD_URLS=https://debuginfod.ubuntu.com PYTHONPATH=/home/vincent-pc/ros2_jazzy/install/my_robot_interfaces/lib/python3.12/site-packages:/home/vincent-pc/ros2_jazzy/install/robot_py/lib/python3.12/site-packages:/home/vincent-pc/ros2_jazzy/install/my_robot_python/lib/python3.12/site-packages:/home/vincent-pc/ros2_jazzy/install/lifecycle_py/lib/python3.12/site-packages:/home/vincent-pc/ros2_jazzy/install/executors_py/lib/python3.12/site-packages:/home/vincent-pc/ros2_jazzy/install/components_py/lib/python3.12/site-packages:/home/vincent-pc/ros2_jazzy/install/actions_py/lib/python3.12/site-packages:/opt/ros/jazzy/lib/python3.12/site-packages /usr/bin/cmake --build /home/vincent-pc/ros2_jazzy/build/executors_cpp -- -j8 -l8
[4.557s] Level 1:colcon.colcon_core.environment:create_environment_scripts_only(components_cpp)
[4.558s] Level 1:colcon.colcon_core.environment:checking '/home/vincent-pc/ros2_jazzy/install/components_cpp' for CMake module files
[4.560s] Level 1:colcon.colcon_core.environment:checking '/home/vincent-pc/ros2_jazzy/install/components_cpp' for CMake config files
[4.560s] Level 1:colcon.colcon_core.shell:create_environment_hook('components_cpp', 'cmake_prefix_path')
[4.584s] INFO:colcon.colcon_core.shell:Creating environment hook '/home/vincent-pc/ros2_jazzy/install/components_cpp/share/components_cpp/hook/cmake_prefix_path.ps1'
[4.585s] DEBUG:colcon.colcon_core.event_handler.log_command:Invoked command in '/home/vincent-pc/ros2_jazzy/build/components_cpp' returned '0': CMAKE_PREFIX_PATH=/home/vincent-pc/ros2_jazzy/install/my_robot_interfaces:/home/vincent-pc/ros2_jazzy/install/robot_cpp:/home/vincent-pc/ros2_jazzy/install/my_robot_cpp:/home/vincent-pc/ros2_jazzy/install/my_robot_bringup:/home/vincent-pc/ros2_jazzy/install/lifecycle_cpp:/home/vincent-pc/ros2_jazzy/install/executors_cpp:/home/vincent-pc/ros2_jazzy/install/components_cpp:/home/vincent-pc/ros2_jazzy/install/actions_cpp:/home/vincent-pc/ros2_jazzy/install/my_robot_description:/opt/ros/jazzy/opt/gz_sim_vendor:/opt/ros/jazzy/opt/gz_sensors_vendor:/opt/ros/jazzy/opt/gz_physics_vendor:/opt/ros/jazzy/opt/sdformat_vendor:/opt/ros/jazzy/opt/gz_gui_vendor:/opt/ros/jazzy/opt/gz_transport_vendor:/opt/ros/jazzy/opt/gz_rendering_vendor:/opt/ros/jazzy/opt/gz_plugin_vendor:/opt/ros/jazzy/opt/gz_fuel_tools_vendor:/opt/ros/jazzy/opt/gz_msgs_vendor:/opt/ros/jazzy/opt/gz_common_vendor:/opt/ros/jazzy/opt/gz_math_vendor:/opt/ros/jazzy/opt/gz_utils_vendor:/opt/ros/jazzy/opt/gz_tools_vendor:/opt/ros/jazzy/opt/gz_ogre_next_vendor:/opt/ros/jazzy/opt/gz_dartsim_vendor:/opt/ros/jazzy/opt/gz_cmake_vendor:/home/vincent-pc/ros2_jazzy/install/robot_py:/home/vincent-pc/ros2_jazzy/install/my_robot_python:/home/vincent-pc/ros2_jazzy/install/lifecycle_py:/home/vincent-pc/ros2_jazzy/install/executors_py:/home/vincent-pc/ros2_jazzy/install/components_py:/home/vincent-pc/ros2_jazzy/install/actions_py:/opt/ros/jazzy DEBUGINFOD_URLS=https://debuginfod.ubuntu.com PYTHONPATH=/home/vincent-pc/ros2_jazzy/install/my_robot_interfaces/lib/python3.12/site-packages:/home/vincent-pc/ros2_jazzy/install/robot_py/lib/python3.12/site-packages:/home/vincent-pc/ros2_jazzy/install/my_robot_python/lib/python3.12/site-packages:/home/vincent-pc/ros2_jazzy/install/lifecycle_py/lib/python3.12/site-packages:/home/vincent-pc/ros2_jazzy/install/executors_py/lib/python3.12/site-packages:/home/vincent-pc/ros2_jazzy/install/components_py/lib/python3.12/site-packages:/home/vincent-pc/ros2_jazzy/install/actions_py/lib/python3.12/site-packages:/opt/ros/jazzy/lib/python3.12/site-packages /usr/bin/cmake --install /home/vincent-pc/ros2_jazzy/build/components_cpp
[4.587s] INFO:colcon.colcon_core.shell:Creating environment descriptor '/home/vincent-pc/ros2_jazzy/install/components_cpp/share/components_cpp/hook/cmake_prefix_path.dsv'
[4.595s] INFO:colcon.colcon_core.shell:Creating environment hook '/home/vincent-pc/ros2_jazzy/install/components_cpp/share/components_cpp/hook/cmake_prefix_path.sh'
[4.604s] Level 1:colcon.colcon_core.environment:checking '/home/vincent-pc/ros2_jazzy/install/components_cpp/lib'
[4.604s] Level 1:colcon.colcon_core.environment:checking '/home/vincent-pc/ros2_jazzy/install/components_cpp/bin'
[4.604s] Level 1:colcon.colcon_core.environment:checking '/home/vincent-pc/ros2_jazzy/install/components_cpp/lib/pkgconfig/components_cpp.pc'
[4.605s] Level 1:colcon.colcon_core.environment:checking '/home/vincent-pc/ros2_jazzy/install/components_cpp/lib/python3.12/site-packages'
[4.614s] Level 1:colcon.colcon_core.environment:checking '/home/vincent-pc/ros2_jazzy/install/components_cpp/bin'
[4.615s] INFO:colcon.colcon_core.shell:Creating package script '/home/vincent-pc/ros2_jazzy/install/components_cpp/share/components_cpp/package.ps1'
[4.617s] INFO:colcon.colcon_core.shell:Creating package descriptor '/home/vincent-pc/ros2_jazzy/install/components_cpp/share/components_cpp/package.dsv'
[4.626s] INFO:colcon.colcon_core.shell:Creating package script '/home/vincent-pc/ros2_jazzy/install/components_cpp/share/components_cpp/package.sh'
[4.628s] INFO:colcon.colcon_core.shell:Creating package script '/home/vincent-pc/ros2_jazzy/install/components_cpp/share/components_cpp/package.bash'
[4.629s] INFO:colcon.colcon_core.shell:Creating package script '/home/vincent-pc/ros2_jazzy/install/components_cpp/share/components_cpp/package.zsh'
[4.640s] Level 1:colcon.colcon_core.environment:create_file_with_runtime_dependencies(/home/vincent-pc/ros2_jazzy/install/components_cpp/share/colcon-core/packages/components_cpp)
[4.646s] Level 1:colcon.colcon_core.environment:create_environment_scripts_only(components_cpp)
[4.659s] Level 1:colcon.colcon_core.environment:checking '/home/vincent-pc/ros2_jazzy/install/components_cpp' for CMake module files
[4.666s] Level 1:colcon.colcon_core.environment:checking '/home/vincent-pc/ros2_jazzy/install/components_cpp' for CMake config files
[4.667s] Level 1:colcon.colcon_core.shell:create_environment_hook('components_cpp', 'cmake_prefix_path')
[4.669s] INFO:colcon.colcon_core.shell:Creating environment hook '/home/vincent-pc/ros2_jazzy/install/components_cpp/share/components_cpp/hook/cmake_prefix_path.ps1'
[4.672s] INFO:colcon.colcon_core.shell:Creating environment descriptor '/home/vincent-pc/ros2_jazzy/install/components_cpp/share/components_cpp/hook/cmake_prefix_path.dsv'
[4.683s] INFO:colcon.colcon_core.shell:Creating environment hook '/home/vincent-pc/ros2_jazzy/install/components_cpp/share/components_cpp/hook/cmake_prefix_path.sh'
[4.685s] Level 1:colcon.colcon_core.environment:checking '/home/vincent-pc/ros2_jazzy/install/components_cpp/lib'
[4.685s] Level 1:colcon.colcon_core.environment:checking '/home/vincent-pc/ros2_jazzy/install/components_cpp/bin'
[4.686s] Level 1:colcon.colcon_core.environment:checking '/home/vincent-pc/ros2_jazzy/install/components_cpp/lib/pkgconfig/components_cpp.pc'
[4.686s] Level 1:colcon.colcon_core.environment:checking '/home/vincent-pc/ros2_jazzy/install/components_cpp/lib/python3.12/site-packages'
[4.688s] Level 1:colcon.colcon_core.environment:checking '/home/vincent-pc/ros2_jazzy/install/components_cpp/bin'
[4.689s] INFO:colcon.colcon_core.shell:Creating package script '/home/vincent-pc/ros2_jazzy/install/components_cpp/share/components_cpp/package.ps1'
[4.691s] INFO:colcon.colcon_core.shell:Creating package descriptor '/home/vincent-pc/ros2_jazzy/install/components_cpp/share/components_cpp/package.dsv'
[4.693s] INFO:colcon.colcon_core.shell:Creating package script '/home/vincent-pc/ros2_jazzy/install/components_cpp/share/components_cpp/package.sh'
[4.695s] INFO:colcon.colcon_core.shell:Creating package script '/home/vincent-pc/ros2_jazzy/install/components_cpp/share/components_cpp/package.bash'
[4.700s] INFO:colcon.colcon_core.shell:Creating package script '/home/vincent-pc/ros2_jazzy/install/components_cpp/share/components_cpp/package.zsh'
[4.703s] Level 1:colcon.colcon_core.environment:create_file_with_runtime_dependencies(/home/vincent-pc/ros2_jazzy/install/components_cpp/share/colcon-core/packages/components_cpp)
[4.705s] INFO:colcon.colcon_ros.task.ament_cmake.build:Building ROS package in '/home/vincent-pc/ros2_jazzy/src/my_robot_cpp' with build type 'ament_cmake'
[4.705s] INFO:colcon.colcon_cmake.task.cmake.build:Building CMake package in '/home/vincent-pc/ros2_jazzy/src/my_robot_cpp'
[4.706s] INFO:colcon.colcon_core.shell:Skip shell extension 'powershell' for command environment: Not usable outside of PowerShell
[4.706s] DEBUG:colcon.colcon_core.shell:Skip shell extension 'dsv' for command environment
[5.932s] INFO:colcon.colcon_core.task.python.build:Building Python package in '/home/vincent-pc/ros2_jazzy/src/executors_py'
[5.932s] INFO:colcon.colcon_core.shell:Skip shell extension 'powershell' for command environment: Not usable outside of PowerShell
[5.933s] DEBUG:colcon.colcon_core.shell:Skip shell extension 'dsv' for command environment
[5.948s] DEBUG:colcon.colcon_core.event_handler.log_command:Invoked command in '/home/vincent-pc/ros2_jazzy/build/executors_cpp' returned '0': CMAKE_PREFIX_PATH=/home/vincent-pc/ros2_jazzy/install/my_robot_interfaces:/home/vincent-pc/ros2_jazzy/install/robot_cpp:/home/vincent-pc/ros2_jazzy/install/my_robot_cpp:/home/vincent-pc/ros2_jazzy/install/my_robot_bringup:/home/vincent-pc/ros2_jazzy/install/lifecycle_cpp:/home/vincent-pc/ros2_jazzy/install/executors_cpp:/home/vincent-pc/ros2_jazzy/install/components_cpp:/home/vincent-pc/ros2_jazzy/install/actions_cpp:/home/vincent-pc/ros2_jazzy/install/my_robot_description:/opt/ros/jazzy/opt/gz_sim_vendor:/opt/ros/jazzy/opt/gz_sensors_vendor:/opt/ros/jazzy/opt/gz_physics_vendor:/opt/ros/jazzy/opt/sdformat_vendor:/opt/ros/jazzy/opt/gz_gui_vendor:/opt/ros/jazzy/opt/gz_transport_vendor:/opt/ros/jazzy/opt/gz_rendering_vendor:/opt/ros/jazzy/opt/gz_plugin_vendor:/opt/ros/jazzy/opt/gz_fuel_tools_vendor:/opt/ros/jazzy/opt/gz_msgs_vendor:/opt/ros/jazzy/opt/gz_common_vendor:/opt/ros/jazzy/opt/gz_math_vendor:/opt/ros/jazzy/opt/gz_utils_vendor:/opt/ros/jazzy/opt/gz_tools_vendor:/opt/ros/jazzy/opt/gz_ogre_next_vendor:/opt/ros/jazzy/opt/gz_dartsim_vendor:/opt/ros/jazzy/opt/gz_cmake_vendor:/home/vincent-pc/ros2_jazzy/install/robot_py:/home/vincent-pc/ros2_jazzy/install/my_robot_python:/home/vincent-pc/ros2_jazzy/install/lifecycle_py:/home/vincent-pc/ros2_jazzy/install/executors_py:/home/vincent-pc/ros2_jazzy/install/components_py:/home/vincent-pc/ros2_jazzy/install/actions_py:/opt/ros/jazzy DEBUGINFOD_URLS=https://debuginfod.ubuntu.com PYTHONPATH=/home/vincent-pc/ros2_jazzy/install/my_robot_interfaces/lib/python3.12/site-packages:/home/vincent-pc/ros2_jazzy/install/robot_py/lib/python3.12/site-packages:/home/vincent-pc/ros2_jazzy/install/my_robot_python/lib/python3.12/site-packages:/home/vincent-pc/ros2_jazzy/install/lifecycle_py/lib/python3.12/site-packages:/home/vincent-pc/ros2_jazzy/install/executors_py/lib/python3.12/site-packages:/home/vincent-pc/ros2_jazzy/install/components_py/lib/python3.12/site-packages:/home/vincent-pc/ros2_jazzy/install/actions_py/lib/python3.12/site-packages:/opt/ros/jazzy/lib/python3.12/site-packages /usr/bin/cmake --build /home/vincent-pc/ros2_jazzy/build/executors_cpp -- -j8 -l8
[5.952s] DEBUG:colcon.colcon_core.event_handler.log_command:Invoking command in '/home/vincent-pc/ros2_jazzy/build/executors_cpp': CMAKE_PREFIX_PATH=/home/vincent-pc/ros2_jazzy/install/my_robot_interfaces:/home/vincent-pc/ros2_jazzy/install/robot_cpp:/home/vincent-pc/ros2_jazzy/install/my_robot_cpp:/home/vincent-pc/ros2_jazzy/install/my_robot_bringup:/home/vincent-pc/ros2_jazzy/install/lifecycle_cpp:/home/vincent-pc/ros2_jazzy/install/executors_cpp:/home/vincent-pc/ros2_jazzy/install/components_cpp:/home/vincent-pc/ros2_jazzy/install/actions_cpp:/home/vincent-pc/ros2_jazzy/install/my_robot_description:/opt/ros/jazzy/opt/gz_sim_vendor:/opt/ros/jazzy/opt/gz_sensors_vendor:/opt/ros/jazzy/opt/gz_physics_vendor:/opt/ros/jazzy/opt/sdformat_vendor:/opt/ros/jazzy/opt/gz_gui_vendor:/opt/ros/jazzy/opt/gz_transport_vendor:/opt/ros/jazzy/opt/gz_rendering_vendor:/opt/ros/jazzy/opt/gz_plugin_vendor:/opt/ros/jazzy/opt/gz_fuel_tools_vendor:/opt/ros/jazzy/opt/gz_msgs_vendor:/opt/ros/jazzy/opt/gz_common_vendor:/opt/ros/jazzy/opt/gz_math_vendor:/opt/ros/jazzy/opt/gz_utils_vendor:/opt/ros/jazzy/opt/gz_tools_vendor:/opt/ros/jazzy/opt/gz_ogre_next_vendor:/opt/ros/jazzy/opt/gz_dartsim_vendor:/opt/ros/jazzy/opt/gz_cmake_vendor:/home/vincent-pc/ros2_jazzy/install/robot_py:/home/vincent-pc/ros2_jazzy/install/my_robot_python:/home/vincent-pc/ros2_jazzy/install/lifecycle_py:/home/vincent-pc/ros2_jazzy/install/executors_py:/home/vincent-pc/ros2_jazzy/install/components_py:/home/vincent-pc/ros2_jazzy/install/actions_py:/opt/ros/jazzy DEBUGINFOD_URLS=https://debuginfod.ubuntu.com PYTHONPATH=/home/vincent-pc/ros2_jazzy/install/my_robot_interfaces/lib/python3.12/site-packages:/home/vincent-pc/ros2_jazzy/install/robot_py/lib/python3.12/site-packages:/home/vincent-pc/ros2_jazzy/install/my_robot_python/lib/python3.12/site-packages:/home/vincent-pc/ros2_jazzy/install/lifecycle_py/lib/python3.12/site-packages:/home/vincent-pc/ros2_jazzy/install/executors_py/lib/python3.12/site-packages:/home/vincent-pc/ros2_jazzy/install/components_py/lib/python3.12/site-packages:/home/vincent-pc/ros2_jazzy/install/actions_py/lib/python3.12/site-packages:/opt/ros/jazzy/lib/python3.12/site-packages /usr/bin/cmake --install /home/vincent-pc/ros2_jazzy/build/executors_cpp
[5.971s] DEBUG:colcon.colcon_core.event_handler.log_command:Invoking command in '/home/vincent-pc/ros2_jazzy/build/my_robot_cpp': CMAKE_PREFIX_PATH=/home/vincent-pc/ros2_jazzy/install/my_robot_interfaces:/home/vincent-pc/ros2_jazzy/install/robot_cpp:/home/vincent-pc/ros2_jazzy/install/my_robot_cpp:/home/vincent-pc/ros2_jazzy/install/my_robot_bringup:/home/vincent-pc/ros2_jazzy/install/lifecycle_cpp:/home/vincent-pc/ros2_jazzy/install/executors_cpp:/home/vincent-pc/ros2_jazzy/install/components_cpp:/home/vincent-pc/ros2_jazzy/install/actions_cpp:/home/vincent-pc/ros2_jazzy/install/my_robot_description:/opt/ros/jazzy/opt/gz_sim_vendor:/opt/ros/jazzy/opt/gz_sensors_vendor:/opt/ros/jazzy/opt/gz_physics_vendor:/opt/ros/jazzy/opt/sdformat_vendor:/opt/ros/jazzy/opt/gz_gui_vendor:/opt/ros/jazzy/opt/gz_transport_vendor:/opt/ros/jazzy/opt/gz_rendering_vendor:/opt/ros/jazzy/opt/gz_plugin_vendor:/opt/ros/jazzy/opt/gz_fuel_tools_vendor:/opt/ros/jazzy/opt/gz_msgs_vendor:/opt/ros/jazzy/opt/gz_common_vendor:/opt/ros/jazzy/opt/gz_math_vendor:/opt/ros/jazzy/opt/gz_utils_vendor:/opt/ros/jazzy/opt/gz_tools_vendor:/opt/ros/jazzy/opt/gz_ogre_next_vendor:/opt/ros/jazzy/opt/gz_dartsim_vendor:/opt/ros/jazzy/opt/gz_cmake_vendor:/home/vincent-pc/ros2_jazzy/install/robot_py:/home/vincent-pc/ros2_jazzy/install/my_robot_python:/home/vincent-pc/ros2_jazzy/install/lifecycle_py:/home/vincent-pc/ros2_jazzy/install/executors_py:/home/vincent-pc/ros2_jazzy/install/components_py:/home/vincent-pc/ros2_jazzy/install/actions_py:/opt/ros/jazzy DEBUGINFOD_URLS=https://debuginfod.ubuntu.com PYTHONPATH=/home/vincent-pc/ros2_jazzy/install/my_robot_interfaces/lib/python3.12/site-packages:/home/vincent-pc/ros2_jazzy/install/robot_py/lib/python3.12/site-packages:/home/vincent-pc/ros2_jazzy/install/my_robot_python/lib/python3.12/site-packages:/home/vincent-pc/ros2_jazzy/install/lifecycle_py/lib/python3.12/site-packages:/home/vincent-pc/ros2_jazzy/install/executors_py/lib/python3.12/site-packages:/home/vincent-pc/ros2_jazzy/install/components_py/lib/python3.12/site-packages:/home/vincent-pc/ros2_jazzy/install/actions_py/lib/python3.12/site-packages:/opt/ros/jazzy/lib/python3.12/site-packages /usr/bin/cmake --build /home/vincent-pc/ros2_jazzy/build/my_robot_cpp -- -j8 -l8
[6.239s] Level 1:colcon.colcon_core.environment:create_environment_scripts_only(executors_cpp)
[6.240s] Level 1:colcon.colcon_core.environment:checking '/home/vincent-pc/ros2_jazzy/install/executors_cpp' for CMake module files
[6.258s] DEBUG:colcon.colcon_core.event_handler.log_command:Invoked command in '/home/vincent-pc/ros2_jazzy/build/executors_cpp' returned '0': CMAKE_PREFIX_PATH=/home/vincent-pc/ros2_jazzy/install/my_robot_interfaces:/home/vincent-pc/ros2_jazzy/install/robot_cpp:/home/vincent-pc/ros2_jazzy/install/my_robot_cpp:/home/vincent-pc/ros2_jazzy/install/my_robot_bringup:/home/vincent-pc/ros2_jazzy/install/lifecycle_cpp:/home/vincent-pc/ros2_jazzy/install/executors_cpp:/home/vincent-pc/ros2_jazzy/install/components_cpp:/home/vincent-pc/ros2_jazzy/install/actions_cpp:/home/vincent-pc/ros2_jazzy/install/my_robot_description:/opt/ros/jazzy/opt/gz_sim_vendor:/opt/ros/jazzy/opt/gz_sensors_vendor:/opt/ros/jazzy/opt/gz_physics_vendor:/opt/ros/jazzy/opt/sdformat_vendor:/opt/ros/jazzy/opt/gz_gui_vendor:/opt/ros/jazzy/opt/gz_transport_vendor:/opt/ros/jazzy/opt/gz_rendering_vendor:/opt/ros/jazzy/opt/gz_plugin_vendor:/opt/ros/jazzy/opt/gz_fuel_tools_vendor:/opt/ros/jazzy/opt/gz_msgs_vendor:/opt/ros/jazzy/opt/gz_common_vendor:/opt/ros/jazzy/opt/gz_math_vendor:/opt/ros/jazzy/opt/gz_utils_vendor:/opt/ros/jazzy/opt/gz_tools_vendor:/opt/ros/jazzy/opt/gz_ogre_next_vendor:/opt/ros/jazzy/opt/gz_dartsim_vendor:/opt/ros/jazzy/opt/gz_cmake_vendor:/home/vincent-pc/ros2_jazzy/install/robot_py:/home/vincent-pc/ros2_jazzy/install/my_robot_python:/home/vincent-pc/ros2_jazzy/install/lifecycle_py:/home/vincent-pc/ros2_jazzy/install/executors_py:/home/vincent-pc/ros2_jazzy/install/components_py:/home/vincent-pc/ros2_jazzy/install/actions_py:/opt/ros/jazzy DEBUGINFOD_URLS=https://debuginfod.ubuntu.com PYTHONPATH=/home/vincent-pc/ros2_jazzy/install/my_robot_interfaces/lib/python3.12/site-packages:/home/vincent-pc/ros2_jazzy/install/robot_py/lib/python3.12/site-packages:/home/vincent-pc/ros2_jazzy/install/my_robot_python/lib/python3.12/site-packages:/home/vincent-pc/ros2_jazzy/install/lifecycle_py/lib/python3.12/site-packages:/home/vincent-pc/ros2_jazzy/install/executors_py/lib/python3.12/site-packages:/home/vincent-pc/ros2_jazzy/install/components_py/lib/python3.12/site-packages:/home/vincent-pc/ros2_jazzy/install/actions_py/lib/python3.12/site-packages:/opt/ros/jazzy/lib/python3.12/site-packages /usr/bin/cmake --install /home/vincent-pc/ros2_jazzy/build/executors_cpp
[6.259s] Level 1:colcon.colcon_core.environment:checking '/home/vincent-pc/ros2_jazzy/install/executors_cpp' for CMake config files
[6.260s] Level 1:colcon.colcon_core.shell:create_environment_hook('executors_cpp', 'cmake_prefix_path')
[6.260s] INFO:colcon.colcon_core.shell:Creating environment hook '/home/vincent-pc/ros2_jazzy/install/executors_cpp/share/executors_cpp/hook/cmake_prefix_path.ps1'
[6.261s] INFO:colcon.colcon_core.shell:Creating environment descriptor '/home/vincent-pc/ros2_jazzy/install/executors_cpp/share/executors_cpp/hook/cmake_prefix_path.dsv'
[6.274s] INFO:colcon.colcon_core.shell:Creating environment hook '/home/vincent-pc/ros2_jazzy/install/executors_cpp/share/executors_cpp/hook/cmake_prefix_path.sh'
[6.275s] Level 1:colcon.colcon_core.environment:checking '/home/vincent-pc/ros2_jazzy/install/executors_cpp/lib'
[6.275s] Level 1:colcon.colcon_core.environment:checking '/home/vincent-pc/ros2_jazzy/install/executors_cpp/bin'
[6.296s] Level 1:colcon.colcon_core.environment:checking '/home/vincent-pc/ros2_jazzy/install/executors_cpp/lib/pkgconfig/executors_cpp.pc'
[6.297s] Level 1:colcon.colcon_core.environment:checking '/home/vincent-pc/ros2_jazzy/install/executors_cpp/lib/python3.12/site-packages'
[6.306s] Level 1:colcon.colcon_core.environment:checking '/home/vincent-pc/ros2_jazzy/install/executors_cpp/bin'
[6.307s] INFO:colcon.colcon_core.shell:Creating package script '/home/vincent-pc/ros2_jazzy/install/executors_cpp/share/executors_cpp/package.ps1'
[6.325s] INFO:colcon.colcon_core.shell:Creating package descriptor '/home/vincent-pc/ros2_jazzy/install/executors_cpp/share/executors_cpp/package.dsv'
[6.330s] INFO:colcon.colcon_core.shell:Creating package script '/home/vincent-pc/ros2_jazzy/install/executors_cpp/share/executors_cpp/package.sh'
[6.335s] INFO:colcon.colcon_core.shell:Creating package script '/home/vincent-pc/ros2_jazzy/install/executors_cpp/share/executors_cpp/package.bash'
[6.340s] INFO:colcon.colcon_core.shell:Creating package script '/home/vincent-pc/ros2_jazzy/install/executors_cpp/share/executors_cpp/package.zsh'
[6.341s] Level 1:colcon.colcon_core.environment:create_file_with_runtime_dependencies(/home/vincent-pc/ros2_jazzy/install/executors_cpp/share/colcon-core/packages/executors_cpp)
[6.343s] Level 1:colcon.colcon_core.environment:create_environment_scripts_only(executors_cpp)
[6.343s] Level 1:colcon.colcon_core.environment:checking '/home/vincent-pc/ros2_jazzy/install/executors_cpp' for CMake module files
[6.354s] Level 1:colcon.colcon_core.environment:checking '/home/vincent-pc/ros2_jazzy/install/executors_cpp' for CMake config files
[6.355s] Level 1:colcon.colcon_core.shell:create_environment_hook('executors_cpp', 'cmake_prefix_path')
[6.355s] INFO:colcon.colcon_core.shell:Creating environment hook '/home/vincent-pc/ros2_jazzy/install/executors_cpp/share/executors_cpp/hook/cmake_prefix_path.ps1'
[6.367s] INFO:colcon.colcon_core.shell:Creating environment descriptor '/home/vincent-pc/ros2_jazzy/install/executors_cpp/share/executors_cpp/hook/cmake_prefix_path.dsv'
[6.368s] INFO:colcon.colcon_core.shell:Creating environment hook '/home/vincent-pc/ros2_jazzy/install/executors_cpp/share/executors_cpp/hook/cmake_prefix_path.sh'
[6.375s] Level 1:colcon.colcon_core.environment:checking '/home/vincent-pc/ros2_jazzy/install/executors_cpp/lib'
[6.375s] Level 1:colcon.colcon_core.environment:checking '/home/vincent-pc/ros2_jazzy/install/executors_cpp/bin'
[6.384s] Level 1:colcon.colcon_core.environment:checking '/home/vincent-pc/ros2_jazzy/install/executors_cpp/lib/pkgconfig/executors_cpp.pc'
[6.384s] Level 1:colcon.colcon_core.environment:checking '/home/vincent-pc/ros2_jazzy/install/executors_cpp/lib/python3.12/site-packages'
[6.385s] Level 1:colcon.colcon_core.environment:checking '/home/vincent-pc/ros2_jazzy/install/executors_cpp/bin'
[6.386s] INFO:colcon.colcon_core.shell:Creating package script '/home/vincent-pc/ros2_jazzy/install/executors_cpp/share/executors_cpp/package.ps1'
[6.393s] INFO:colcon.colcon_core.shell:Creating package descriptor '/home/vincent-pc/ros2_jazzy/install/executors_cpp/share/executors_cpp/package.dsv'
[6.404s] INFO:colcon.colcon_core.shell:Creating package script '/home/vincent-pc/ros2_jazzy/install/executors_cpp/share/executors_cpp/package.sh'
[6.405s] INFO:colcon.colcon_core.shell:Creating package script '/home/vincent-pc/ros2_jazzy/install/executors_cpp/share/executors_cpp/package.bash'
[6.423s] INFO:colcon.colcon_core.shell:Creating package script '/home/vincent-pc/ros2_jazzy/install/executors_cpp/share/executors_cpp/package.zsh'
[6.431s] Level 1:colcon.colcon_core.environment:create_file_with_runtime_dependencies(/home/vincent-pc/ros2_jazzy/install/executors_cpp/share/colcon-core/packages/executors_cpp)
[6.444s] INFO:colcon.colcon_ros.task.ament_cmake.build:Building ROS package in '/home/vincent-pc/ros2_jazzy/src/robot_cpp' with build type 'ament_cmake'
[6.444s] INFO:colcon.colcon_cmake.task.cmake.build:Building CMake package in '/home/vincent-pc/ros2_jazzy/src/robot_cpp'
[6.445s] INFO:colcon.colcon_core.shell:Skip shell extension 'powershell' for command environment: Not usable outside of PowerShell
[6.445s] DEBUG:colcon.colcon_core.shell:Skip shell extension 'dsv' for command environment
[6.614s] DEBUG:colcon.colcon_core.event_handler.log_command:Invoking command in '/home/vincent-pc/ros2_jazzy/build/robot_cpp': CMAKE_PREFIX_PATH=/home/vincent-pc/ros2_jazzy/install/my_robot_interfaces:/home/vincent-pc/ros2_jazzy/install/robot_cpp:/home/vincent-pc/ros2_jazzy/install/my_robot_cpp:/home/vincent-pc/ros2_jazzy/install/my_robot_bringup:/home/vincent-pc/ros2_jazzy/install/lifecycle_cpp:/home/vincent-pc/ros2_jazzy/install/executors_cpp:/home/vincent-pc/ros2_jazzy/install/components_cpp:/home/vincent-pc/ros2_jazzy/install/actions_cpp:/home/vincent-pc/ros2_jazzy/install/my_robot_description:/opt/ros/jazzy/opt/gz_sim_vendor:/opt/ros/jazzy/opt/gz_sensors_vendor:/opt/ros/jazzy/opt/gz_physics_vendor:/opt/ros/jazzy/opt/sdformat_vendor:/opt/ros/jazzy/opt/gz_gui_vendor:/opt/ros/jazzy/opt/gz_transport_vendor:/opt/ros/jazzy/opt/gz_rendering_vendor:/opt/ros/jazzy/opt/gz_plugin_vendor:/opt/ros/jazzy/opt/gz_fuel_tools_vendor:/opt/ros/jazzy/opt/gz_msgs_vendor:/opt/ros/jazzy/opt/gz_common_vendor:/opt/ros/jazzy/opt/gz_math_vendor:/opt/ros/jazzy/opt/gz_utils_vendor:/opt/ros/jazzy/opt/gz_tools_vendor:/opt/ros/jazzy/opt/gz_ogre_next_vendor:/opt/ros/jazzy/opt/gz_dartsim_vendor:/opt/ros/jazzy/opt/gz_cmake_vendor:/home/vincent-pc/ros2_jazzy/install/robot_py:/home/vincent-pc/ros2_jazzy/install/my_robot_python:/home/vincent-pc/ros2_jazzy/install/lifecycle_py:/home/vincent-pc/ros2_jazzy/install/executors_py:/home/vincent-pc/ros2_jazzy/install/components_py:/home/vincent-pc/ros2_jazzy/install/actions_py:/opt/ros/jazzy DEBUGINFOD_URLS=https://debuginfod.ubuntu.com PYTHONPATH=/home/vincent-pc/ros2_jazzy/install/my_robot_interfaces/lib/python3.12/site-packages:/home/vincent-pc/ros2_jazzy/install/robot_py/lib/python3.12/site-packages:/home/vincent-pc/ros2_jazzy/install/my_robot_python/lib/python3.12/site-packages:/home/vincent-pc/ros2_jazzy/install/lifecycle_py/lib/python3.12/site-packages:/home/vincent-pc/ros2_jazzy/install/executors_py/lib/python3.12/site-packages:/home/vincent-pc/ros2_jazzy/install/components_py/lib/python3.12/site-packages:/home/vincent-pc/ros2_jazzy/install/actions_py/lib/python3.12/site-packages:/opt/ros/jazzy/lib/python3.12/site-packages /usr/bin/cmake --build /home/vincent-pc/ros2_jazzy/build/robot_cpp -- -j8 -l8
[6.653s] DEBUG:colcon.colcon_core.event_handler.log_command:Invoked command in '/home/vincent-pc/ros2_jazzy/build/my_robot_cpp' returned '0': CMAKE_PREFIX_PATH=/home/vincent-pc/ros2_jazzy/install/my_robot_interfaces:/home/vincent-pc/ros2_jazzy/install/robot_cpp:/home/vincent-pc/ros2_jazzy/install/my_robot_cpp:/home/vincent-pc/ros2_jazzy/install/my_robot_bringup:/home/vincent-pc/ros2_jazzy/install/lifecycle_cpp:/home/vincent-pc/ros2_jazzy/install/executors_cpp:/home/vincent-pc/ros2_jazzy/install/components_cpp:/home/vincent-pc/ros2_jazzy/install/actions_cpp:/home/vincent-pc/ros2_jazzy/install/my_robot_description:/opt/ros/jazzy/opt/gz_sim_vendor:/opt/ros/jazzy/opt/gz_sensors_vendor:/opt/ros/jazzy/opt/gz_physics_vendor:/opt/ros/jazzy/opt/sdformat_vendor:/opt/ros/jazzy/opt/gz_gui_vendor:/opt/ros/jazzy/opt/gz_transport_vendor:/opt/ros/jazzy/opt/gz_rendering_vendor:/opt/ros/jazzy/opt/gz_plugin_vendor:/opt/ros/jazzy/opt/gz_fuel_tools_vendor:/opt/ros/jazzy/opt/gz_msgs_vendor:/opt/ros/jazzy/opt/gz_common_vendor:/opt/ros/jazzy/opt/gz_math_vendor:/opt/ros/jazzy/opt/gz_utils_vendor:/opt/ros/jazzy/opt/gz_tools_vendor:/opt/ros/jazzy/opt/gz_ogre_next_vendor:/opt/ros/jazzy/opt/gz_dartsim_vendor:/opt/ros/jazzy/opt/gz_cmake_vendor:/home/vincent-pc/ros2_jazzy/install/robot_py:/home/vincent-pc/ros2_jazzy/install/my_robot_python:/home/vincent-pc/ros2_jazzy/install/lifecycle_py:/home/vincent-pc/ros2_jazzy/install/executors_py:/home/vincent-pc/ros2_jazzy/install/components_py:/home/vincent-pc/ros2_jazzy/install/actions_py:/opt/ros/jazzy DEBUGINFOD_URLS=https://debuginfod.ubuntu.com PYTHONPATH=/home/vincent-pc/ros2_jazzy/install/my_robot_interfaces/lib/python3.12/site-packages:/home/vincent-pc/ros2_jazzy/install/robot_py/lib/python3.12/site-packages:/home/vincent-pc/ros2_jazzy/install/my_robot_python/lib/python3.12/site-packages:/home/vincent-pc/ros2_jazzy/install/lifecycle_py/lib/python3.12/site-packages:/home/vincent-pc/ros2_jazzy/install/executors_py/lib/python3.12/site-packages:/home/vincent-pc/ros2_jazzy/install/components_py/lib/python3.12/site-packages:/home/vincent-pc/ros2_jazzy/install/actions_py/lib/python3.12/site-packages:/opt/ros/jazzy/lib/python3.12/site-packages /usr/bin/cmake --build /home/vincent-pc/ros2_jazzy/build/my_robot_cpp -- -j8 -l8
[6.655s] DEBUG:colcon.colcon_core.event_handler.log_command:Invoking command in '/home/vincent-pc/ros2_jazzy/build/my_robot_cpp': CMAKE_PREFIX_PATH=/home/vincent-pc/ros2_jazzy/install/my_robot_interfaces:/home/vincent-pc/ros2_jazzy/install/robot_cpp:/home/vincent-pc/ros2_jazzy/install/my_robot_cpp:/home/vincent-pc/ros2_jazzy/install/my_robot_bringup:/home/vincent-pc/ros2_jazzy/install/lifecycle_cpp:/home/vincent-pc/ros2_jazzy/install/executors_cpp:/home/vincent-pc/ros2_jazzy/install/components_cpp:/home/vincent-pc/ros2_jazzy/install/actions_cpp:/home/vincent-pc/ros2_jazzy/install/my_robot_description:/opt/ros/jazzy/opt/gz_sim_vendor:/opt/ros/jazzy/opt/gz_sensors_vendor:/opt/ros/jazzy/opt/gz_physics_vendor:/opt/ros/jazzy/opt/sdformat_vendor:/opt/ros/jazzy/opt/gz_gui_vendor:/opt/ros/jazzy/opt/gz_transport_vendor:/opt/ros/jazzy/opt/gz_rendering_vendor:/opt/ros/jazzy/opt/gz_plugin_vendor:/opt/ros/jazzy/opt/gz_fuel_tools_vendor:/opt/ros/jazzy/opt/gz_msgs_vendor:/opt/ros/jazzy/opt/gz_common_vendor:/opt/ros/jazzy/opt/gz_math_vendor:/opt/ros/jazzy/opt/gz_utils_vendor:/opt/ros/jazzy/opt/gz_tools_vendor:/opt/ros/jazzy/opt/gz_ogre_next_vendor:/opt/ros/jazzy/opt/gz_dartsim_vendor:/opt/ros/jazzy/opt/gz_cmake_vendor:/home/vincent-pc/ros2_jazzy/install/robot_py:/home/vincent-pc/ros2_jazzy/install/my_robot_python:/home/vincent-pc/ros2_jazzy/install/lifecycle_py:/home/vincent-pc/ros2_jazzy/install/executors_py:/home/vincent-pc/ros2_jazzy/install/components_py:/home/vincent-pc/ros2_jazzy/install/actions_py:/opt/ros/jazzy DEBUGINFOD_URLS=https://debuginfod.ubuntu.com PYTHONPATH=/home/vincent-pc/ros2_jazzy/install/my_robot_interfaces/lib/python3.12/site-packages:/home/vincent-pc/ros2_jazzy/install/robot_py/lib/python3.12/site-packages:/home/vincent-pc/ros2_jazzy/install/my_robot_python/lib/python3.12/site-packages:/home/vincent-pc/ros2_jazzy/install/lifecycle_py/lib/python3.12/site-packages:/home/vincent-pc/ros2_jazzy/install/executors_py/lib/python3.12/site-packages:/home/vincent-pc/ros2_jazzy/install/components_py/lib/python3.12/site-packages:/home/vincent-pc/ros2_jazzy/install/actions_py/lib/python3.12/site-packages:/opt/ros/jazzy/lib/python3.12/site-packages /usr/bin/cmake --install /home/vincent-pc/ros2_jazzy/build/my_robot_cpp
[6.922s] Level 1:colcon.colcon_core.environment:create_environment_scripts_only(my_robot_cpp)
[6.923s] Level 1:colcon.colcon_core.environment:checking '/home/vincent-pc/ros2_jazzy/install/my_robot_cpp' for CMake module files
[6.931s] Level 1:colcon.colcon_core.environment:checking '/home/vincent-pc/ros2_jazzy/install/my_robot_cpp' for CMake config files
[6.932s] DEBUG:colcon.colcon_core.event_handler.log_command:Invoked command in '/home/vincent-pc/ros2_jazzy/build/my_robot_cpp' returned '0': CMAKE_PREFIX_PATH=/home/vincent-pc/ros2_jazzy/install/my_robot_interfaces:/home/vincent-pc/ros2_jazzy/install/robot_cpp:/home/vincent-pc/ros2_jazzy/install/my_robot_cpp:/home/vincent-pc/ros2_jazzy/install/my_robot_bringup:/home/vincent-pc/ros2_jazzy/install/lifecycle_cpp:/home/vincent-pc/ros2_jazzy/install/executors_cpp:/home/vincent-pc/ros2_jazzy/install/components_cpp:/home/vincent-pc/ros2_jazzy/install/actions_cpp:/home/vincent-pc/ros2_jazzy/install/my_robot_description:/opt/ros/jazzy/opt/gz_sim_vendor:/opt/ros/jazzy/opt/gz_sensors_vendor:/opt/ros/jazzy/opt/gz_physics_vendor:/opt/ros/jazzy/opt/sdformat_vendor:/opt/ros/jazzy/opt/gz_gui_vendor:/opt/ros/jazzy/opt/gz_transport_vendor:/opt/ros/jazzy/opt/gz_rendering_vendor:/opt/ros/jazzy/opt/gz_plugin_vendor:/opt/ros/jazzy/opt/gz_fuel_tools_vendor:/opt/ros/jazzy/opt/gz_msgs_vendor:/opt/ros/jazzy/opt/gz_common_vendor:/opt/ros/jazzy/opt/gz_math_vendor:/opt/ros/jazzy/opt/gz_utils_vendor:/opt/ros/jazzy/opt/gz_tools_vendor:/opt/ros/jazzy/opt/gz_ogre_next_vendor:/opt/ros/jazzy/opt/gz_dartsim_vendor:/opt/ros/jazzy/opt/gz_cmake_vendor:/home/vincent-pc/ros2_jazzy/install/robot_py:/home/vincent-pc/ros2_jazzy/install/my_robot_python:/home/vincent-pc/ros2_jazzy/install/lifecycle_py:/home/vincent-pc/ros2_jazzy/install/executors_py:/home/vincent-pc/ros2_jazzy/install/components_py:/home/vincent-pc/ros2_jazzy/install/actions_py:/opt/ros/jazzy DEBUGINFOD_URLS=https://debuginfod.ubuntu.com PYTHONPATH=/home/vincent-pc/ros2_jazzy/install/my_robot_interfaces/lib/python3.12/site-packages:/home/vincent-pc/ros2_jazzy/install/robot_py/lib/python3.12/site-packages:/home/vincent-pc/ros2_jazzy/install/my_robot_python/lib/python3.12/site-packages:/home/vincent-pc/ros2_jazzy/install/lifecycle_py/lib/python3.12/site-packages:/home/vincent-pc/ros2_jazzy/install/executors_py/lib/python3.12/site-packages:/home/vincent-pc/ros2_jazzy/install/components_py/lib/python3.12/site-packages:/home/vincent-pc/ros2_jazzy/install/actions_py/lib/python3.12/site-packages:/opt/ros/jazzy/lib/python3.12/site-packages /usr/bin/cmake --install /home/vincent-pc/ros2_jazzy/build/my_robot_cpp
[6.936s] Level 1:colcon.colcon_core.shell:create_environment_hook('my_robot_cpp', 'cmake_prefix_path')
[6.937s] INFO:colcon.colcon_core.shell:Creating environment hook '/home/vincent-pc/ros2_jazzy/install/my_robot_cpp/share/my_robot_cpp/hook/cmake_prefix_path.ps1'
[6.948s] INFO:colcon.colcon_core.shell:Creating environment descriptor '/home/vincent-pc/ros2_jazzy/install/my_robot_cpp/share/my_robot_cpp/hook/cmake_prefix_path.dsv'
[6.951s] INFO:colcon.colcon_core.shell:Creating environment hook '/home/vincent-pc/ros2_jazzy/install/my_robot_cpp/share/my_robot_cpp/hook/cmake_prefix_path.sh'
[6.966s] Level 1:colcon.colcon_core.environment:checking '/home/vincent-pc/ros2_jazzy/install/my_robot_cpp/lib'
[6.967s] Level 1:colcon.colcon_core.environment:checking '/home/vincent-pc/ros2_jazzy/install/my_robot_cpp/bin'
[6.967s] Level 1:colcon.colcon_core.environment:checking '/home/vincent-pc/ros2_jazzy/install/my_robot_cpp/lib/pkgconfig/my_robot_cpp.pc'
[6.980s] Level 1:colcon.colcon_core.environment:checking '/home/vincent-pc/ros2_jazzy/install/my_robot_cpp/lib/python3.12/site-packages'
[6.981s] Level 1:colcon.colcon_core.environment:checking '/home/vincent-pc/ros2_jazzy/install/my_robot_cpp/bin'
[6.982s] INFO:colcon.colcon_core.shell:Creating package script '/home/vincent-pc/ros2_jazzy/install/my_robot_cpp/share/my_robot_cpp/package.ps1'
[7.005s] INFO:colcon.colcon_core.shell:Creating package descriptor '/home/vincent-pc/ros2_jazzy/install/my_robot_cpp/share/my_robot_cpp/package.dsv'
[7.007s] INFO:colcon.colcon_core.shell:Creating package script '/home/vincent-pc/ros2_jazzy/install/my_robot_cpp/share/my_robot_cpp/package.sh'
[7.029s] INFO:colcon.colcon_core.shell:Creating package script '/home/vincent-pc/ros2_jazzy/install/my_robot_cpp/share/my_robot_cpp/package.bash'
[7.030s] INFO:colcon.colcon_core.shell:Creating package script '/home/vincent-pc/ros2_jazzy/install/my_robot_cpp/share/my_robot_cpp/package.zsh'
[7.031s] Level 1:colcon.colcon_core.environment:create_file_with_runtime_dependencies(/home/vincent-pc/ros2_jazzy/install/my_robot_cpp/share/colcon-core/packages/my_robot_cpp)
[7.051s] Level 1:colcon.colcon_core.environment:create_environment_scripts_only(my_robot_cpp)
[7.052s] Level 1:colcon.colcon_core.environment:checking '/home/vincent-pc/ros2_jazzy/install/my_robot_cpp' for CMake module files
[7.053s] Level 1:colcon.colcon_core.environment:checking '/home/vincent-pc/ros2_jazzy/install/my_robot_cpp' for CMake config files
[7.054s] Level 1:colcon.colcon_core.shell:create_environment_hook('my_robot_cpp', 'cmake_prefix_path')
[7.067s] INFO:colcon.colcon_core.shell:Creating environment hook '/home/vincent-pc/ros2_jazzy/install/my_robot_cpp/share/my_robot_cpp/hook/cmake_prefix_path.ps1'
[7.075s] INFO:colcon.colcon_core.shell:Creating environment descriptor '/home/vincent-pc/ros2_jazzy/install/my_robot_cpp/share/my_robot_cpp/hook/cmake_prefix_path.dsv'
[7.080s] INFO:colcon.colcon_core.shell:Creating environment hook '/home/vincent-pc/ros2_jazzy/install/my_robot_cpp/share/my_robot_cpp/hook/cmake_prefix_path.sh'
[7.091s] Level 1:colcon.colcon_core.environment:checking '/home/vincent-pc/ros2_jazzy/install/my_robot_cpp/lib'
[7.091s] Level 1:colcon.colcon_core.environment:checking '/home/vincent-pc/ros2_jazzy/install/my_robot_cpp/bin'
[7.091s] Level 1:colcon.colcon_core.environment:checking '/home/vincent-pc/ros2_jazzy/install/my_robot_cpp/lib/pkgconfig/my_robot_cpp.pc'
[7.095s] Level 1:colcon.colcon_core.environment:checking '/home/vincent-pc/ros2_jazzy/install/my_robot_cpp/lib/python3.12/site-packages'
[7.106s] Level 1:colcon.colcon_core.environment:checking '/home/vincent-pc/ros2_jazzy/install/my_robot_cpp/bin'
[7.107s] INFO:colcon.colcon_core.shell:Creating package script '/home/vincent-pc/ros2_jazzy/install/my_robot_cpp/share/my_robot_cpp/package.ps1'
[7.119s] INFO:colcon.colcon_core.shell:Creating package descriptor '/home/vincent-pc/ros2_jazzy/install/my_robot_cpp/share/my_robot_cpp/package.dsv'
[7.130s] INFO:colcon.colcon_core.shell:Creating package script '/home/vincent-pc/ros2_jazzy/install/my_robot_cpp/share/my_robot_cpp/package.sh'
[7.161s] INFO:colcon.colcon_core.shell:Creating package script '/home/vincent-pc/ros2_jazzy/install/my_robot_cpp/share/my_robot_cpp/package.bash'
[7.174s] INFO:colcon.colcon_core.shell:Creating package script '/home/vincent-pc/ros2_jazzy/install/my_robot_cpp/share/my_robot_cpp/package.zsh'
[7.182s] Level 1:colcon.colcon_core.environment:create_file_with_runtime_dependencies(/home/vincent-pc/ros2_jazzy/install/my_robot_cpp/share/colcon-core/packages/my_robot_cpp)
[7.208s] DEBUG:colcon.colcon_core.event_handler.log_command:Invoking command in '/home/vincent-pc/ros2_jazzy/src/lifecycle_py': CMAKE_PREFIX_PATH=/home/vincent-pc/ros2_jazzy/install/my_robot_interfaces:/home/vincent-pc/ros2_jazzy/install/robot_cpp:/home/vincent-pc/ros2_jazzy/install/my_robot_cpp:/home/vincent-pc/ros2_jazzy/install/my_robot_bringup:/home/vincent-pc/ros2_jazzy/install/lifecycle_cpp:/home/vincent-pc/ros2_jazzy/install/executors_cpp:/home/vincent-pc/ros2_jazzy/install/components_cpp:/home/vincent-pc/ros2_jazzy/install/actions_cpp:/home/vincent-pc/ros2_jazzy/install/my_robot_description:/opt/ros/jazzy/opt/gz_sim_vendor:/opt/ros/jazzy/opt/gz_sensors_vendor:/opt/ros/jazzy/opt/gz_physics_vendor:/opt/ros/jazzy/opt/sdformat_vendor:/opt/ros/jazzy/opt/gz_gui_vendor:/opt/ros/jazzy/opt/gz_transport_vendor:/opt/ros/jazzy/opt/gz_rendering_vendor:/opt/ros/jazzy/opt/gz_plugin_vendor:/opt/ros/jazzy/opt/gz_fuel_tools_vendor:/opt/ros/jazzy/opt/gz_msgs_vendor:/opt/ros/jazzy/opt/gz_common_vendor:/opt/ros/jazzy/opt/gz_math_vendor:/opt/ros/jazzy/opt/gz_utils_vendor:/opt/ros/jazzy/opt/gz_tools_vendor:/opt/ros/jazzy/opt/gz_ogre_next_vendor:/opt/ros/jazzy/opt/gz_dartsim_vendor:/opt/ros/jazzy/opt/gz_cmake_vendor DEBUGINFOD_URLS=https://debuginfod.ubuntu.com PYTHONPATH=/home/vincent-pc/ros2_jazzy/build/lifecycle_py/prefix_override:/usr/lib/python3/dist-packages/colcon_core/task/python/colcon_distutils_commands:/home/vincent-pc/ros2_jazzy/install/lifecycle_py/lib/python3.12/site-packages:/home/vincent-pc/ros2_jazzy/install/my_robot_interfaces/lib/python3.12/site-packages:/home/vincent-pc/ros2_jazzy/install/robot_py/lib/python3.12/site-packages:/home/vincent-pc/ros2_jazzy/install/my_robot_python/lib/python3.12/site-packages:/home/vincent-pc/ros2_jazzy/install/lifecycle_py/lib/python3.12/site-packages:/home/vincent-pc/ros2_jazzy/install/executors_py/lib/python3.12/site-packages:/home/vincent-pc/ros2_jazzy/install/components_py/lib/python3.12/site-packages:/home/vincent-pc/ros2_jazzy/install/actions_py/lib/python3.12/site-packages:/opt/ros/jazzy/lib/python3.12/site-packages /usr/bin/python3 -W ignore:setup.py install is deprecated -W ignore:easy_install command is deprecated setup.py egg_info --egg-base ../../build/lifecycle_py build --build-base /home/vincent-pc/ros2_jazzy/build/lifecycle_py/build install --record /home/vincent-pc/ros2_jazzy/build/lifecycle_py/install.log --single-version-externally-managed install_data
[7.299s] DEBUG:colcon.colcon_core.event_handler.log_command:Invoked command in '/home/vincent-pc/ros2_jazzy/build/robot_cpp' returned '0': CMAKE_PREFIX_PATH=/home/vincent-pc/ros2_jazzy/install/my_robot_interfaces:/home/vincent-pc/ros2_jazzy/install/robot_cpp:/home/vincent-pc/ros2_jazzy/install/my_robot_cpp:/home/vincent-pc/ros2_jazzy/install/my_robot_bringup:/home/vincent-pc/ros2_jazzy/install/lifecycle_cpp:/home/vincent-pc/ros2_jazzy/install/executors_cpp:/home/vincent-pc/ros2_jazzy/install/components_cpp:/home/vincent-pc/ros2_jazzy/install/actions_cpp:/home/vincent-pc/ros2_jazzy/install/my_robot_description:/opt/ros/jazzy/opt/gz_sim_vendor:/opt/ros/jazzy/opt/gz_sensors_vendor:/opt/ros/jazzy/opt/gz_physics_vendor:/opt/ros/jazzy/opt/sdformat_vendor:/opt/ros/jazzy/opt/gz_gui_vendor:/opt/ros/jazzy/opt/gz_transport_vendor:/opt/ros/jazzy/opt/gz_rendering_vendor:/opt/ros/jazzy/opt/gz_plugin_vendor:/opt/ros/jazzy/opt/gz_fuel_tools_vendor:/opt/ros/jazzy/opt/gz_msgs_vendor:/opt/ros/jazzy/opt/gz_common_vendor:/opt/ros/jazzy/opt/gz_math_vendor:/opt/ros/jazzy/opt/gz_utils_vendor:/opt/ros/jazzy/opt/gz_tools_vendor:/opt/ros/jazzy/opt/gz_ogre_next_vendor:/opt/ros/jazzy/opt/gz_dartsim_vendor:/opt/ros/jazzy/opt/gz_cmake_vendor:/home/vincent-pc/ros2_jazzy/install/robot_py:/home/vincent-pc/ros2_jazzy/install/my_robot_python:/home/vincent-pc/ros2_jazzy/install/lifecycle_py:/home/vincent-pc/ros2_jazzy/install/executors_py:/home/vincent-pc/ros2_jazzy/install/components_py:/home/vincent-pc/ros2_jazzy/install/actions_py:/opt/ros/jazzy DEBUGINFOD_URLS=https://debuginfod.ubuntu.com PYTHONPATH=/home/vincent-pc/ros2_jazzy/install/my_robot_interfaces/lib/python3.12/site-packages:/home/vincent-pc/ros2_jazzy/install/robot_py/lib/python3.12/site-packages:/home/vincent-pc/ros2_jazzy/install/my_robot_python/lib/python3.12/site-packages:/home/vincent-pc/ros2_jazzy/install/lifecycle_py/lib/python3.12/site-packages:/home/vincent-pc/ros2_jazzy/install/executors_py/lib/python3.12/site-packages:/home/vincent-pc/ros2_jazzy/install/components_py/lib/python3.12/site-packages:/home/vincent-pc/ros2_jazzy/install/actions_py/lib/python3.12/site-packages:/opt/ros/jazzy/lib/python3.12/site-packages /usr/bin/cmake --build /home/vincent-pc/ros2_jazzy/build/robot_cpp -- -j8 -l8
[7.304s] DEBUG:colcon.colcon_core.event_handler.log_command:Invoking command in '/home/vincent-pc/ros2_jazzy/build/robot_cpp': CMAKE_PREFIX_PATH=/home/vincent-pc/ros2_jazzy/install/my_robot_interfaces:/home/vincent-pc/ros2_jazzy/install/robot_cpp:/home/vincent-pc/ros2_jazzy/install/my_robot_cpp:/home/vincent-pc/ros2_jazzy/install/my_robot_bringup:/home/vincent-pc/ros2_jazzy/install/lifecycle_cpp:/home/vincent-pc/ros2_jazzy/install/executors_cpp:/home/vincent-pc/ros2_jazzy/install/components_cpp:/home/vincent-pc/ros2_jazzy/install/actions_cpp:/home/vincent-pc/ros2_jazzy/install/my_robot_description:/opt/ros/jazzy/opt/gz_sim_vendor:/opt/ros/jazzy/opt/gz_sensors_vendor:/opt/ros/jazzy/opt/gz_physics_vendor:/opt/ros/jazzy/opt/sdformat_vendor:/opt/ros/jazzy/opt/gz_gui_vendor:/opt/ros/jazzy/opt/gz_transport_vendor:/opt/ros/jazzy/opt/gz_rendering_vendor:/opt/ros/jazzy/opt/gz_plugin_vendor:/opt/ros/jazzy/opt/gz_fuel_tools_vendor:/opt/ros/jazzy/opt/gz_msgs_vendor:/opt/ros/jazzy/opt/gz_common_vendor:/opt/ros/jazzy/opt/gz_math_vendor:/opt/ros/jazzy/opt/gz_utils_vendor:/opt/ros/jazzy/opt/gz_tools_vendor:/opt/ros/jazzy/opt/gz_ogre_next_vendor:/opt/ros/jazzy/opt/gz_dartsim_vendor:/opt/ros/jazzy/opt/gz_cmake_vendor:/home/vincent-pc/ros2_jazzy/install/robot_py:/home/vincent-pc/ros2_jazzy/install/my_robot_python:/home/vincent-pc/ros2_jazzy/install/lifecycle_py:/home/vincent-pc/ros2_jazzy/install/executors_py:/home/vincent-pc/ros2_jazzy/install/components_py:/home/vincent-pc/ros2_jazzy/install/actions_py:/opt/ros/jazzy DEBUGINFOD_URLS=https://debuginfod.ubuntu.com PYTHONPATH=/home/vincent-pc/ros2_jazzy/install/my_robot_interfaces/lib/python3.12/site-packages:/home/vincent-pc/ros2_jazzy/install/robot_py/lib/python3.12/site-packages:/home/vincent-pc/ros2_jazzy/install/my_robot_python/lib/python3.12/site-packages:/home/vincent-pc/ros2_jazzy/install/lifecycle_py/lib/python3.12/site-packages:/home/vincent-pc/ros2_jazzy/install/executors_py/lib/python3.12/site-packages:/home/vincent-pc/ros2_jazzy/install/components_py/lib/python3.12/site-packages:/home/vincent-pc/ros2_jazzy/install/actions_py/lib/python3.12/site-packages:/opt/ros/jazzy/lib/python3.12/site-packages /usr/bin/cmake --install /home/vincent-pc/ros2_jazzy/build/robot_cpp
[7.438s] Level 1:colcon.colcon_core.environment:create_environment_scripts_only(robot_cpp)
[7.439s] Level 1:colcon.colcon_core.environment:checking '/home/vincent-pc/ros2_jazzy/install/robot_cpp' for CMake module files
[7.441s] Level 1:colcon.colcon_core.environment:checking '/home/vincent-pc/ros2_jazzy/install/robot_cpp' for CMake config files
[7.441s] Level 1:colcon.colcon_core.shell:create_environment_hook('robot_cpp', 'cmake_prefix_path')
[7.451s] DEBUG:colcon.colcon_core.event_handler.log_command:Invoked command in '/home/vincent-pc/ros2_jazzy/build/robot_cpp' returned '0': CMAKE_PREFIX_PATH=/home/vincent-pc/ros2_jazzy/install/my_robot_interfaces:/home/vincent-pc/ros2_jazzy/install/robot_cpp:/home/vincent-pc/ros2_jazzy/install/my_robot_cpp:/home/vincent-pc/ros2_jazzy/install/my_robot_bringup:/home/vincent-pc/ros2_jazzy/install/lifecycle_cpp:/home/vincent-pc/ros2_jazzy/install/executors_cpp:/home/vincent-pc/ros2_jazzy/install/components_cpp:/home/vincent-pc/ros2_jazzy/install/actions_cpp:/home/vincent-pc/ros2_jazzy/install/my_robot_description:/opt/ros/jazzy/opt/gz_sim_vendor:/opt/ros/jazzy/opt/gz_sensors_vendor:/opt/ros/jazzy/opt/gz_physics_vendor:/opt/ros/jazzy/opt/sdformat_vendor:/opt/ros/jazzy/opt/gz_gui_vendor:/opt/ros/jazzy/opt/gz_transport_vendor:/opt/ros/jazzy/opt/gz_rendering_vendor:/opt/ros/jazzy/opt/gz_plugin_vendor:/opt/ros/jazzy/opt/gz_fuel_tools_vendor:/opt/ros/jazzy/opt/gz_msgs_vendor:/opt/ros/jazzy/opt/gz_common_vendor:/opt/ros/jazzy/opt/gz_math_vendor:/opt/ros/jazzy/opt/gz_utils_vendor:/opt/ros/jazzy/opt/gz_tools_vendor:/opt/ros/jazzy/opt/gz_ogre_next_vendor:/opt/ros/jazzy/opt/gz_dartsim_vendor:/opt/ros/jazzy/opt/gz_cmake_vendor:/home/vincent-pc/ros2_jazzy/install/robot_py:/home/vincent-pc/ros2_jazzy/install/my_robot_python:/home/vincent-pc/ros2_jazzy/install/lifecycle_py:/home/vincent-pc/ros2_jazzy/install/executors_py:/home/vincent-pc/ros2_jazzy/install/components_py:/home/vincent-pc/ros2_jazzy/install/actions_py:/opt/ros/jazzy DEBUGINFOD_URLS=https://debuginfod.ubuntu.com PYTHONPATH=/home/vincent-pc/ros2_jazzy/install/my_robot_interfaces/lib/python3.12/site-packages:/home/vincent-pc/ros2_jazzy/install/robot_py/lib/python3.12/site-packages:/home/vincent-pc/ros2_jazzy/install/my_robot_python/lib/python3.12/site-packages:/home/vincent-pc/ros2_jazzy/install/lifecycle_py/lib/python3.12/site-packages:/home/vincent-pc/ros2_jazzy/install/executors_py/lib/python3.12/site-packages:/home/vincent-pc/ros2_jazzy/install/components_py/lib/python3.12/site-packages:/home/vincent-pc/ros2_jazzy/install/actions_py/lib/python3.12/site-packages:/opt/ros/jazzy/lib/python3.12/site-packages /usr/bin/cmake --install /home/vincent-pc/ros2_jazzy/build/robot_cpp
[7.452s] INFO:colcon.colcon_core.shell:Creating environment hook '/home/vincent-pc/ros2_jazzy/install/robot_cpp/share/robot_cpp/hook/cmake_prefix_path.ps1'
[7.457s] INFO:colcon.colcon_core.shell:Creating environment descriptor '/home/vincent-pc/ros2_jazzy/install/robot_cpp/share/robot_cpp/hook/cmake_prefix_path.dsv'
[7.458s] INFO:colcon.colcon_core.shell:Creating environment hook '/home/vincent-pc/ros2_jazzy/install/robot_cpp/share/robot_cpp/hook/cmake_prefix_path.sh'
[7.469s] Level 1:colcon.colcon_core.environment:checking '/home/vincent-pc/ros2_jazzy/install/robot_cpp/lib'
[7.469s] Level 1:colcon.colcon_core.environment:checking '/home/vincent-pc/ros2_jazzy/install/robot_cpp/bin'
[7.469s] Level 1:colcon.colcon_core.environment:checking '/home/vincent-pc/ros2_jazzy/install/robot_cpp/lib/pkgconfig/robot_cpp.pc'
[7.470s] Level 1:colcon.colcon_core.environment:checking '/home/vincent-pc/ros2_jazzy/install/robot_cpp/lib/python3.12/site-packages'
[7.471s] Level 1:colcon.colcon_core.environment:checking '/home/vincent-pc/ros2_jazzy/install/robot_cpp/bin'
[7.471s] INFO:colcon.colcon_core.shell:Creating package script '/home/vincent-pc/ros2_jazzy/install/robot_cpp/share/robot_cpp/package.ps1'
[7.483s] INFO:colcon.colcon_core.shell:Creating package descriptor '/home/vincent-pc/ros2_jazzy/install/robot_cpp/share/robot_cpp/package.dsv'
[7.484s] INFO:colcon.colcon_core.shell:Creating package script '/home/vincent-pc/ros2_jazzy/install/robot_cpp/share/robot_cpp/package.sh'
[7.486s] INFO:colcon.colcon_core.shell:Creating package script '/home/vincent-pc/ros2_jazzy/install/robot_cpp/share/robot_cpp/package.bash'
[7.488s] INFO:colcon.colcon_core.shell:Creating package script '/home/vincent-pc/ros2_jazzy/install/robot_cpp/share/robot_cpp/package.zsh'
[7.490s] Level 1:colcon.colcon_core.environment:create_file_with_runtime_dependencies(/home/vincent-pc/ros2_jazzy/install/robot_cpp/share/colcon-core/packages/robot_cpp)
[7.492s] Level 1:colcon.colcon_core.environment:create_environment_scripts_only(robot_cpp)
[7.492s] Level 1:colcon.colcon_core.environment:checking '/home/vincent-pc/ros2_jazzy/install/robot_cpp' for CMake module files
[7.494s] Level 1:colcon.colcon_core.environment:checking '/home/vincent-pc/ros2_jazzy/install/robot_cpp' for CMake config files
[7.495s] Level 1:colcon.colcon_core.shell:create_environment_hook('robot_cpp', 'cmake_prefix_path')
[7.496s] INFO:colcon.colcon_core.shell:Creating environment hook '/home/vincent-pc/ros2_jazzy/install/robot_cpp/share/robot_cpp/hook/cmake_prefix_path.ps1'
[7.497s] INFO:colcon.colcon_core.shell:Creating environment descriptor '/home/vincent-pc/ros2_jazzy/install/robot_cpp/share/robot_cpp/hook/cmake_prefix_path.dsv'
[7.498s] INFO:colcon.colcon_core.shell:Creating environment hook '/home/vincent-pc/ros2_jazzy/install/robot_cpp/share/robot_cpp/hook/cmake_prefix_path.sh'
[7.500s] Level 1:colcon.colcon_core.environment:checking '/home/vincent-pc/ros2_jazzy/install/robot_cpp/lib'
[7.500s] Level 1:colcon.colcon_core.environment:checking '/home/vincent-pc/ros2_jazzy/install/robot_cpp/bin'
[7.500s] Level 1:colcon.colcon_core.environment:checking '/home/vincent-pc/ros2_jazzy/install/robot_cpp/lib/pkgconfig/robot_cpp.pc'
[7.501s] Level 1:colcon.colcon_core.environment:checking '/home/vincent-pc/ros2_jazzy/install/robot_cpp/lib/python3.12/site-packages'
[7.502s] Level 1:colcon.colcon_core.environment:checking '/home/vincent-pc/ros2_jazzy/install/robot_cpp/bin'
[7.502s] INFO:colcon.colcon_core.shell:Creating package script '/home/vincent-pc/ros2_jazzy/install/robot_cpp/share/robot_cpp/package.ps1'
[7.509s] INFO:colcon.colcon_core.shell:Creating package descriptor '/home/vincent-pc/ros2_jazzy/install/robot_cpp/share/robot_cpp/package.dsv'
[7.513s] INFO:colcon.colcon_core.shell:Creating package script '/home/vincent-pc/ros2_jazzy/install/robot_cpp/share/robot_cpp/package.sh'
[7.514s] INFO:colcon.colcon_core.shell:Creating package script '/home/vincent-pc/ros2_jazzy/install/robot_cpp/share/robot_cpp/package.bash'
[7.519s] INFO:colcon.colcon_core.shell:Creating package script '/home/vincent-pc/ros2_jazzy/install/robot_cpp/share/robot_cpp/package.zsh'
[7.525s] Level 1:colcon.colcon_core.environment:create_file_with_runtime_dependencies(/home/vincent-pc/ros2_jazzy/install/robot_cpp/share/colcon-core/packages/robot_cpp)
[7.764s] Level 1:colcon.colcon_core.environment:checking '/home/vincent-pc/ros2_jazzy/install/robot_py' for CMake module files
[7.766s] Level 1:colcon.colcon_core.environment:checking '/home/vincent-pc/ros2_jazzy/install/robot_py' for CMake config files
[7.776s] DEBUG:colcon.colcon_core.event_handler.log_command:Invoked command in '/home/vincent-pc/ros2_jazzy/src/robot_py' returned '0': DEBUGINFOD_URLS=https://debuginfod.ubuntu.com PYTHONPATH=/home/vincent-pc/ros2_jazzy/build/robot_py/prefix_override:/usr/lib/python3/dist-packages/colcon_core/task/python/colcon_distutils_commands:/home/vincent-pc/ros2_jazzy/install/robot_py/lib/python3.12/site-packages:${PYTHONPATH} /usr/bin/python3 -W ignore:setup.py install is deprecated -W ignore:easy_install command is deprecated setup.py egg_info --egg-base ../../build/robot_py build --build-base /home/vincent-pc/ros2_jazzy/build/robot_py/build install --record /home/vincent-pc/ros2_jazzy/build/robot_py/install.log --single-version-externally-managed install_data
[7.780s] Level 1:colcon.colcon_core.environment:checking '/home/vincent-pc/ros2_jazzy/install/robot_py/lib'
[7.781s] Level 1:colcon.colcon_core.environment:checking '/home/vincent-pc/ros2_jazzy/install/robot_py/bin'
[7.781s] Level 1:colcon.colcon_core.environment:checking '/home/vincent-pc/ros2_jazzy/install/robot_py/lib/pkgconfig/robot_py.pc'
[7.782s] Level 1:colcon.colcon_core.environment:checking '/home/vincent-pc/ros2_jazzy/install/robot_py/lib/python3.12/site-packages'
[7.782s] Level 1:colcon.colcon_core.shell:create_environment_hook('robot_py', 'pythonpath')
[7.785s] INFO:colcon.colcon_core.shell:Creating environment hook '/home/vincent-pc/ros2_jazzy/install/robot_py/share/robot_py/hook/pythonpath.ps1'
[7.791s] INFO:colcon.colcon_core.shell:Creating environment descriptor '/home/vincent-pc/ros2_jazzy/install/robot_py/share/robot_py/hook/pythonpath.dsv'
[7.795s] INFO:colcon.colcon_core.shell:Creating environment hook '/home/vincent-pc/ros2_jazzy/install/robot_py/share/robot_py/hook/pythonpath.sh'
[7.798s] Level 1:colcon.colcon_core.environment:checking '/home/vincent-pc/ros2_jazzy/install/robot_py/bin'
[7.802s] Level 1:colcon.colcon_core.environment:create_environment_scripts_only(robot_py)
[7.802s] INFO:colcon.colcon_core.shell:Creating package script '/home/vincent-pc/ros2_jazzy/install/robot_py/share/robot_py/package.ps1'
[7.805s] INFO:colcon.colcon_core.shell:Creating package descriptor '/home/vincent-pc/ros2_jazzy/install/robot_py/share/robot_py/package.dsv'
[7.812s] INFO:colcon.colcon_core.shell:Creating package script '/home/vincent-pc/ros2_jazzy/install/robot_py/share/robot_py/package.sh'
[7.816s] INFO:colcon.colcon_core.shell:Creating package script '/home/vincent-pc/ros2_jazzy/install/robot_py/share/robot_py/package.bash'
[7.817s] INFO:colcon.colcon_core.shell:Creating package script '/home/vincent-pc/ros2_jazzy/install/robot_py/share/robot_py/package.zsh'
[7.821s] Level 1:colcon.colcon_core.environment:create_file_with_runtime_dependencies(/home/vincent-pc/ros2_jazzy/install/robot_py/share/colcon-core/packages/robot_py)
[8.081s] DEBUG:colcon.colcon_core.event_handler.log_command:Invoking command in '/home/vincent-pc/ros2_jazzy/src/actions_py': CMAKE_PREFIX_PATH=/home/vincent-pc/ros2_jazzy/install/my_robot_interfaces:/home/vincent-pc/ros2_jazzy/install/robot_cpp:/home/vincent-pc/ros2_jazzy/install/my_robot_cpp:/home/vincent-pc/ros2_jazzy/install/my_robot_bringup:/home/vincent-pc/ros2_jazzy/install/lifecycle_cpp:/home/vincent-pc/ros2_jazzy/install/executors_cpp:/home/vincent-pc/ros2_jazzy/install/components_cpp:/home/vincent-pc/ros2_jazzy/install/actions_cpp:/home/vincent-pc/ros2_jazzy/install/my_robot_description:/opt/ros/jazzy/opt/gz_sim_vendor:/opt/ros/jazzy/opt/gz_sensors_vendor:/opt/ros/jazzy/opt/gz_physics_vendor:/opt/ros/jazzy/opt/sdformat_vendor:/opt/ros/jazzy/opt/gz_gui_vendor:/opt/ros/jazzy/opt/gz_transport_vendor:/opt/ros/jazzy/opt/gz_rendering_vendor:/opt/ros/jazzy/opt/gz_plugin_vendor:/opt/ros/jazzy/opt/gz_fuel_tools_vendor:/opt/ros/jazzy/opt/gz_msgs_vendor:/opt/ros/jazzy/opt/gz_common_vendor:/opt/ros/jazzy/opt/gz_math_vendor:/opt/ros/jazzy/opt/gz_utils_vendor:/opt/ros/jazzy/opt/gz_tools_vendor:/opt/ros/jazzy/opt/gz_ogre_next_vendor:/opt/ros/jazzy/opt/gz_dartsim_vendor:/opt/ros/jazzy/opt/gz_cmake_vendor DEBUGINFOD_URLS=https://debuginfod.ubuntu.com PYTHONPATH=/home/vincent-pc/ros2_jazzy/build/actions_py/prefix_override:/usr/lib/python3/dist-packages/colcon_core/task/python/colcon_distutils_commands:/home/vincent-pc/ros2_jazzy/install/actions_py/lib/python3.12/site-packages:/home/vincent-pc/ros2_jazzy/install/my_robot_interfaces/lib/python3.12/site-packages:/home/vincent-pc/ros2_jazzy/install/robot_py/lib/python3.12/site-packages:/home/vincent-pc/ros2_jazzy/install/my_robot_python/lib/python3.12/site-packages:/home/vincent-pc/ros2_jazzy/install/lifecycle_py/lib/python3.12/site-packages:/home/vincent-pc/ros2_jazzy/install/executors_py/lib/python3.12/site-packages:/home/vincent-pc/ros2_jazzy/install/components_py/lib/python3.12/site-packages:/home/vincent-pc/ros2_jazzy/install/actions_py/lib/python3.12/site-packages:/opt/ros/jazzy/lib/python3.12/site-packages /usr/bin/python3 -W ignore:setup.py install is deprecated -W ignore:easy_install command is deprecated setup.py egg_info --egg-base ../../build/actions_py build --build-base /home/vincent-pc/ros2_jazzy/build/actions_py/build install --record /home/vincent-pc/ros2_jazzy/build/actions_py/install.log --single-version-externally-managed install_data
[8.378s] DEBUG:colcon.colcon_core.event_handler.log_command:Invoking command in '/home/vincent-pc/ros2_jazzy/src/components_py': CMAKE_PREFIX_PATH=/home/vincent-pc/ros2_jazzy/install/my_robot_interfaces:/home/vincent-pc/ros2_jazzy/install/robot_cpp:/home/vincent-pc/ros2_jazzy/install/my_robot_cpp:/home/vincent-pc/ros2_jazzy/install/my_robot_bringup:/home/vincent-pc/ros2_jazzy/install/lifecycle_cpp:/home/vincent-pc/ros2_jazzy/install/executors_cpp:/home/vincent-pc/ros2_jazzy/install/components_cpp:/home/vincent-pc/ros2_jazzy/install/actions_cpp:/home/vincent-pc/ros2_jazzy/install/my_robot_description:/opt/ros/jazzy/opt/gz_sim_vendor:/opt/ros/jazzy/opt/gz_sensors_vendor:/opt/ros/jazzy/opt/gz_physics_vendor:/opt/ros/jazzy/opt/sdformat_vendor:/opt/ros/jazzy/opt/gz_gui_vendor:/opt/ros/jazzy/opt/gz_transport_vendor:/opt/ros/jazzy/opt/gz_rendering_vendor:/opt/ros/jazzy/opt/gz_plugin_vendor:/opt/ros/jazzy/opt/gz_fuel_tools_vendor:/opt/ros/jazzy/opt/gz_msgs_vendor:/opt/ros/jazzy/opt/gz_common_vendor:/opt/ros/jazzy/opt/gz_math_vendor:/opt/ros/jazzy/opt/gz_utils_vendor:/opt/ros/jazzy/opt/gz_tools_vendor:/opt/ros/jazzy/opt/gz_ogre_next_vendor:/opt/ros/jazzy/opt/gz_dartsim_vendor:/opt/ros/jazzy/opt/gz_cmake_vendor DEBUGINFOD_URLS=https://debuginfod.ubuntu.com PYTHONPATH=/home/vincent-pc/ros2_jazzy/build/components_py/prefix_override:/usr/lib/python3/dist-packages/colcon_core/task/python/colcon_distutils_commands:/home/vincent-pc/ros2_jazzy/install/components_py/lib/python3.12/site-packages:/home/vincent-pc/ros2_jazzy/install/my_robot_interfaces/lib/python3.12/site-packages:/home/vincent-pc/ros2_jazzy/install/robot_py/lib/python3.12/site-packages:/home/vincent-pc/ros2_jazzy/install/my_robot_python/lib/python3.12/site-packages:/home/vincent-pc/ros2_jazzy/install/lifecycle_py/lib/python3.12/site-packages:/home/vincent-pc/ros2_jazzy/install/executors_py/lib/python3.12/site-packages:/home/vincent-pc/ros2_jazzy/install/components_py/lib/python3.12/site-packages:/home/vincent-pc/ros2_jazzy/install/actions_py/lib/python3.12/site-packages:/opt/ros/jazzy/lib/python3.12/site-packages /usr/bin/python3 -W ignore:setup.py install is deprecated -W ignore:easy_install command is deprecated setup.py egg_info --egg-base ../../build/components_py build --build-base /home/vincent-pc/ros2_jazzy/build/components_py/build install --record /home/vincent-pc/ros2_jazzy/build/components_py/install.log --single-version-externally-managed install_data
[8.456s] Level 1:colcon.colcon_core.environment:checking '/home/vincent-pc/ros2_jazzy/install/my_robot_python' for CMake module files
[8.457s] Level 1:colcon.colcon_core.environment:checking '/home/vincent-pc/ros2_jazzy/install/my_robot_python' for CMake config files
[8.478s] DEBUG:colcon.colcon_core.event_handler.log_command:Invoked command in '/home/vincent-pc/ros2_jazzy/src/my_robot_python' returned '0': DEBUGINFOD_URLS=https://debuginfod.ubuntu.com PYTHONPATH=/home/vincent-pc/ros2_jazzy/build/my_robot_python/prefix_override:/usr/lib/python3/dist-packages/colcon_core/task/python/colcon_distutils_commands:/home/vincent-pc/ros2_jazzy/install/my_robot_python/lib/python3.12/site-packages:${PYTHONPATH} /usr/bin/python3 -W ignore:setup.py install is deprecated -W ignore:easy_install command is deprecated setup.py egg_info --egg-base ../../build/my_robot_python build --build-base /home/vincent-pc/ros2_jazzy/build/my_robot_python/build install --record /home/vincent-pc/ros2_jazzy/build/my_robot_python/install.log --single-version-externally-managed install_data
[8.486s] Level 1:colcon.colcon_core.environment:checking '/home/vincent-pc/ros2_jazzy/install/my_robot_python/lib'
[8.487s] Level 1:colcon.colcon_core.environment:checking '/home/vincent-pc/ros2_jazzy/install/my_robot_python/bin'
[8.487s] Level 1:colcon.colcon_core.environment:checking '/home/vincent-pc/ros2_jazzy/install/my_robot_python/lib/pkgconfig/my_robot_python.pc'
[8.487s] Level 1:colcon.colcon_core.environment:checking '/home/vincent-pc/ros2_jazzy/install/my_robot_python/lib/python3.12/site-packages'
[8.488s] Level 1:colcon.colcon_core.shell:create_environment_hook('my_robot_python', 'pythonpath')
[8.493s] INFO:colcon.colcon_core.shell:Creating environment hook '/home/vincent-pc/ros2_jazzy/install/my_robot_python/share/my_robot_python/hook/pythonpath.ps1'
[8.498s] INFO:colcon.colcon_core.shell:Creating environment descriptor '/home/vincent-pc/ros2_jazzy/install/my_robot_python/share/my_robot_python/hook/pythonpath.dsv'
[8.499s] INFO:colcon.colcon_core.shell:Creating environment hook '/home/vincent-pc/ros2_jazzy/install/my_robot_python/share/my_robot_python/hook/pythonpath.sh'
[8.511s] Level 1:colcon.colcon_core.environment:checking '/home/vincent-pc/ros2_jazzy/install/my_robot_python/bin'
[8.512s] Level 1:colcon.colcon_core.environment:create_environment_scripts_only(my_robot_python)
[8.516s] INFO:colcon.colcon_core.shell:Creating package script '/home/vincent-pc/ros2_jazzy/install/my_robot_python/share/my_robot_python/package.ps1'
[8.523s] INFO:colcon.colcon_core.shell:Creating package descriptor '/home/vincent-pc/ros2_jazzy/install/my_robot_python/share/my_robot_python/package.dsv'
[8.528s] INFO:colcon.colcon_core.shell:Creating package script '/home/vincent-pc/ros2_jazzy/install/my_robot_python/share/my_robot_python/package.sh'
[8.533s] INFO:colcon.colcon_core.shell:Creating package script '/home/vincent-pc/ros2_jazzy/install/my_robot_python/share/my_robot_python/package.bash'
[8.538s] INFO:colcon.colcon_core.shell:Creating package script '/home/vincent-pc/ros2_jazzy/install/my_robot_python/share/my_robot_python/package.zsh'
[8.541s] Level 1:colcon.colcon_core.environment:create_file_with_runtime_dependencies(/home/vincent-pc/ros2_jazzy/install/my_robot_python/share/colcon-core/packages/my_robot_python)
[9.495s] DEBUG:colcon.colcon_core.event_handler.log_command:Invoking command in '/home/vincent-pc/ros2_jazzy/src/executors_py': CMAKE_PREFIX_PATH=/home/vincent-pc/ros2_jazzy/install/my_robot_interfaces:/home/vincent-pc/ros2_jazzy/install/robot_cpp:/home/vincent-pc/ros2_jazzy/install/my_robot_cpp:/home/vincent-pc/ros2_jazzy/install/my_robot_bringup:/home/vincent-pc/ros2_jazzy/install/lifecycle_cpp:/home/vincent-pc/ros2_jazzy/install/executors_cpp:/home/vincent-pc/ros2_jazzy/install/components_cpp:/home/vincent-pc/ros2_jazzy/install/actions_cpp:/home/vincent-pc/ros2_jazzy/install/my_robot_description:/opt/ros/jazzy/opt/gz_sim_vendor:/opt/ros/jazzy/opt/gz_sensors_vendor:/opt/ros/jazzy/opt/gz_physics_vendor:/opt/ros/jazzy/opt/sdformat_vendor:/opt/ros/jazzy/opt/gz_gui_vendor:/opt/ros/jazzy/opt/gz_transport_vendor:/opt/ros/jazzy/opt/gz_rendering_vendor:/opt/ros/jazzy/opt/gz_plugin_vendor:/opt/ros/jazzy/opt/gz_fuel_tools_vendor:/opt/ros/jazzy/opt/gz_msgs_vendor:/opt/ros/jazzy/opt/gz_common_vendor:/opt/ros/jazzy/opt/gz_math_vendor:/opt/ros/jazzy/opt/gz_utils_vendor:/opt/ros/jazzy/opt/gz_tools_vendor:/opt/ros/jazzy/opt/gz_ogre_next_vendor:/opt/ros/jazzy/opt/gz_dartsim_vendor:/opt/ros/jazzy/opt/gz_cmake_vendor DEBUGINFOD_URLS=https://debuginfod.ubuntu.com PYTHONPATH=/home/vincent-pc/ros2_jazzy/build/executors_py/prefix_override:/usr/lib/python3/dist-packages/colcon_core/task/python/colcon_distutils_commands:/home/vincent-pc/ros2_jazzy/install/executors_py/lib/python3.12/site-packages:/home/vincent-pc/ros2_jazzy/install/my_robot_interfaces/lib/python3.12/site-packages:/home/vincent-pc/ros2_jazzy/install/robot_py/lib/python3.12/site-packages:/home/vincent-pc/ros2_jazzy/install/my_robot_python/lib/python3.12/site-packages:/home/vincent-pc/ros2_jazzy/install/lifecycle_py/lib/python3.12/site-packages:/home/vincent-pc/ros2_jazzy/install/executors_py/lib/python3.12/site-packages:/home/vincent-pc/ros2_jazzy/install/components_py/lib/python3.12/site-packages:/home/vincent-pc/ros2_jazzy/install/actions_py/lib/python3.12/site-packages:/opt/ros/jazzy/lib/python3.12/site-packages /usr/bin/python3 -W ignore:setup.py install is deprecated -W ignore:easy_install command is deprecated setup.py egg_info --egg-base ../../build/executors_py build --build-base /home/vincent-pc/ros2_jazzy/build/executors_py/build install --record /home/vincent-pc/ros2_jazzy/build/executors_py/install.log --single-version-externally-managed install_data
[9.893s] Level 1:colcon.colcon_core.environment:checking '/home/vincent-pc/ros2_jazzy/install/lifecycle_py' for CMake module files
[9.894s] DEBUG:colcon.colcon_core.event_handler.log_command:Invoked command in '/home/vincent-pc/ros2_jazzy/src/lifecycle_py' returned '0': CMAKE_PREFIX_PATH=/home/vincent-pc/ros2_jazzy/install/my_robot_interfaces:/home/vincent-pc/ros2_jazzy/install/robot_cpp:/home/vincent-pc/ros2_jazzy/install/my_robot_cpp:/home/vincent-pc/ros2_jazzy/install/my_robot_bringup:/home/vincent-pc/ros2_jazzy/install/lifecycle_cpp:/home/vincent-pc/ros2_jazzy/install/executors_cpp:/home/vincent-pc/ros2_jazzy/install/components_cpp:/home/vincent-pc/ros2_jazzy/install/actions_cpp:/home/vincent-pc/ros2_jazzy/install/my_robot_description:/opt/ros/jazzy/opt/gz_sim_vendor:/opt/ros/jazzy/opt/gz_sensors_vendor:/opt/ros/jazzy/opt/gz_physics_vendor:/opt/ros/jazzy/opt/sdformat_vendor:/opt/ros/jazzy/opt/gz_gui_vendor:/opt/ros/jazzy/opt/gz_transport_vendor:/opt/ros/jazzy/opt/gz_rendering_vendor:/opt/ros/jazzy/opt/gz_plugin_vendor:/opt/ros/jazzy/opt/gz_fuel_tools_vendor:/opt/ros/jazzy/opt/gz_msgs_vendor:/opt/ros/jazzy/opt/gz_common_vendor:/opt/ros/jazzy/opt/gz_math_vendor:/opt/ros/jazzy/opt/gz_utils_vendor:/opt/ros/jazzy/opt/gz_tools_vendor:/opt/ros/jazzy/opt/gz_ogre_next_vendor:/opt/ros/jazzy/opt/gz_dartsim_vendor:/opt/ros/jazzy/opt/gz_cmake_vendor DEBUGINFOD_URLS=https://debuginfod.ubuntu.com PYTHONPATH=/home/vincent-pc/ros2_jazzy/build/lifecycle_py/prefix_override:/usr/lib/python3/dist-packages/colcon_core/task/python/colcon_distutils_commands:/home/vincent-pc/ros2_jazzy/install/lifecycle_py/lib/python3.12/site-packages:/home/vincent-pc/ros2_jazzy/install/my_robot_interfaces/lib/python3.12/site-packages:/home/vincent-pc/ros2_jazzy/install/robot_py/lib/python3.12/site-packages:/home/vincent-pc/ros2_jazzy/install/my_robot_python/lib/python3.12/site-packages:/home/vincent-pc/ros2_jazzy/install/lifecycle_py/lib/python3.12/site-packages:/home/vincent-pc/ros2_jazzy/install/executors_py/lib/python3.12/site-packages:/home/vincent-pc/ros2_jazzy/install/components_py/lib/python3.12/site-packages:/home/vincent-pc/ros2_jazzy/install/actions_py/lib/python3.12/site-packages:/opt/ros/jazzy/lib/python3.12/site-packages /usr/bin/python3 -W ignore:setup.py install is deprecated -W ignore:easy_install command is deprecated setup.py egg_info --egg-base ../../build/lifecycle_py build --build-base /home/vincent-pc/ros2_jazzy/build/lifecycle_py/build install --record /home/vincent-pc/ros2_jazzy/build/lifecycle_py/install.log --single-version-externally-managed install_data
[9.896s] Level 1:colcon.colcon_core.environment:checking '/home/vincent-pc/ros2_jazzy/install/lifecycle_py' for CMake config files
[9.897s] Level 1:colcon.colcon_core.environment:checking '/home/vincent-pc/ros2_jazzy/install/lifecycle_py/lib'
[9.897s] Level 1:colcon.colcon_core.environment:checking '/home/vincent-pc/ros2_jazzy/install/lifecycle_py/bin'
[9.898s] Level 1:colcon.colcon_core.environment:checking '/home/vincent-pc/ros2_jazzy/install/lifecycle_py/lib/pkgconfig/lifecycle_py.pc'
[9.898s] Level 1:colcon.colcon_core.environment:checking '/home/vincent-pc/ros2_jazzy/install/lifecycle_py/lib/python3.12/site-packages'
[9.899s] Level 1:colcon.colcon_core.shell:create_environment_hook('lifecycle_py', 'pythonpath')
[9.900s] INFO:colcon.colcon_core.shell:Creating environment hook '/home/vincent-pc/ros2_jazzy/install/lifecycle_py/share/lifecycle_py/hook/pythonpath.ps1'
[9.901s] INFO:colcon.colcon_core.shell:Creating environment descriptor '/home/vincent-pc/ros2_jazzy/install/lifecycle_py/share/lifecycle_py/hook/pythonpath.dsv'
[9.902s] INFO:colcon.colcon_core.shell:Creating environment hook '/home/vincent-pc/ros2_jazzy/install/lifecycle_py/share/lifecycle_py/hook/pythonpath.sh'
[9.905s] Level 1:colcon.colcon_core.environment:checking '/home/vincent-pc/ros2_jazzy/install/lifecycle_py/bin'
[9.905s] Level 1:colcon.colcon_core.environment:create_environment_scripts_only(lifecycle_py)
[9.906s] INFO:colcon.colcon_core.shell:Creating package script '/home/vincent-pc/ros2_jazzy/install/lifecycle_py/share/lifecycle_py/package.ps1'
[9.907s] INFO:colcon.colcon_core.shell:Creating package descriptor '/home/vincent-pc/ros2_jazzy/install/lifecycle_py/share/lifecycle_py/package.dsv'
[9.909s] INFO:colcon.colcon_core.shell:Creating package script '/home/vincent-pc/ros2_jazzy/install/lifecycle_py/share/lifecycle_py/package.sh'
[9.911s] INFO:colcon.colcon_core.shell:Creating package script '/home/vincent-pc/ros2_jazzy/install/lifecycle_py/share/lifecycle_py/package.bash'
[9.912s] INFO:colcon.colcon_core.shell:Creating package script '/home/vincent-pc/ros2_jazzy/install/lifecycle_py/share/lifecycle_py/package.zsh'
[9.914s] Level 1:colcon.colcon_core.environment:create_file_with_runtime_dependencies(/home/vincent-pc/ros2_jazzy/install/lifecycle_py/share/colcon-core/packages/lifecycle_py)
[9.915s] INFO:colcon.colcon_ros.task.ament_cmake.build:Building ROS package in '/home/vincent-pc/ros2_jazzy/src/my_robot_bringup' with build type 'ament_cmake'
[9.916s] INFO:colcon.colcon_cmake.task.cmake.build:Building CMake package in '/home/vincent-pc/ros2_jazzy/src/my_robot_bringup'
[9.917s] INFO:colcon.colcon_core.shell:Skip shell extension 'powershell' for command environment: Not usable outside of PowerShell
[9.917s] DEBUG:colcon.colcon_core.shell:Skip shell extension 'dsv' for command environment
[9.954s] DEBUG:colcon.colcon_core.event_handler.log_command:Invoking command in '/home/vincent-pc/ros2_jazzy/build/my_robot_bringup': AMENT_PREFIX_PATH=/home/vincent-pc/ros2_jazzy/install/lifecycle_py:/home/vincent-pc/ros2_jazzy/install/robot_py:/home/vincent-pc/ros2_jazzy/install/robot_cpp:/home/vincent-pc/ros2_jazzy/install/my_robot_python:/home/vincent-pc/ros2_jazzy/install/my_robot_cpp:/home/vincent-pc/ros2_jazzy/install/my_robot_bringup:/home/vincent-pc/ros2_jazzy/install/lifecycle_cpp:/home/vincent-pc/ros2_jazzy/install/executors_py:/home/vincent-pc/ros2_jazzy/install/executors_cpp:/home/vincent-pc/ros2_jazzy/install/components_py:/home/vincent-pc/ros2_jazzy/install/components_cpp:/home/vincent-pc/ros2_jazzy/install/actions_py:/home/vincent-pc/ros2_jazzy/install/actions_cpp:/home/vincent-pc/ros2_jazzy/install/my_robot_interfaces:/home/vincent-pc/ros2_jazzy/install/my_robot_description:/opt/ros/jazzy CMAKE_PREFIX_PATH=/home/vincent-pc/ros2_jazzy/install/lifecycle_cpp:/home/vincent-pc/ros2_jazzy/install/my_robot_interfaces:/home/vincent-pc/ros2_jazzy/install/robot_cpp:/home/vincent-pc/ros2_jazzy/install/my_robot_cpp:/home/vincent-pc/ros2_jazzy/install/my_robot_bringup:/home/vincent-pc/ros2_jazzy/install/executors_cpp:/home/vincent-pc/ros2_jazzy/install/components_cpp:/home/vincent-pc/ros2_jazzy/install/actions_cpp:/home/vincent-pc/ros2_jazzy/install/my_robot_description:/opt/ros/jazzy/opt/gz_sim_vendor:/opt/ros/jazzy/opt/gz_sensors_vendor:/opt/ros/jazzy/opt/gz_physics_vendor:/opt/ros/jazzy/opt/sdformat_vendor:/opt/ros/jazzy/opt/gz_gui_vendor:/opt/ros/jazzy/opt/gz_transport_vendor:/opt/ros/jazzy/opt/gz_rendering_vendor:/opt/ros/jazzy/opt/gz_plugin_vendor:/opt/ros/jazzy/opt/gz_fuel_tools_vendor:/opt/ros/jazzy/opt/gz_msgs_vendor:/opt/ros/jazzy/opt/gz_common_vendor:/opt/ros/jazzy/opt/gz_math_vendor:/opt/ros/jazzy/opt/gz_utils_vendor:/opt/ros/jazzy/opt/gz_tools_vendor:/opt/ros/jazzy/opt/gz_ogre_next_vendor:/opt/ros/jazzy/opt/gz_dartsim_vendor:/opt/ros/jazzy/opt/gz_cmake_vendor:/home/vincent-pc/ros2_jazzy/install/robot_py:/home/vincent-pc/ros2_jazzy/install/my_robot_python:/home/vincent-pc/ros2_jazzy/install/lifecycle_py:/home/vincent-pc/ros2_jazzy/install/executors_py:/home/vincent-pc/ros2_jazzy/install/components_py:/home/vincent-pc/ros2_jazzy/install/actions_py:/opt/ros/jazzy DEBUGINFOD_URLS=https://debuginfod.ubuntu.com PYTHONPATH=/home/vincent-pc/ros2_jazzy/install/lifecycle_py/lib/python3.12/site-packages:/home/vincent-pc/ros2_jazzy/install/my_robot_interfaces/lib/python3.12/site-packages:/home/vincent-pc/ros2_jazzy/install/robot_py/lib/python3.12/site-packages:/home/vincent-pc/ros2_jazzy/install/my_robot_python/lib/python3.12/site-packages:/home/vincent-pc/ros2_jazzy/install/executors_py/lib/python3.12/site-packages:/home/vincent-pc/ros2_jazzy/install/components_py/lib/python3.12/site-packages:/home/vincent-pc/ros2_jazzy/install/actions_py/lib/python3.12/site-packages:/opt/ros/jazzy/lib/python3.12/site-packages /usr/bin/cmake --build /home/vincent-pc/ros2_jazzy/build/my_robot_bringup -- -j8 -l8
[10.045s] DEBUG:colcon.colcon_core.event_handler.log_command:Invoked command in '/home/vincent-pc/ros2_jazzy/build/my_robot_bringup' returned '0': AMENT_PREFIX_PATH=/home/vincent-pc/ros2_jazzy/install/lifecycle_py:/home/vincent-pc/ros2_jazzy/install/robot_py:/home/vincent-pc/ros2_jazzy/install/robot_cpp:/home/vincent-pc/ros2_jazzy/install/my_robot_python:/home/vincent-pc/ros2_jazzy/install/my_robot_cpp:/home/vincent-pc/ros2_jazzy/install/my_robot_bringup:/home/vincent-pc/ros2_jazzy/install/lifecycle_cpp:/home/vincent-pc/ros2_jazzy/install/executors_py:/home/vincent-pc/ros2_jazzy/install/executors_cpp:/home/vincent-pc/ros2_jazzy/install/components_py:/home/vincent-pc/ros2_jazzy/install/components_cpp:/home/vincent-pc/ros2_jazzy/install/actions_py:/home/vincent-pc/ros2_jazzy/install/actions_cpp:/home/vincent-pc/ros2_jazzy/install/my_robot_interfaces:/home/vincent-pc/ros2_jazzy/install/my_robot_description:/opt/ros/jazzy CMAKE_PREFIX_PATH=/home/vincent-pc/ros2_jazzy/install/lifecycle_cpp:/home/vincent-pc/ros2_jazzy/install/my_robot_interfaces:/home/vincent-pc/ros2_jazzy/install/robot_cpp:/home/vincent-pc/ros2_jazzy/install/my_robot_cpp:/home/vincent-pc/ros2_jazzy/install/my_robot_bringup:/home/vincent-pc/ros2_jazzy/install/executors_cpp:/home/vincent-pc/ros2_jazzy/install/components_cpp:/home/vincent-pc/ros2_jazzy/install/actions_cpp:/home/vincent-pc/ros2_jazzy/install/my_robot_description:/opt/ros/jazzy/opt/gz_sim_vendor:/opt/ros/jazzy/opt/gz_sensors_vendor:/opt/ros/jazzy/opt/gz_physics_vendor:/opt/ros/jazzy/opt/sdformat_vendor:/opt/ros/jazzy/opt/gz_gui_vendor:/opt/ros/jazzy/opt/gz_transport_vendor:/opt/ros/jazzy/opt/gz_rendering_vendor:/opt/ros/jazzy/opt/gz_plugin_vendor:/opt/ros/jazzy/opt/gz_fuel_tools_vendor:/opt/ros/jazzy/opt/gz_msgs_vendor:/opt/ros/jazzy/opt/gz_common_vendor:/opt/ros/jazzy/opt/gz_math_vendor:/opt/ros/jazzy/opt/gz_utils_vendor:/opt/ros/jazzy/opt/gz_tools_vendor:/opt/ros/jazzy/opt/gz_ogre_next_vendor:/opt/ros/jazzy/opt/gz_dartsim_vendor:/opt/ros/jazzy/opt/gz_cmake_vendor:/home/vincent-pc/ros2_jazzy/install/robot_py:/home/vincent-pc/ros2_jazzy/install/my_robot_python:/home/vincent-pc/ros2_jazzy/install/lifecycle_py:/home/vincent-pc/ros2_jazzy/install/executors_py:/home/vincent-pc/ros2_jazzy/install/components_py:/home/vincent-pc/ros2_jazzy/install/actions_py:/opt/ros/jazzy DEBUGINFOD_URLS=https://debuginfod.ubuntu.com PYTHONPATH=/home/vincent-pc/ros2_jazzy/install/lifecycle_py/lib/python3.12/site-packages:/home/vincent-pc/ros2_jazzy/install/my_robot_interfaces/lib/python3.12/site-packages:/home/vincent-pc/ros2_jazzy/install/robot_py/lib/python3.12/site-packages:/home/vincent-pc/ros2_jazzy/install/my_robot_python/lib/python3.12/site-packages:/home/vincent-pc/ros2_jazzy/install/executors_py/lib/python3.12/site-packages:/home/vincent-pc/ros2_jazzy/install/components_py/lib/python3.12/site-packages:/home/vincent-pc/ros2_jazzy/install/actions_py/lib/python3.12/site-packages:/opt/ros/jazzy/lib/python3.12/site-packages /usr/bin/cmake --build /home/vincent-pc/ros2_jazzy/build/my_robot_bringup -- -j8 -l8
[10.048s] DEBUG:colcon.colcon_core.event_handler.log_command:Invoking command in '/home/vincent-pc/ros2_jazzy/build/my_robot_bringup': AMENT_PREFIX_PATH=/home/vincent-pc/ros2_jazzy/install/lifecycle_py:/home/vincent-pc/ros2_jazzy/install/robot_py:/home/vincent-pc/ros2_jazzy/install/robot_cpp:/home/vincent-pc/ros2_jazzy/install/my_robot_python:/home/vincent-pc/ros2_jazzy/install/my_robot_cpp:/home/vincent-pc/ros2_jazzy/install/my_robot_bringup:/home/vincent-pc/ros2_jazzy/install/lifecycle_cpp:/home/vincent-pc/ros2_jazzy/install/executors_py:/home/vincent-pc/ros2_jazzy/install/executors_cpp:/home/vincent-pc/ros2_jazzy/install/components_py:/home/vincent-pc/ros2_jazzy/install/components_cpp:/home/vincent-pc/ros2_jazzy/install/actions_py:/home/vincent-pc/ros2_jazzy/install/actions_cpp:/home/vincent-pc/ros2_jazzy/install/my_robot_interfaces:/home/vincent-pc/ros2_jazzy/install/my_robot_description:/opt/ros/jazzy CMAKE_PREFIX_PATH=/home/vincent-pc/ros2_jazzy/install/lifecycle_cpp:/home/vincent-pc/ros2_jazzy/install/my_robot_interfaces:/home/vincent-pc/ros2_jazzy/install/robot_cpp:/home/vincent-pc/ros2_jazzy/install/my_robot_cpp:/home/vincent-pc/ros2_jazzy/install/my_robot_bringup:/home/vincent-pc/ros2_jazzy/install/executors_cpp:/home/vincent-pc/ros2_jazzy/install/components_cpp:/home/vincent-pc/ros2_jazzy/install/actions_cpp:/home/vincent-pc/ros2_jazzy/install/my_robot_description:/opt/ros/jazzy/opt/gz_sim_vendor:/opt/ros/jazzy/opt/gz_sensors_vendor:/opt/ros/jazzy/opt/gz_physics_vendor:/opt/ros/jazzy/opt/sdformat_vendor:/opt/ros/jazzy/opt/gz_gui_vendor:/opt/ros/jazzy/opt/gz_transport_vendor:/opt/ros/jazzy/opt/gz_rendering_vendor:/opt/ros/jazzy/opt/gz_plugin_vendor:/opt/ros/jazzy/opt/gz_fuel_tools_vendor:/opt/ros/jazzy/opt/gz_msgs_vendor:/opt/ros/jazzy/opt/gz_common_vendor:/opt/ros/jazzy/opt/gz_math_vendor:/opt/ros/jazzy/opt/gz_utils_vendor:/opt/ros/jazzy/opt/gz_tools_vendor:/opt/ros/jazzy/opt/gz_ogre_next_vendor:/opt/ros/jazzy/opt/gz_dartsim_vendor:/opt/ros/jazzy/opt/gz_cmake_vendor:/home/vincent-pc/ros2_jazzy/install/robot_py:/home/vincent-pc/ros2_jazzy/install/my_robot_python:/home/vincent-pc/ros2_jazzy/install/lifecycle_py:/home/vincent-pc/ros2_jazzy/install/executors_py:/home/vincent-pc/ros2_jazzy/install/components_py:/home/vincent-pc/ros2_jazzy/install/actions_py:/opt/ros/jazzy DEBUGINFOD_URLS=https://debuginfod.ubuntu.com PYTHONPATH=/home/vincent-pc/ros2_jazzy/install/lifecycle_py/lib/python3.12/site-packages:/home/vincent-pc/ros2_jazzy/install/my_robot_interfaces/lib/python3.12/site-packages:/home/vincent-pc/ros2_jazzy/install/robot_py/lib/python3.12/site-packages:/home/vincent-pc/ros2_jazzy/install/my_robot_python/lib/python3.12/site-packages:/home/vincent-pc/ros2_jazzy/install/executors_py/lib/python3.12/site-packages:/home/vincent-pc/ros2_jazzy/install/components_py/lib/python3.12/site-packages:/home/vincent-pc/ros2_jazzy/install/actions_py/lib/python3.12/site-packages:/opt/ros/jazzy/lib/python3.12/site-packages /usr/bin/cmake --install /home/vincent-pc/ros2_jazzy/build/my_robot_bringup
[10.116s] Level 1:colcon.colcon_core.environment:create_environment_scripts_only(my_robot_bringup)
[10.116s] Level 1:colcon.colcon_core.environment:checking '/home/vincent-pc/ros2_jazzy/install/my_robot_bringup' for CMake module files
[10.117s] DEBUG:colcon.colcon_core.event_handler.log_command:Invoked command in '/home/vincent-pc/ros2_jazzy/build/my_robot_bringup' returned '0': AMENT_PREFIX_PATH=/home/vincent-pc/ros2_jazzy/install/lifecycle_py:/home/vincent-pc/ros2_jazzy/install/robot_py:/home/vincent-pc/ros2_jazzy/install/robot_cpp:/home/vincent-pc/ros2_jazzy/install/my_robot_python:/home/vincent-pc/ros2_jazzy/install/my_robot_cpp:/home/vincent-pc/ros2_jazzy/install/my_robot_bringup:/home/vincent-pc/ros2_jazzy/install/lifecycle_cpp:/home/vincent-pc/ros2_jazzy/install/executors_py:/home/vincent-pc/ros2_jazzy/install/executors_cpp:/home/vincent-pc/ros2_jazzy/install/components_py:/home/vincent-pc/ros2_jazzy/install/components_cpp:/home/vincent-pc/ros2_jazzy/install/actions_py:/home/vincent-pc/ros2_jazzy/install/actions_cpp:/home/vincent-pc/ros2_jazzy/install/my_robot_interfaces:/home/vincent-pc/ros2_jazzy/install/my_robot_description:/opt/ros/jazzy CMAKE_PREFIX_PATH=/home/vincent-pc/ros2_jazzy/install/lifecycle_cpp:/home/vincent-pc/ros2_jazzy/install/my_robot_interfaces:/home/vincent-pc/ros2_jazzy/install/robot_cpp:/home/vincent-pc/ros2_jazzy/install/my_robot_cpp:/home/vincent-pc/ros2_jazzy/install/my_robot_bringup:/home/vincent-pc/ros2_jazzy/install/executors_cpp:/home/vincent-pc/ros2_jazzy/install/components_cpp:/home/vincent-pc/ros2_jazzy/install/actions_cpp:/home/vincent-pc/ros2_jazzy/install/my_robot_description:/opt/ros/jazzy/opt/gz_sim_vendor:/opt/ros/jazzy/opt/gz_sensors_vendor:/opt/ros/jazzy/opt/gz_physics_vendor:/opt/ros/jazzy/opt/sdformat_vendor:/opt/ros/jazzy/opt/gz_gui_vendor:/opt/ros/jazzy/opt/gz_transport_vendor:/opt/ros/jazzy/opt/gz_rendering_vendor:/opt/ros/jazzy/opt/gz_plugin_vendor:/opt/ros/jazzy/opt/gz_fuel_tools_vendor:/opt/ros/jazzy/opt/gz_msgs_vendor:/opt/ros/jazzy/opt/gz_common_vendor:/opt/ros/jazzy/opt/gz_math_vendor:/opt/ros/jazzy/opt/gz_utils_vendor:/opt/ros/jazzy/opt/gz_tools_vendor:/opt/ros/jazzy/opt/gz_ogre_next_vendor:/opt/ros/jazzy/opt/gz_dartsim_vendor:/opt/ros/jazzy/opt/gz_cmake_vendor:/home/vincent-pc/ros2_jazzy/install/robot_py:/home/vincent-pc/ros2_jazzy/install/my_robot_python:/home/vincent-pc/ros2_jazzy/install/lifecycle_py:/home/vincent-pc/ros2_jazzy/install/executors_py:/home/vincent-pc/ros2_jazzy/install/components_py:/home/vincent-pc/ros2_jazzy/install/actions_py:/opt/ros/jazzy DEBUGINFOD_URLS=https://debuginfod.ubuntu.com PYTHONPATH=/home/vincent-pc/ros2_jazzy/install/lifecycle_py/lib/python3.12/site-packages:/home/vincent-pc/ros2_jazzy/install/my_robot_interfaces/lib/python3.12/site-packages:/home/vincent-pc/ros2_jazzy/install/robot_py/lib/python3.12/site-packages:/home/vincent-pc/ros2_jazzy/install/my_robot_python/lib/python3.12/site-packages:/home/vincent-pc/ros2_jazzy/install/executors_py/lib/python3.12/site-packages:/home/vincent-pc/ros2_jazzy/install/components_py/lib/python3.12/site-packages:/home/vincent-pc/ros2_jazzy/install/actions_py/lib/python3.12/site-packages:/opt/ros/jazzy/lib/python3.12/site-packages /usr/bin/cmake --install /home/vincent-pc/ros2_jazzy/build/my_robot_bringup
[10.118s] Level 1:colcon.colcon_core.environment:checking '/home/vincent-pc/ros2_jazzy/install/my_robot_bringup' for CMake config files
[10.119s] Level 1:colcon.colcon_core.shell:create_environment_hook('my_robot_bringup', 'cmake_prefix_path')
[10.120s] INFO:colcon.colcon_core.shell:Creating environment hook '/home/vincent-pc/ros2_jazzy/install/my_robot_bringup/share/my_robot_bringup/hook/cmake_prefix_path.ps1'
[10.121s] INFO:colcon.colcon_core.shell:Creating environment descriptor '/home/vincent-pc/ros2_jazzy/install/my_robot_bringup/share/my_robot_bringup/hook/cmake_prefix_path.dsv'
[10.122s] INFO:colcon.colcon_core.shell:Creating environment hook '/home/vincent-pc/ros2_jazzy/install/my_robot_bringup/share/my_robot_bringup/hook/cmake_prefix_path.sh'
[10.124s] Level 1:colcon.colcon_core.environment:checking '/home/vincent-pc/ros2_jazzy/install/my_robot_bringup/bin'
[10.124s] Level 1:colcon.colcon_core.environment:checking '/home/vincent-pc/ros2_jazzy/install/my_robot_bringup/lib/pkgconfig/my_robot_bringup.pc'
[10.124s] Level 1:colcon.colcon_core.environment:checking '/home/vincent-pc/ros2_jazzy/install/my_robot_bringup/lib/python3.12/site-packages'
[10.126s] Level 1:colcon.colcon_core.environment:checking '/home/vincent-pc/ros2_jazzy/install/my_robot_bringup/bin'
[10.127s] INFO:colcon.colcon_core.shell:Creating package script '/home/vincent-pc/ros2_jazzy/install/my_robot_bringup/share/my_robot_bringup/package.ps1'
[10.129s] INFO:colcon.colcon_core.shell:Creating package descriptor '/home/vincent-pc/ros2_jazzy/install/my_robot_bringup/share/my_robot_bringup/package.dsv'
[10.130s] INFO:colcon.colcon_core.shell:Creating package script '/home/vincent-pc/ros2_jazzy/install/my_robot_bringup/share/my_robot_bringup/package.sh'
[10.156s] INFO:colcon.colcon_core.shell:Creating package script '/home/vincent-pc/ros2_jazzy/install/my_robot_bringup/share/my_robot_bringup/package.bash'
[10.157s] INFO:colcon.colcon_core.shell:Creating package script '/home/vincent-pc/ros2_jazzy/install/my_robot_bringup/share/my_robot_bringup/package.zsh'
[10.158s] Level 1:colcon.colcon_core.environment:create_file_with_runtime_dependencies(/home/vincent-pc/ros2_jazzy/install/my_robot_bringup/share/colcon-core/packages/my_robot_bringup)
[10.160s] Level 1:colcon.colcon_core.environment:create_environment_scripts_only(my_robot_bringup)
[10.160s] Level 1:colcon.colcon_core.environment:checking '/home/vincent-pc/ros2_jazzy/install/my_robot_bringup' for CMake module files
[10.162s] Level 1:colcon.colcon_core.environment:checking '/home/vincent-pc/ros2_jazzy/install/my_robot_bringup' for CMake config files
[10.163s] Level 1:colcon.colcon_core.shell:create_environment_hook('my_robot_bringup', 'cmake_prefix_path')
[10.164s] INFO:colcon.colcon_core.shell:Creating environment hook '/home/vincent-pc/ros2_jazzy/install/my_robot_bringup/share/my_robot_bringup/hook/cmake_prefix_path.ps1'
[10.166s] INFO:colcon.colcon_core.shell:Creating environment descriptor '/home/vincent-pc/ros2_jazzy/install/my_robot_bringup/share/my_robot_bringup/hook/cmake_prefix_path.dsv'
[10.168s] INFO:colcon.colcon_core.shell:Creating environment hook '/home/vincent-pc/ros2_jazzy/install/my_robot_bringup/share/my_robot_bringup/hook/cmake_prefix_path.sh'
[10.169s] Level 1:colcon.colcon_core.environment:checking '/home/vincent-pc/ros2_jazzy/install/my_robot_bringup/bin'
[10.169s] Level 1:colcon.colcon_core.environment:checking '/home/vincent-pc/ros2_jazzy/install/my_robot_bringup/lib/pkgconfig/my_robot_bringup.pc'
[10.170s] Level 1:colcon.colcon_core.environment:checking '/home/vincent-pc/ros2_jazzy/install/my_robot_bringup/lib/python3.12/site-packages'
[10.170s] Level 1:colcon.colcon_core.environment:checking '/home/vincent-pc/ros2_jazzy/install/my_robot_bringup/bin'
[10.171s] INFO:colcon.colcon_core.shell:Creating package script '/home/vincent-pc/ros2_jazzy/install/my_robot_bringup/share/my_robot_bringup/package.ps1'
[10.172s] INFO:colcon.colcon_core.shell:Creating package descriptor '/home/vincent-pc/ros2_jazzy/install/my_robot_bringup/share/my_robot_bringup/package.dsv'
[10.174s] INFO:colcon.colcon_core.shell:Creating package script '/home/vincent-pc/ros2_jazzy/install/my_robot_bringup/share/my_robot_bringup/package.sh'
[10.175s] INFO:colcon.colcon_core.shell:Creating package script '/home/vincent-pc/ros2_jazzy/install/my_robot_bringup/share/my_robot_bringup/package.bash'
[10.177s] INFO:colcon.colcon_core.shell:Creating package script '/home/vincent-pc/ros2_jazzy/install/my_robot_bringup/share/my_robot_bringup/package.zsh'
[10.178s] Level 1:colcon.colcon_core.environment:create_file_with_runtime_dependencies(/home/vincent-pc/ros2_jazzy/install/my_robot_bringup/share/colcon-core/packages/my_robot_bringup)
[10.352s] Level 1:colcon.colcon_core.environment:checking '/home/vincent-pc/ros2_jazzy/install/components_py' for CMake module files
[10.353s] DEBUG:colcon.colcon_core.event_handler.log_command:Invoked command in '/home/vincent-pc/ros2_jazzy/src/components_py' returned '0': CMAKE_PREFIX_PATH=/home/vincent-pc/ros2_jazzy/install/my_robot_interfaces:/home/vincent-pc/ros2_jazzy/install/robot_cpp:/home/vincent-pc/ros2_jazzy/install/my_robot_cpp:/home/vincent-pc/ros2_jazzy/install/my_robot_bringup:/home/vincent-pc/ros2_jazzy/install/lifecycle_cpp:/home/vincent-pc/ros2_jazzy/install/executors_cpp:/home/vincent-pc/ros2_jazzy/install/components_cpp:/home/vincent-pc/ros2_jazzy/install/actions_cpp:/home/vincent-pc/ros2_jazzy/install/my_robot_description:/opt/ros/jazzy/opt/gz_sim_vendor:/opt/ros/jazzy/opt/gz_sensors_vendor:/opt/ros/jazzy/opt/gz_physics_vendor:/opt/ros/jazzy/opt/sdformat_vendor:/opt/ros/jazzy/opt/gz_gui_vendor:/opt/ros/jazzy/opt/gz_transport_vendor:/opt/ros/jazzy/opt/gz_rendering_vendor:/opt/ros/jazzy/opt/gz_plugin_vendor:/opt/ros/jazzy/opt/gz_fuel_tools_vendor:/opt/ros/jazzy/opt/gz_msgs_vendor:/opt/ros/jazzy/opt/gz_common_vendor:/opt/ros/jazzy/opt/gz_math_vendor:/opt/ros/jazzy/opt/gz_utils_vendor:/opt/ros/jazzy/opt/gz_tools_vendor:/opt/ros/jazzy/opt/gz_ogre_next_vendor:/opt/ros/jazzy/opt/gz_dartsim_vendor:/opt/ros/jazzy/opt/gz_cmake_vendor DEBUGINFOD_URLS=https://debuginfod.ubuntu.com PYTHONPATH=/home/vincent-pc/ros2_jazzy/build/components_py/prefix_override:/usr/lib/python3/dist-packages/colcon_core/task/python/colcon_distutils_commands:/home/vincent-pc/ros2_jazzy/install/components_py/lib/python3.12/site-packages:/home/vincent-pc/ros2_jazzy/install/my_robot_interfaces/lib/python3.12/site-packages:/home/vincent-pc/ros2_jazzy/install/robot_py/lib/python3.12/site-packages:/home/vincent-pc/ros2_jazzy/install/my_robot_python/lib/python3.12/site-packages:/home/vincent-pc/ros2_jazzy/install/lifecycle_py/lib/python3.12/site-packages:/home/vincent-pc/ros2_jazzy/install/executors_py/lib/python3.12/site-packages:/home/vincent-pc/ros2_jazzy/install/components_py/lib/python3.12/site-packages:/home/vincent-pc/ros2_jazzy/install/actions_py/lib/python3.12/site-packages:/opt/ros/jazzy/lib/python3.12/site-packages /usr/bin/python3 -W ignore:setup.py install is deprecated -W ignore:easy_install command is deprecated setup.py egg_info --egg-base ../../build/components_py build --build-base /home/vincent-pc/ros2_jazzy/build/components_py/build install --record /home/vincent-pc/ros2_jazzy/build/components_py/install.log --single-version-externally-managed install_data
[10.354s] Level 1:colcon.colcon_core.environment:checking '/home/vincent-pc/ros2_jazzy/install/components_py' for CMake config files
[10.356s] Level 1:colcon.colcon_core.environment:checking '/home/vincent-pc/ros2_jazzy/install/components_py/lib'
[10.356s] Level 1:colcon.colcon_core.environment:checking '/home/vincent-pc/ros2_jazzy/install/components_py/bin'
[10.356s] Level 1:colcon.colcon_core.environment:checking '/home/vincent-pc/ros2_jazzy/install/components_py/lib/pkgconfig/components_py.pc'
[10.357s] Level 1:colcon.colcon_core.environment:checking '/home/vincent-pc/ros2_jazzy/install/components_py/lib/python3.12/site-packages'
[10.357s] Level 1:colcon.colcon_core.shell:create_environment_hook('components_py', 'pythonpath')
[10.359s] INFO:colcon.colcon_core.shell:Creating environment hook '/home/vincent-pc/ros2_jazzy/install/components_py/share/components_py/hook/pythonpath.ps1'
[10.361s] INFO:colcon.colcon_core.shell:Creating environment descriptor '/home/vincent-pc/ros2_jazzy/install/components_py/share/components_py/hook/pythonpath.dsv'
[10.362s] INFO:colcon.colcon_core.shell:Creating environment hook '/home/vincent-pc/ros2_jazzy/install/components_py/share/components_py/hook/pythonpath.sh'
[10.364s] Level 1:colcon.colcon_core.environment:checking '/home/vincent-pc/ros2_jazzy/install/components_py/bin'
[10.364s] Level 1:colcon.colcon_core.environment:create_environment_scripts_only(components_py)
[10.364s] INFO:colcon.colcon_core.shell:Creating package script '/home/vincent-pc/ros2_jazzy/install/components_py/share/components_py/package.ps1'
[10.366s] INFO:colcon.colcon_core.shell:Creating package descriptor '/home/vincent-pc/ros2_jazzy/install/components_py/share/components_py/package.dsv'
[10.367s] INFO:colcon.colcon_core.shell:Creating package script '/home/vincent-pc/ros2_jazzy/install/components_py/share/components_py/package.sh'
[10.369s] INFO:colcon.colcon_core.shell:Creating package script '/home/vincent-pc/ros2_jazzy/install/components_py/share/components_py/package.bash'
[10.370s] INFO:colcon.colcon_core.shell:Creating package script '/home/vincent-pc/ros2_jazzy/install/components_py/share/components_py/package.zsh'
[10.370s] Level 1:colcon.colcon_core.environment:create_file_with_runtime_dependencies(/home/vincent-pc/ros2_jazzy/install/components_py/share/colcon-core/packages/components_py)
[10.436s] Level 1:colcon.colcon_core.environment:checking '/home/vincent-pc/ros2_jazzy/install/actions_py' for CMake module files
[10.437s] DEBUG:colcon.colcon_core.event_handler.log_command:Invoked command in '/home/vincent-pc/ros2_jazzy/src/actions_py' returned '0': CMAKE_PREFIX_PATH=/home/vincent-pc/ros2_jazzy/install/my_robot_interfaces:/home/vincent-pc/ros2_jazzy/install/robot_cpp:/home/vincent-pc/ros2_jazzy/install/my_robot_cpp:/home/vincent-pc/ros2_jazzy/install/my_robot_bringup:/home/vincent-pc/ros2_jazzy/install/lifecycle_cpp:/home/vincent-pc/ros2_jazzy/install/executors_cpp:/home/vincent-pc/ros2_jazzy/install/components_cpp:/home/vincent-pc/ros2_jazzy/install/actions_cpp:/home/vincent-pc/ros2_jazzy/install/my_robot_description:/opt/ros/jazzy/opt/gz_sim_vendor:/opt/ros/jazzy/opt/gz_sensors_vendor:/opt/ros/jazzy/opt/gz_physics_vendor:/opt/ros/jazzy/opt/sdformat_vendor:/opt/ros/jazzy/opt/gz_gui_vendor:/opt/ros/jazzy/opt/gz_transport_vendor:/opt/ros/jazzy/opt/gz_rendering_vendor:/opt/ros/jazzy/opt/gz_plugin_vendor:/opt/ros/jazzy/opt/gz_fuel_tools_vendor:/opt/ros/jazzy/opt/gz_msgs_vendor:/opt/ros/jazzy/opt/gz_common_vendor:/opt/ros/jazzy/opt/gz_math_vendor:/opt/ros/jazzy/opt/gz_utils_vendor:/opt/ros/jazzy/opt/gz_tools_vendor:/opt/ros/jazzy/opt/gz_ogre_next_vendor:/opt/ros/jazzy/opt/gz_dartsim_vendor:/opt/ros/jazzy/opt/gz_cmake_vendor DEBUGINFOD_URLS=https://debuginfod.ubuntu.com PYTHONPATH=/home/vincent-pc/ros2_jazzy/build/actions_py/prefix_override:/usr/lib/python3/dist-packages/colcon_core/task/python/colcon_distutils_commands:/home/vincent-pc/ros2_jazzy/install/actions_py/lib/python3.12/site-packages:/home/vincent-pc/ros2_jazzy/install/my_robot_interfaces/lib/python3.12/site-packages:/home/vincent-pc/ros2_jazzy/install/robot_py/lib/python3.12/site-packages:/home/vincent-pc/ros2_jazzy/install/my_robot_python/lib/python3.12/site-packages:/home/vincent-pc/ros2_jazzy/install/lifecycle_py/lib/python3.12/site-packages:/home/vincent-pc/ros2_jazzy/install/executors_py/lib/python3.12/site-packages:/home/vincent-pc/ros2_jazzy/install/components_py/lib/python3.12/site-packages:/home/vincent-pc/ros2_jazzy/install/actions_py/lib/python3.12/site-packages:/opt/ros/jazzy/lib/python3.12/site-packages /usr/bin/python3 -W ignore:setup.py install is deprecated -W ignore:easy_install command is deprecated setup.py egg_info --egg-base ../../build/actions_py build --build-base /home/vincent-pc/ros2_jazzy/build/actions_py/build install --record /home/vincent-pc/ros2_jazzy/build/actions_py/install.log --single-version-externally-managed install_data
[10.437s] Level 1:colcon.colcon_core.environment:checking '/home/vincent-pc/ros2_jazzy/install/actions_py' for CMake config files
[10.438s] Level 1:colcon.colcon_core.environment:checking '/home/vincent-pc/ros2_jazzy/install/actions_py/lib'
[10.439s] Level 1:colcon.colcon_core.environment:checking '/home/vincent-pc/ros2_jazzy/install/actions_py/bin'
[10.439s] Level 1:colcon.colcon_core.environment:checking '/home/vincent-pc/ros2_jazzy/install/actions_py/lib/pkgconfig/actions_py.pc'
[10.439s] Level 1:colcon.colcon_core.environment:checking '/home/vincent-pc/ros2_jazzy/install/actions_py/lib/python3.12/site-packages'
[10.439s] Level 1:colcon.colcon_core.shell:create_environment_hook('actions_py', 'pythonpath')
[10.440s] INFO:colcon.colcon_core.shell:Creating environment hook '/home/vincent-pc/ros2_jazzy/install/actions_py/share/actions_py/hook/pythonpath.ps1'
[10.441s] INFO:colcon.colcon_core.shell:Creating environment descriptor '/home/vincent-pc/ros2_jazzy/install/actions_py/share/actions_py/hook/pythonpath.dsv'
[10.441s] INFO:colcon.colcon_core.shell:Creating environment hook '/home/vincent-pc/ros2_jazzy/install/actions_py/share/actions_py/hook/pythonpath.sh'
[10.442s] Level 1:colcon.colcon_core.environment:checking '/home/vincent-pc/ros2_jazzy/install/actions_py/bin'
[10.443s] Level 1:colcon.colcon_core.environment:create_environment_scripts_only(actions_py)
[10.443s] INFO:colcon.colcon_core.shell:Creating package script '/home/vincent-pc/ros2_jazzy/install/actions_py/share/actions_py/package.ps1'
[10.444s] INFO:colcon.colcon_core.shell:Creating package descriptor '/home/vincent-pc/ros2_jazzy/install/actions_py/share/actions_py/package.dsv'
[10.445s] INFO:colcon.colcon_core.shell:Creating package script '/home/vincent-pc/ros2_jazzy/install/actions_py/share/actions_py/package.sh'
[10.445s] INFO:colcon.colcon_core.shell:Creating package script '/home/vincent-pc/ros2_jazzy/install/actions_py/share/actions_py/package.bash'
[10.446s] INFO:colcon.colcon_core.shell:Creating package script '/home/vincent-pc/ros2_jazzy/install/actions_py/share/actions_py/package.zsh'
[10.446s] Level 1:colcon.colcon_core.environment:create_file_with_runtime_dependencies(/home/vincent-pc/ros2_jazzy/install/actions_py/share/colcon-core/packages/actions_py)
[10.927s] Level 1:colcon.colcon_core.environment:checking '/home/vincent-pc/ros2_jazzy/install/executors_py' for CMake module files
[10.928s] DEBUG:colcon.colcon_core.event_handler.log_command:Invoked command in '/home/vincent-pc/ros2_jazzy/src/executors_py' returned '0': CMAKE_PREFIX_PATH=/home/vincent-pc/ros2_jazzy/install/my_robot_interfaces:/home/vincent-pc/ros2_jazzy/install/robot_cpp:/home/vincent-pc/ros2_jazzy/install/my_robot_cpp:/home/vincent-pc/ros2_jazzy/install/my_robot_bringup:/home/vincent-pc/ros2_jazzy/install/lifecycle_cpp:/home/vincent-pc/ros2_jazzy/install/executors_cpp:/home/vincent-pc/ros2_jazzy/install/components_cpp:/home/vincent-pc/ros2_jazzy/install/actions_cpp:/home/vincent-pc/ros2_jazzy/install/my_robot_description:/opt/ros/jazzy/opt/gz_sim_vendor:/opt/ros/jazzy/opt/gz_sensors_vendor:/opt/ros/jazzy/opt/gz_physics_vendor:/opt/ros/jazzy/opt/sdformat_vendor:/opt/ros/jazzy/opt/gz_gui_vendor:/opt/ros/jazzy/opt/gz_transport_vendor:/opt/ros/jazzy/opt/gz_rendering_vendor:/opt/ros/jazzy/opt/gz_plugin_vendor:/opt/ros/jazzy/opt/gz_fuel_tools_vendor:/opt/ros/jazzy/opt/gz_msgs_vendor:/opt/ros/jazzy/opt/gz_common_vendor:/opt/ros/jazzy/opt/gz_math_vendor:/opt/ros/jazzy/opt/gz_utils_vendor:/opt/ros/jazzy/opt/gz_tools_vendor:/opt/ros/jazzy/opt/gz_ogre_next_vendor:/opt/ros/jazzy/opt/gz_dartsim_vendor:/opt/ros/jazzy/opt/gz_cmake_vendor DEBUGINFOD_URLS=https://debuginfod.ubuntu.com PYTHONPATH=/home/vincent-pc/ros2_jazzy/build/executors_py/prefix_override:/usr/lib/python3/dist-packages/colcon_core/task/python/colcon_distutils_commands:/home/vincent-pc/ros2_jazzy/install/executors_py/lib/python3.12/site-packages:/home/vincent-pc/ros2_jazzy/install/my_robot_interfaces/lib/python3.12/site-packages:/home/vincent-pc/ros2_jazzy/install/robot_py/lib/python3.12/site-packages:/home/vincent-pc/ros2_jazzy/install/my_robot_python/lib/python3.12/site-packages:/home/vincent-pc/ros2_jazzy/install/lifecycle_py/lib/python3.12/site-packages:/home/vincent-pc/ros2_jazzy/install/executors_py/lib/python3.12/site-packages:/home/vincent-pc/ros2_jazzy/install/components_py/lib/python3.12/site-packages:/home/vincent-pc/ros2_jazzy/install/actions_py/lib/python3.12/site-packages:/opt/ros/jazzy/lib/python3.12/site-packages /usr/bin/python3 -W ignore:setup.py install is deprecated -W ignore:easy_install command is deprecated setup.py egg_info --egg-base ../../build/executors_py build --build-base /home/vincent-pc/ros2_jazzy/build/executors_py/build install --record /home/vincent-pc/ros2_jazzy/build/executors_py/install.log --single-version-externally-managed install_data
[10.929s] Level 1:colcon.colcon_core.environment:checking '/home/vincent-pc/ros2_jazzy/install/executors_py' for CMake config files
[10.930s] Level 1:colcon.colcon_core.environment:checking '/home/vincent-pc/ros2_jazzy/install/executors_py/lib'
[10.930s] Level 1:colcon.colcon_core.environment:checking '/home/vincent-pc/ros2_jazzy/install/executors_py/bin'
[10.930s] Level 1:colcon.colcon_core.environment:checking '/home/vincent-pc/ros2_jazzy/install/executors_py/lib/pkgconfig/executors_py.pc'
[10.930s] Level 1:colcon.colcon_core.environment:checking '/home/vincent-pc/ros2_jazzy/install/executors_py/lib/python3.12/site-packages'
[10.930s] Level 1:colcon.colcon_core.shell:create_environment_hook('executors_py', 'pythonpath')
[10.931s] INFO:colcon.colcon_core.shell:Creating environment hook '/home/vincent-pc/ros2_jazzy/install/executors_py/share/executors_py/hook/pythonpath.ps1'
[10.931s] INFO:colcon.colcon_core.shell:Creating environment descriptor '/home/vincent-pc/ros2_jazzy/install/executors_py/share/executors_py/hook/pythonpath.dsv'
[10.932s] INFO:colcon.colcon_core.shell:Creating environment hook '/home/vincent-pc/ros2_jazzy/install/executors_py/share/executors_py/hook/pythonpath.sh'
[10.932s] Level 1:colcon.colcon_core.environment:checking '/home/vincent-pc/ros2_jazzy/install/executors_py/bin'
[10.933s] Level 1:colcon.colcon_core.environment:create_environment_scripts_only(executors_py)
[10.933s] INFO:colcon.colcon_core.shell:Creating package script '/home/vincent-pc/ros2_jazzy/install/executors_py/share/executors_py/package.ps1'
[10.934s] INFO:colcon.colcon_core.shell:Creating package descriptor '/home/vincent-pc/ros2_jazzy/install/executors_py/share/executors_py/package.dsv'
[10.934s] INFO:colcon.colcon_core.shell:Creating package script '/home/vincent-pc/ros2_jazzy/install/executors_py/share/executors_py/package.sh'
[10.935s] INFO:colcon.colcon_core.shell:Creating package script '/home/vincent-pc/ros2_jazzy/install/executors_py/share/executors_py/package.bash'
[10.935s] INFO:colcon.colcon_core.shell:Creating package script '/home/vincent-pc/ros2_jazzy/install/executors_py/share/executors_py/package.zsh'
[10.935s] Level 1:colcon.colcon_core.environment:create_file_with_runtime_dependencies(/home/vincent-pc/ros2_jazzy/install/executors_py/share/colcon-core/packages/executors_py)
[10.936s] DEBUG:colcon.colcon_parallel_executor.executor.parallel:closing loop
[10.936s] DEBUG:colcon.colcon_parallel_executor.executor.parallel:loop closed
[10.936s] DEBUG:colcon.colcon_parallel_executor.executor.parallel:run_until_complete finished with '0'
[10.937s] DEBUG:colcon.colcon_core.event_reactor:joining thread
[10.948s] INFO:colcon.colcon_core.plugin_system:Skipping extension 'colcon_notification.desktop_notification.terminal_notifier': Not used on non-Darwin systems
[10.948s] INFO:colcon.colcon_core.plugin_system:Skipping extension 'colcon_notification.desktop_notification.win32': Not used on non-Windows systems
[10.948s] INFO:colcon.colcon_notification.desktop_notification:Sending desktop notification using 'notify2'
[10.970s] DEBUG:colcon.colcon_core.event_reactor:joined thread
[10.971s] INFO:colcon.colcon_core.shell:Creating prefix script '/home/vincent-pc/ros2_jazzy/install/local_setup.ps1'
[10.973s] INFO:colcon.colcon_core.shell:Creating prefix util module '/home/vincent-pc/ros2_jazzy/install/_local_setup_util_ps1.py'
[10.975s] INFO:colcon.colcon_core.shell:Creating prefix chain script '/home/vincent-pc/ros2_jazzy/install/setup.ps1'
[10.977s] INFO:colcon.colcon_core.shell:Creating prefix script '/home/vincent-pc/ros2_jazzy/install/local_setup.sh'
[10.978s] INFO:colcon.colcon_core.shell:Creating prefix util module '/home/vincent-pc/ros2_jazzy/install/_local_setup_util_sh.py'
[10.979s] INFO:colcon.colcon_core.shell:Creating prefix chain script '/home/vincent-pc/ros2_jazzy/install/setup.sh'
[10.981s] INFO:colcon.colcon_core.shell:Creating prefix script '/home/vincent-pc/ros2_jazzy/install/local_setup.bash'
[10.982s] INFO:colcon.colcon_core.shell:Creating prefix chain script '/home/vincent-pc/ros2_jazzy/install/setup.bash'
[10.985s] INFO:colcon.colcon_core.shell:Creating prefix script '/home/vincent-pc/ros2_jazzy/install/local_setup.zsh'
[10.986s] INFO:colcon.colcon_core.shell:Creating prefix chain script '/home/vincent-pc/ros2_jazzy/install/setup.zsh'
